image_id,filename,content_sha256,pixel_sha256,annotator,source_dataset,source_image_path,source_annotation_path,source_image,source_annotation,original_annotation_sha256,staged_annotation,annotation_sha256,split,parent_image_group,width,height,class_tree_count,class_treegroup_count,total_instances,number_of_objects
02cc0bee93ca805ecde786e9c50a1073d0212ae3022205163480a4e7aa73b11b,02cc0bee93ca805ecde786e9c50a1073d0212ae3022205163480a4e7aa73b11b.jpg,02cc0bee93ca805ecde786e9c50a1073d0212ae3022205163480a4e7aa73b11b,2faeda20b74983a60360106691963b1b249ee52989d67580068e481932aa8171,oliver,oliver/19_4_Plocha_1_part1,D:\temp\Dropbox\projects\NAZV2026\Anotacie\hotove_anotacie\oliver\19_4_Plocha_1_part1\DJI_0061_W_29.JPG,D:\temp\Dropbox\projects\NAZV2026\Anotacie\hotove_anotacie\oliver\19_4_Plocha_1_part1\DJI_0061_W_29.json,D:\temp\Dropbox\projects\NAZV2026\Anotacie\hotove_anotacie\oliver\19_4_Plocha_1_part1\DJI_0061_W_29.JPG,D:\temp\Dropbox\projects\NAZV2026\Anotacie\hotove_anotacie\oliver\19_4_Plocha_1_part1\DJI_0061_W_29.json,c1d5157a564883faff635140b3cd617e689c8f7f0ceae389506f7b7815dcdfc1,D:\TreeDetector\data_staging\benchmark_v5\approved_generations\0ad51183d8d6120b_47dc9d42466b1922\annotations\02cc0bee93ca805e.json,f79f5bd94c9036377eb0d63e7e06f0d207f15c85b3fd9f91e996baff8a07f9b0,train,dji_0061_w,1024,1024,23,0,23,23
0361dbb1fac005d8b6fe3df0e44ea2c28a042db9187a2e78ebefe788612691b4,0361dbb1fac005d8b6fe3df0e44ea2c28a042db9187a2e78ebefe788612691b4.jpg,0361dbb1fac005d8b6fe3df0e44ea2c28a042db9187a2e78ebefe788612691b4,aaa6295f1325904721f65c5c156cc5c5fefb51912b5db95602984c13813131f1,oliver,oliver/19_4_2026_plocha1_titles_1024_part1_Oliver_Surovy_NTB,D:\temp\Dropbox\projects\NAZV2026\Anotacie\hotove_anotacie\oliver\19_4_2026_plocha1_titles_1024_part1_Oliver_Surovy_NTB\DJI_0065_W_9.JPG,D:\temp\Dropbox\projects\NAZV2026\Anotacie\hotove_anotacie\oliver\19_4_2026_plocha1_titles_1024_part1_Oliver_Surovy_NTB\DJI_0065_W_9.json,D:\temp\Dropbox\projects\NAZV2026\Anotacie\hotove_anotacie\oliver\19_4_2026_plocha1_titles_1024_part1_Oliver_Surovy_NTB\DJI_0065_W_9.JPG,D:\temp\Dropbox\projects\NAZV2026\Anotacie\hotove_anotacie\oliver\19_4_2026_plocha1_titles_1024_part1_Oliver_Surovy_NTB\DJI_0065_W_9.json,0138adb02f57da9613ccd630e11c14de30b161ca1d16bc20b43f1dbe73a69507,D:\TreeDetector\data_staging\benchmark_v5\approved_generations\0ad51183d8d6120b_47dc9d42466b1922\annotations\0361dbb1fac005d8.json,a4906690648a51069d04c0c9a6333076d19d9b7a58ff78c08e1221a9ec0cf3ee,train,dji_0065_w,1024,1024,13,2,15,15
0373c93f009cb348bfab940d86bf1d6cf0882e29eba9428da0ba53bce72f40cb,0373c93f009cb348bfab940d86bf1d6cf0882e29eba9428da0ba53bce72f40cb.jpg,0373c93f009cb348bfab940d86bf1d6cf0882e29eba9428da0ba53bce72f40cb,295c6f620bf4be791f9d87b1e822dde77ce2a3accb3fdf3e0e598588ff163d92,Jakub,Jakub/19_4hotove,D:\temp\Dropbox\projects\NAZV2026\Anotacie\hotove_anotacie\Jakub\19_4hotove\DJI_0805_W_37.JPG,D:\temp\Dropbox\projects\NAZV2026\Anotacie\hotove_anotacie\Jakub\19_4hotove\DJI_0805_W_37.json,D:\temp\Dropbox\projects\NAZV2026\Anotacie\hotove_anotacie\Jakub\19_4hotove\DJI_0805_W_37.JPG,D:\temp\Dropbox\projects\NAZV2026\Anotacie\hotove_anotacie\Jakub\19_4hotove\DJI_0805_W_37.json,853f9da9d81df796da4ffd454c1efd252ab3a8a69c8d35a93e09946620ef2613,D:\TreeDetector\data_staging\benchmark_v5\approved_generations\0ad51183d8d6120b_47dc9d42466b1922\annotations\0373c93f009cb348.json,fad3b763ec10a4e6cf1a1e02841972caa72c29256ef237bdacbe230ae05dac7f,val,dji_0805_w,1024,1024,6,1,7,7
04ef239862ecb89c3f34806b9d2e9c0939adf4e7d852f8a2059388c8d09e5c54,04ef239862ecb89c3f34806b9d2e9c0939adf4e7d852f8a2059388c8d09e5c54.jpg,04ef239862ecb89c3f34806b9d2e9c0939adf4e7d852f8a2059388c8d09e5c54,4e7ec38fc8518ae51ef8ae2f993747f8a7490f08622e624343e130338ebef5c6,Jakub,Jakub/19_4hotove,D:\temp\Dropbox\projects\NAZV2026\Anotacie\hotove_anotacie\Jakub\19_4hotove\DJI_0807_W_38.JPG,D:\temp\Dropbox\projects\NAZV2026\Anotacie\hotove_anotacie\Jakub\19_4hotove\DJI_0807_W_38.json,D:\temp\Dropbox\projects\NAZV2026\Anotacie\hotove_anotacie\Jakub\19_4hotove\DJI_0807_W_38.JPG,D:\temp\Dropbox\projects\NAZV2026\Anotacie\hotove_anotacie\Jakub\19_4hotove\DJI_0807_W_38.json,0c240ff2658e6e22d83b85baf425a3f9465947d4c6bbf3d562706d0185f25538,D:\TreeDetector\data_staging\benchmark_v5\approved_generations\0ad51183d8d6120b_47dc9d42466b1922\annotations\04ef239862ecb89c.json,d46955aa17d3d7ac4afcc96b930050f568dc48c4677d69da0d26b89669c8a391,train,dji_0807_w,1024,1024,8,1,9,9
07c193f4aee9b3274c6a97c0f5fc74382862829ab6816126b2278721744e3c36,07c193f4aee9b3274c6a97c0f5fc74382862829ab6816126b2278721744e3c36.jpg,07c193f4aee9b3274c6a97c0f5fc74382862829ab6816126b2278721744e3c36,384bc4f7d966e99940a874725ac545ebf259b7af3908c9924eb22a94a535acf9,oliver,oliver/19_4_2026_plocha1_titles_1024_part1_Oliver_Surovy_PC,D:\temp\Dropbox\projects\NAZV2026\Anotacie\hotove_anotacie\oliver\19_4_2026_plocha1_titles_1024_part1_Oliver_Surovy_PC\DJI_0063_W_6.JPG,D:\temp\Dropbox\projects\NAZV2026\Anotacie\hotove_anotacie\oliver\19_4_2026_plocha1_titles_1024_part1_Oliver_Surovy_PC\DJI_0063_W_6.json,D:\temp\Dropbox\projects\NAZV2026\Anotacie\hotove_anotacie\oliver\19_4_2026_plocha1_titles_1024_part1_Oliver_Surovy_PC\DJI_0063_W_6.JPG,D:\temp\Dropbox\projects\NAZV2026\Anotacie\hotove_anotacie\oliver\19_4_2026_plocha1_titles_1024_part1_Oliver_Surovy_PC\DJI_0063_W_6.json,89f5006e18df18d0192c74079dfcf76bae173604fe9a2b121aff8f019c5e8c39,D:\TreeDetector\data_staging\benchmark_v5\approved_generations\0ad51183d8d6120b_47dc9d42466b1922\annotations\07c193f4aee9b327.json,acde38c4e14df5dab1559798fa0c1a65ffbad7a67c9c9d8fbece2568662a4b06,train,dji_0063_w,1024,1024,9,0,9,9
0923756c783d06e90e9f542ca8e1bd9ce6e66f142dd269cbbdc1aca9abd58a64,0923756c783d06e90e9f542ca8e1bd9ce6e66f142dd269cbbdc1aca9abd58a64.jpg,0923756c783d06e90e9f542ca8e1bd9ce6e66f142dd269cbbdc1aca9abd58a64,81995de24136101ab03b96d88bd6e7896cead9af8cba768f741f7a6768856f90,oliver,oliver/19_4_2026_plocha1_titles_1024_part1_Oliver_Surovy_NTB,D:\temp\Dropbox\projects\NAZV2026\Anotacie\hotove_anotacie\oliver\19_4_2026_plocha1_titles_1024_part1_Oliver_Surovy_NTB\DJI_0065_W_16.JPG,D:\temp\Dropbox\projects\NAZV2026\Anotacie\hotove_anotacie\oliver\19_4_2026_plocha1_titles_1024_part1_Oliver_Surovy_NTB\DJI_0065_W_16.json,D:\temp\Dropbox\projects\NAZV2026\Anotacie\hotove_anotacie\oliver\19_4_2026_plocha1_titles_1024_part1_Oliver_Surovy_NTB\DJI_0065_W_16.JPG,D:\temp\Dropbox\projects\NAZV2026\Anotacie\hotove_anotacie\oliver\19_4_2026_plocha1_titles_1024_part1_Oliver_Surovy_NTB\DJI_0065_W_16.json,9a155850e48f394a935740813eb8acb84cb0e206811abcee06d0dc9088940fa3,D:\TreeDetector\data_staging\benchmark_v5\approved_generations\0ad51183d8d6120b_47dc9d42466b1922\annotations\0923756c783d06e9.json,6a95c2494dfa0893d78b22b50a5d7b705a133f2892b97543efcd1ff2d20f8679,train,dji_0065_w,1024,1024,17,1,18,18
0b95f915966088b27adf87fd48c31cd24842abcda0bc31f87cbbeebeb92b69be,0b95f915966088b27adf87fd48c31cd24842abcda0bc31f87cbbeebeb92b69be.jpg,0b95f915966088b27adf87fd48c31cd24842abcda0bc31f87cbbeebeb92b69be,b7f8d0b877222eb6fe523ffa84b29ac610aede6511e82037f48afa7318acb6fd,oliver,oliver/19_4_2026_plocha1_titles_1024_part1_Oliver_Surovy_PC,D:\temp\Dropbox\projects\NAZV2026\Anotacie\hotove_anotacie\oliver\19_4_2026_plocha1_titles_1024_part1_Oliver_Surovy_PC\DJI_0063_W_21.JPG,D:\temp\Dropbox\projects\NAZV2026\Anotacie\hotove_anotacie\oliver\19_4_2026_plocha1_titles_1024_part1_Oliver_Surovy_PC\DJI_0063_W_21.json,D:\temp\Dropbox\projects\NAZV2026\Anotacie\hotove_anotacie\oliver\19_4_2026_plocha1_titles_1024_part1_Oliver_Surovy_PC\DJI_0063_W_21.JPG,D:\temp\Dropbox\projects\NAZV2026\Anotacie\hotove_anotacie\oliver\19_4_2026_plocha1_titles_1024_part1_Oliver_Surovy_PC\DJI_0063_W_21.json,904e4460c8d33b8e361532ea8a7d89f69bbb0189d9f0e7cb56280efbfb0b5850,D:\TreeDetector\data_staging\benchmark_v5\approved_generations\0ad51183d8d6120b_47dc9d42466b1922\annotations\0b95f915966088b2.json,ed267d59d6e41709c1a393e3d7f60be2106da23f5e94ae691a36979929a8f7e5,train,dji_0063_w,1024,1024,24,2,26,26
0bcfcfc2e251ee49bc3b358a4172e1ecd9ba042107483dfbda0ce83000eacc35,0bcfcfc2e251ee49bc3b358a4172e1ecd9ba042107483dfbda0ce83000eacc35.jpg,0bcfcfc2e251ee49bc3b358a4172e1ecd9ba042107483dfbda0ce83000eacc35,8c2314ce083894976b0aae8b293450acac7de2c5c6f812ffa429ea3dc7412125,Matej,Matej/19_4_2026_plocha1_part2_opravene,D:\temp\Dropbox\projects\NAZV2026\Anotacie\hotove_anotacie\Matej\19_4_2026_plocha1_part2_opravene\DJI_0263_W_1.jpg,D:\temp\Dropbox\projects\NAZV2026\Anotacie\hotove_anotacie\Matej\19_4_2026_plocha1_part2_opravene\DJI_0263_W_1.json,D:\temp\Dropbox\projects\NAZV2026\Anotacie\hotove_anotacie\Matej\19_4_2026_plocha1_part2_opravene\DJI_0263_W_1.jpg,D:\temp\Dropbox\projects\NAZV2026\Anotacie\hotove_anotacie\Matej\19_4_2026_plocha1_part2_opravene\DJI_0263_W_1.json,a9d91c2a372087436940446e9966b0c5d66232766c45289a463a55940b9fb13a,D:\TreeDetector\data_staging\benchmark_v5\approved_generations\0ad51183d8d6120b_47dc9d42466b1922\annotations\0bcfcfc2e251ee49.json,1c0be20e89b949fd0d2160cae608a9c7298ff9c1419a44f93a07be88fac37f11,train,dji_0263_w,1024,1024,4,0,4,4
0c0165c21d9c525ef01bb18929f424791aac048541998b3ad3f25f292ab23fe7,0c0165c21d9c525ef01bb18929f424791aac048541998b3ad3f25f292ab23fe7.jpg,0c0165c21d9c525ef01bb18929f424791aac048541998b3ad3f25f292ab23fe7,3a0447436b3435edf5d0ac6a0488e5bf87d191529a7f33ec78fce2c15cbc0060,oliver,oliver/19_4_Plocha_1_part1,D:\temp\Dropbox\projects\NAZV2026\Anotacie\hotove_anotacie\oliver\19_4_Plocha_1_part1\DJI_0061_W_27.JPG,D:\temp\Dropbox\projects\NAZV2026\Anotacie\hotove_anotacie\oliver\19_4_Plocha_1_part1\DJI_0061_W_27.json,D:\temp\Dropbox\projects\NAZV2026\Anotacie\hotove_anotacie\oliver\19_4_Plocha_1_part1\DJI_0061_W_27.JPG,D:\temp\Dropbox\projects\NAZV2026\Anotacie\hotove_anotacie\oliver\19_4_Plocha_1_part1\DJI_0061_W_27.json,07fe4db21dfe7040a9103b4ffe44ef05fe67c4145ee7596b15c1f342c58833dd,D:\TreeDetector\data_staging\benchmark_v5\approved_generations\0ad51183d8d6120b_47dc9d42466b1922\annotations\0c0165c21d9c525e.json,73647bc61d83c91b8145060474f2407d080360c10fb0287bcfaf20ce8409fe6b,train,dji_0061_w,1024,1024,40,0,40,40
0c5be87760db1a97a1cdf6662ca00d60f937707d0b1fd32ba28859eec20f99e8,0c5be87760db1a97a1cdf6662ca00d60f937707d0b1fd32ba28859eec20f99e8.jpg,0c5be87760db1a97a1cdf6662ca00d60f937707d0b1fd32ba28859eec20f99e8,d5c157ef1052302959c95ed3bf6c6dba825e08cea17fd2f86510e3b26bdfeae3,oliver,oliver/19_4_Plocha_1_part1,D:\temp\Dropbox\projects\NAZV2026\Anotacie\hotove_anotacie\oliver\19_4_Plocha_1_part1\DJI_0061_W_0.JPG,D:\temp\Dropbox\projects\NAZV2026\Anotacie\hotove_anotacie\oliver\19_4_Plocha_1_part1\DJI_0061_W_0.json,D:\temp\Dropbox\projects\NAZV2026\Anotacie\hotove_anotacie\oliver\19_4_Plocha_1_part1\DJI_0061_W_0.JPG,D:\temp\Dropbox\projects\NAZV2026\Anotacie\hotove_anotacie\oliver\19_4_Plocha_1_part1\DJI_0061_W_0.json,d4a7d8a761feba30d1cb9614a7b2415ff2c96cb007de218e5141c6a715e8ba0c,D:\TreeDetector\data_staging\benchmark_v5\approved_generations\0ad51183d8d6120b_47dc9d42466b1922\annotations\0c5be87760db1a97.json,ddb6ce8a45417d560e9bf5daba9765e9662d1f0f916b3a17c6c89b267450a773,train,dji_0061_w,1024,1024,21,0,21,21
0c62a362b382f6b48bb12566cb696ccbabf9c9025a67fd87cbba29265adeb54c,0c62a362b382f6b48bb12566cb696ccbabf9c9025a67fd87cbba29265adeb54c.jpg,0c62a362b382f6b48bb12566cb696ccbabf9c9025a67fd87cbba29265adeb54c,19d334af58ef362bcfda90da82c267701de95f0b0dcc1db973fc1260b17b1a3d,oliver,oliver/19_4_2026_plocha1_titles_1024_part1_Oliver_Surovy_PC,D:\temp\Dropbox\projects\NAZV2026\Anotacie\hotove_anotacie\oliver\19_4_2026_plocha1_titles_1024_part1_Oliver_Surovy_PC\DJI_0063_W_17.JPG,D:\temp\Dropbox\projects\NAZV2026\Anotacie\hotove_anotacie\oliver\19_4_2026_plocha1_titles_1024_part1_Oliver_Surovy_PC\DJI_0063_W_17.json,D:\temp\Dropbox\projects\NAZV2026\Anotacie\hotove_anotacie\oliver\19_4_2026_plocha1_titles_1024_part1_Oliver_Surovy_PC\DJI_0063_W_17.JPG,D:\temp\Dropbox\projects\NAZV2026\Anotacie\hotove_anotacie\oliver\19_4_2026_plocha1_titles_1024_part1_Oliver_Surovy_PC\DJI_0063_W_17.json,8f5a0e3b017ce70d5fb2f1f1646faefb69695d3a09a7c4019145bd42ab4e639d,D:\TreeDetector\data_staging\benchmark_v5\approved_generations\0ad51183d8d6120b_47dc9d42466b1922\annotations\0c62a362b382f6b4.json,b27bc83c0206f64b954669f19d9a6387b529ebcb3272972b00d15875d008b44c,train,dji_0063_w,1024,1024,6,5,11,11
0eae6b63edbe84acc71fe1780b4fbb36faf15033e2c8b6d6f7500cce57b25f3f,0eae6b63edbe84acc71fe1780b4fbb36faf15033e2c8b6d6f7500cce57b25f3f.jpg,0eae6b63edbe84acc71fe1780b4fbb36faf15033e2c8b6d6f7500cce57b25f3f,284310aa102e03c79fe7f06325ffd231d292089a94b6659cd1e5af4f5b4b345f,oliver,oliver/19_4_Plocha_1_part1,D:\temp\Dropbox\projects\NAZV2026\Anotacie\hotove_anotacie\oliver\19_4_Plocha_1_part1\DJI_0061_W_3.JPG,D:\temp\Dropbox\projects\NAZV2026\Anotacie\hotove_anotacie\oliver\19_4_Plocha_1_part1\DJI_0061_W_3.json,D:\temp\Dropbox\projects\NAZV2026\Anotacie\hotove_anotacie\oliver\19_4_Plocha_1_part1\DJI_0061_W_3.JPG,D:\temp\Dropbox\projects\NAZV2026\Anotacie\hotove_anotacie\oliver\19_4_Plocha_1_part1\DJI_0061_W_3.json,69d6996ebb9a90c47cf9f21d267b6c86645c4d196e27ff5e494b5fd1a8a47471,D:\TreeDetector\data_staging\benchmark_v5\approved_generations\0ad51183d8d6120b_47dc9d42466b1922\annotations\0eae6b63edbe84ac.json,e13bd46f0e202623f36039af806c299f863a431f67f70a0b2e2d3eb9601c5a0e,train,dji_0061_w,1024,1024,3,0,3,3
0ed17b4db3091495c831b096bc29b32bd53808cce55693a6972bf713a7ae10fa,0ed17b4db3091495c831b096bc29b32bd53808cce55693a6972bf713a7ae10fa.jpg,0ed17b4db3091495c831b096bc29b32bd53808cce55693a6972bf713a7ae10fa,bc13f0ccb12e137c22d246f36011a368a9a30f0f88ffeed3a5399d7178a1ae98,oliver,oliver/19_4_2026_plocha1_titles_1024_part1_Oliver_Surovy_NTB,D:\temp\Dropbox\projects\NAZV2026\Anotacie\hotove_anotacie\oliver\19_4_2026_plocha1_titles_1024_part1_Oliver_Surovy_NTB\DJI_0067_W_14.JPG,D:\temp\Dropbox\projects\NAZV2026\Anotacie\hotove_anotacie\oliver\19_4_2026_plocha1_titles_1024_part1_Oliver_Surovy_NTB\DJI_0067_W_14.json,D:\temp\Dropbox\projects\NAZV2026\Anotacie\hotove_anotacie\oliver\19_4_2026_plocha1_titles_1024_part1_Oliver_Surovy_NTB\DJI_0067_W_14.JPG,D:\temp\Dropbox\projects\NAZV2026\Anotacie\hotove_anotacie\oliver\19_4_2026_plocha1_titles_1024_part1_Oliver_Surovy_NTB\DJI_0067_W_14.json,6b00f50c8dbff8d4ecbe42d405926a9f1e67c4380d9b74ad3d57fac2e9701196,D:\TreeDetector\data_staging\benchmark_v5\approved_generations\0ad51183d8d6120b_47dc9d42466b1922\annotations\0ed17b4db3091495.json,8684e02e013c20bae59862bd6451857cb6d2b206a50ef88bcec16d4cd8c73273,test,dji_0067_w,1024,1024,23,0,23,23
10646c48e40e520a978d0e7a34f092a8b35b3d43ab021bc04eeb1cc04fb9ba56,10646c48e40e520a978d0e7a34f092a8b35b3d43ab021bc04eeb1cc04fb9ba56.jpg,10646c48e40e520a978d0e7a34f092a8b35b3d43ab021bc04eeb1cc04fb9ba56,f9e4b18fc6e6601790df6d26b02eda04b0930288afa19735c757937ee3f649ec,Jakub,Jakub/19_4hotove,D:\temp\Dropbox\projects\NAZV2026\Anotacie\hotove_anotacie\Jakub\19_4hotove\DJI_0801_W_8.JPG,D:\temp\Dropbox\projects\NAZV2026\Anotacie\hotove_anotacie\Jakub\19_4hotove\DJI_0801_W_8.json,D:\temp\Dropbox\projects\NAZV2026\Anotacie\hotove_anotacie\Jakub\19_4hotove\DJI_0801_W_8.JPG,D:\temp\Dropbox\projects\NAZV2026\Anotacie\hotove_anotacie\Jakub\19_4hotove\DJI_0801_W_8.json,a9a397abbad07637a37c9ae41cf5e9db6797d8d6d62425872ddf3bad16ebfedc,D:\TreeDetector\data_staging\benchmark_v5\approved_generations\0ad51183d8d6120b_47dc9d42466b1922\annotations\10646c48e40e520a.json,d38d7fcf993d5f13605b9b0829e888af7e9c5f3c9bc319bba4fd10d67b9c45d7,test,dji_0801_w,1024,1024,16,10,26,26
10aa5fd1f11bdfdd963c746bff8d6d1738530530e2ceb78b4a113ef4b966e643,10aa5fd1f11bdfdd963c746bff8d6d1738530530e2ceb78b4a113ef4b966e643.jpg,10aa5fd1f11bdfdd963c746bff8d6d1738530530e2ceb78b4a113ef4b966e643,9603e8f0996f7ce901a3ca9f832112dbfd02c0b921730deeeafd8358734d6e45,Jakub,Jakub/1.2.2026_hotovo (1)/1.2.2026_hotovo,D:\temp\Dropbox\projects\NAZV2026\Anotacie\hotove_anotacie\Jakub\1.2.2026_hotovo (1)\1.2.2026_hotovo\DJI_0049_W_17.JPG,D:\temp\Dropbox\projects\NAZV2026\Anotacie\hotove_anotacie\Jakub\1.2.2026_hotovo (1)\1.2.2026_hotovo\DJI_0049_W_17.json,D:\temp\Dropbox\projects\NAZV2026\Anotacie\hotove_anotacie\Jakub\1.2.2026_hotovo (1)\1.2.2026_hotovo\DJI_0049_W_17.JPG,D:\temp\Dropbox\projects\NAZV2026\Anotacie\hotove_anotacie\Jakub\1.2.2026_hotovo (1)\1.2.2026_hotovo\DJI_0049_W_17.json,72f1995ca6b970ab3ad779bfafca740c78973d2b13d2d7409ae6c2319bcbc618,D:\TreeDetector\data_staging\benchmark_v5\approved_generations\0ad51183d8d6120b_47dc9d42466b1922\annotations\10aa5fd1f11bdfdd.json,42ca88e94684acd08cbd415778816b931f032e6c1d89a88386673e025e55d3db,train,dji_0049_w,1024,1024,7,0,7,7
10c74d0e25626dd4a4774f357df22c4273caa1b938dc7cc70bdb1fa589e7159e,10c74d0e25626dd4a4774f357df22c4273caa1b938dc7cc70bdb1fa589e7159e.jpg,10c74d0e25626dd4a4774f357df22c4273caa1b938dc7cc70bdb1fa589e7159e,19006cbc50e0b23b222456b452658bd0602a285a09fc42c1c52391963360c296,Matej,Matej/19_4_2026_plocha1_part2_opravene,D:\temp\Dropbox\projects\NAZV2026\Anotacie\hotove_anotacie\Matej\19_4_2026_plocha1_part2_opravene\DJI_0261_W_5.jpg,D:\temp\Dropbox\projects\NAZV2026\Anotacie\hotove_anotacie\Matej\19_4_2026_plocha1_part2_opravene\DJI_0261_W_5.json,D:\temp\Dropbox\projects\NAZV2026\Anotacie\hotove_anotacie\Matej\19_4_2026_plocha1_part2_opravene\DJI_0261_W_5.jpg,D:\temp\Dropbox\projects\NAZV2026\Anotacie\hotove_anotacie\Matej\19_4_2026_plocha1_part2_opravene\DJI_0261_W_5.json,f5002ed7669a936cf07b9a2aeeeeec06617334f8accb8841735e3f02085c319e,D:\TreeDetector\data_staging\benchmark_v5\approved_generations\0ad51183d8d6120b_47dc9d42466b1922\annotations\10c74d0e25626dd4.json,5d5a426efa0c8823c6dfd6c6a8efb5829a4161d206b52abcbcbea80e79563e19,train,dji_0261_w,1024,1024,10,0,10,10
110539a7899ee88ade8d5399bf1bf4109889cb31e7e9a3394a7d4e069ae19064,110539a7899ee88ade8d5399bf1bf4109889cb31e7e9a3394a7d4e069ae19064.jpg,110539a7899ee88ade8d5399bf1bf4109889cb31e7e9a3394a7d4e069ae19064,d33e5835debd6feb6547b123f841b1fc20eab0b4ed2cee7ff23e2fc96f3fbdb4,oliver,oliver/19_4_Plocha_1_part1,D:\temp\Dropbox\projects\NAZV2026\Anotacie\hotove_anotacie\oliver\19_4_Plocha_1_part1\DJI_0061_W_17.JPG,D:\temp\Dropbox\projects\NAZV2026\Anotacie\hotove_anotacie\oliver\19_4_Plocha_1_part1\DJI_0061_W_17.json,D:\temp\Dropbox\projects\NAZV2026\Anotacie\hotove_anotacie\oliver\19_4_Plocha_1_part1\DJI_0061_W_17.JPG,D:\temp\Dropbox\projects\NAZV2026\Anotacie\hotove_anotacie\oliver\19_4_Plocha_1_part1\DJI_0061_W_17.json,40f9f0bffa60489d79ae935c3f5f110d624238aea97e63e6d8cf8c970169ea94,D:\TreeDetector\data_staging\benchmark_v5\approved_generations\0ad51183d8d6120b_47dc9d42466b1922\annotations\110539a7899ee88a.json,2a7a5c8bce50976cbc0dbe5357c95f973d352f787308486603d676d3fe4caccd,train,dji_0061_w,1024,1024,38,0,38,38
11de080c685e1da250de0d821459f24ad510019b457fb388210b6712ec5addf3,11de080c685e1da250de0d821459f24ad510019b457fb388210b6712ec5addf3.jpg,11de080c685e1da250de0d821459f24ad510019b457fb388210b6712ec5addf3,079dc72083a2206846cfe5efb5c2e363f930f5a479b9ac36a07dc331645f0f34,Matej,Matej/19_4_2026_plocha1_part2_opravene,D:\temp\Dropbox\projects\NAZV2026\Anotacie\hotove_anotacie\Matej\19_4_2026_plocha1_part2_opravene\DJI_0259_W_22.jpg,D:\temp\Dropbox\projects\NAZV2026\Anotacie\hotove_anotacie\Matej\19_4_2026_plocha1_part2_opravene\DJI_0259_W_22.json,D:\temp\Dropbox\projects\NAZV2026\Anotacie\hotove_anotacie\Matej\19_4_2026_plocha1_part2_opravene\DJI_0259_W_22.jpg,D:\temp\Dropbox\projects\NAZV2026\Anotacie\hotove_anotacie\Matej\19_4_2026_plocha1_part2_opravene\DJI_0259_W_22.json,540f598cf944ec14bc96473f0385157fcebe60caf0225a74085578a5bd48b98f,D:\TreeDetector\data_staging\benchmark_v5\approved_generations\0ad51183d8d6120b_47dc9d42466b1922\annotations\11de080c685e1da2.json,bd3ceb7561e3b0cdbad8021741bb6de7e51a41675004fe5c3c4ac02e605cec0f,val,dji_0259_w,1024,1024,6,0,6,6
125be0418d12d83a6cae8161949e02309a3c7f9886deebcbae281bd5aaab81f5,125be0418d12d83a6cae8161949e02309a3c7f9886deebcbae281bd5aaab81f5.jpg,125be0418d12d83a6cae8161949e02309a3c7f9886deebcbae281bd5aaab81f5,99c77c5e923386d76796a0bed52eb217529e05b68f6a8bc474d84ab165c9c72f,Jakub,Jakub/19_4hotove,D:\temp\Dropbox\projects\NAZV2026\Anotacie\hotove_anotacie\Jakub\19_4hotove\DJI_0801_W_10.JPG,D:\temp\Dropbox\projects\NAZV2026\Anotacie\hotove_anotacie\Jakub\19_4hotove\DJI_0801_W_10.json,D:\temp\Dropbox\projects\NAZV2026\Anotacie\hotove_anotacie\Jakub\19_4hotove\DJI_0801_W_10.JPG,D:\temp\Dropbox\projects\NAZV2026\Anotacie\hotove_anotacie\Jakub\19_4hotove\DJI_0801_W_10.json,bd3e826a48dc0f5993ac3a40aca5e8464aa5e82f649462ed9b49a1586dca4d58,D:\TreeDetector\data_staging\benchmark_v5\approved_generations\0ad51183d8d6120b_47dc9d42466b1922\annotations\125be0418d12d83a.json,f38f42b495f603f946a2420b358f9294ca7d24b5a9dfd7ca7f13724c9baadeb2,test,dji_0801_w,1024,1024,11,2,13,13
126851af256e8e47d204bc7483546faa089ce3e158ce6182c68a4dea392eb636,126851af256e8e47d204bc7483546faa089ce3e158ce6182c68a4dea392eb636.jpg,126851af256e8e47d204bc7483546faa089ce3e158ce6182c68a4dea392eb636,48851b9cfc81d8acff0a97c6ce5f292203d48922dd3f6ebefb7b762aad5292e8,Jakub,Jakub/19_4hotove,D:\temp\Dropbox\projects\NAZV2026\Anotacie\hotove_anotacie\Jakub\19_4hotove\DJI_0807_W_16.JPG,D:\temp\Dropbox\projects\NAZV2026\Anotacie\hotove_anotacie\Jakub\19_4hotove\DJI_0807_W_16.json,D:\temp\Dropbox\projects\NAZV2026\Anotacie\hotove_anotacie\Jakub\19_4hotove\DJI_0807_W_16.JPG,D:\temp\Dropbox\projects\NAZV2026\Anotacie\hotove_anotacie\Jakub\19_4hotove\DJI_0807_W_16.json,49ae184a27216ede6124dbbf46397a5153ee74c5579a40cef802f3bf75c74d67,D:\TreeDetector\data_staging\benchmark_v5\approved_generations\0ad51183d8d6120b_47dc9d42466b1922\annotations\126851af256e8e47.json,c4b3d9a93c8daa5d0079c3fafd134a7742ac1d254a59f7f5f7db731c196c0edc,train,dji_0807_w,1024,1024,5,1,6,6
135606116ccac41811ec2cd5b5a229fcdbfdb4a5b19c97e201ed07d1e0781f3c,135606116ccac41811ec2cd5b5a229fcdbfdb4a5b19c97e201ed07d1e0781f3c.jpg,135606116ccac41811ec2cd5b5a229fcdbfdb4a5b19c97e201ed07d1e0781f3c,ff5a62d3a874e2ee3ff6343a27a5f096b20f25993a58845aeca8ccefe479ad37,oliver,oliver/19_4_2026_plocha1_titles_1024_part1_Oliver_Surovy_NTB,D:\temp\Dropbox\projects\NAZV2026\Anotacie\hotove_anotacie\oliver\19_4_2026_plocha1_titles_1024_part1_Oliver_Surovy_NTB\DJI_0065_W_18.JPG,D:\temp\Dropbox\projects\NAZV2026\Anotacie\hotove_anotacie\oliver\19_4_2026_plocha1_titles_1024_part1_Oliver_Surovy_NTB\DJI_0065_W_18.json,D:\temp\Dropbox\projects\NAZV2026\Anotacie\hotove_anotacie\oliver\19_4_2026_plocha1_titles_1024_part1_Oliver_Surovy_NTB\DJI_0065_W_18.JPG,D:\temp\Dropbox\projects\NAZV2026\Anotacie\hotove_anotacie\oliver\19_4_2026_plocha1_titles_1024_part1_Oliver_Surovy_NTB\DJI_0065_W_18.json,b6b834838af7397992ace199da329b6b22bae65840ea7acdcd62e89d316cdac8,D:\TreeDetector\data_staging\benchmark_v5\approved_generations\0ad51183d8d6120b_47dc9d42466b1922\annotations\135606116ccac418.json,5e51c1d948d6349d56d4d97e608c2f842b2e061124afd8587f49020c84ea9c3e,train,dji_0065_w,1024,1024,20,2,22,22
14f601740d596515eb7bd763c795017508228003232636949fff02cd07448618,14f601740d596515eb7bd763c795017508228003232636949fff02cd07448618.jpg,14f601740d596515eb7bd763c795017508228003232636949fff02cd07448618,f4dd950e9297412ce66a59db1d48bed17048f50e3e577a95e2fa9c2e78c1f88c,Matej,Matej/19_4_2026_plocha1_part2_opravene,D:\temp\Dropbox\projects\NAZV2026\Anotacie\hotove_anotacie\Matej\19_4_2026_plocha1_part2_opravene\DJI_0261_W_38.jpg,D:\temp\Dropbox\projects\NAZV2026\Anotacie\hotove_anotacie\Matej\19_4_2026_plocha1_part2_opravene\DJI_0261_W_38.json,D:\temp\Dropbox\projects\NAZV2026\Anotacie\hotove_anotacie\Matej\19_4_2026_plocha1_part2_opravene\DJI_0261_W_38.jpg,D:\temp\Dropbox\projects\NAZV2026\Anotacie\hotove_anotacie\Matej\19_4_2026_plocha1_part2_opravene\DJI_0261_W_38.json,9e6bd11e759928cbf2afb820e6d18b7ef2c201ffb72c3d86e57a1de31f7ab89a,D:\TreeDetector\data_staging\benchmark_v5\approved_generations\0ad51183d8d6120b_47dc9d42466b1922\annotations\14f601740d596515.json,35f593c287e1f4434aab7f38d43130cf06accc3239354e87d1b298daae9f41ba,train,dji_0261_w,1024,1024,3,0,3,3
1549c07262646c082ddf16d03bbacbcfa1a4cd3b35c8505885a562065377ea5c,1549c07262646c082ddf16d03bbacbcfa1a4cd3b35c8505885a562065377ea5c.jpg,1549c07262646c082ddf16d03bbacbcfa1a4cd3b35c8505885a562065377ea5c,5b976038c98aa2e17d5504d73d5be884a230245ef2932cf44e8eb74e36509b64,oliver,oliver/19_4_2026_plocha1_titles_1024_part1_Oliver_Surovy_NTB,D:\temp\Dropbox\projects\NAZV2026\Anotacie\hotove_anotacie\oliver\19_4_2026_plocha1_titles_1024_part1_Oliver_Surovy_NTB\DJI_0063_W_27.JPG,D:\temp\Dropbox\projects\NAZV2026\Anotacie\hotove_anotacie\oliver\19_4_2026_plocha1_titles_1024_part1_Oliver_Surovy_NTB\DJI_0063_W_27.json,D:\temp\Dropbox\projects\NAZV2026\Anotacie\hotove_anotacie\oliver\19_4_2026_plocha1_titles_1024_part1_Oliver_Surovy_NTB\DJI_0063_W_27.JPG,D:\temp\Dropbox\projects\NAZV2026\Anotacie\hotove_anotacie\oliver\19_4_2026_plocha1_titles_1024_part1_Oliver_Surovy_NTB\DJI_0063_W_27.json,b2976b60b811ae2e2723e5aae9d2ca9202d27f50c2b7394dcf2b113c672420de,D:\TreeDetector\data_staging\benchmark_v5\approved_generations\0ad51183d8d6120b_47dc9d42466b1922\annotations\1549c07262646c08.json,5c0f2ba4b83eb6bd03f601284d77743b8e5c39c8dbde35eaa086bdbe290a3587,train,dji_0063_w,1024,1024,19,4,23,23
16ce5aab2bedbcc26bfe3201584bff3848185583d855ccfb1fc7aebd56752633,16ce5aab2bedbcc26bfe3201584bff3848185583d855ccfb1fc7aebd56752633.jpg,16ce5aab2bedbcc26bfe3201584bff3848185583d855ccfb1fc7aebd56752633,7e7da76d7fd078ab658c40f00992b3b9638cc999ead93d069743897a7744e064,oliver,oliver/19_4_2026_plocha1_titles_1024_part1_Oliver_Surovy_NTB,D:\temp\Dropbox\projects\NAZV2026\Anotacie\hotove_anotacie\oliver\19_4_2026_plocha1_titles_1024_part1_Oliver_Surovy_NTB\DJI_0063_W_35.JPG,D:\temp\Dropbox\projects\NAZV2026\Anotacie\hotove_anotacie\oliver\19_4_2026_plocha1_titles_1024_part1_Oliver_Surovy_NTB\DJI_0063_W_35.json,D:\temp\Dropbox\projects\NAZV2026\Anotacie\hotove_anotacie\oliver\19_4_2026_plocha1_titles_1024_part1_Oliver_Surovy_NTB\DJI_0063_W_35.JPG,D:\temp\Dropbox\projects\NAZV2026\Anotacie\hotove_anotacie\oliver\19_4_2026_plocha1_titles_1024_part1_Oliver_Surovy_NTB\DJI_0063_W_35.json,7bef3027270e18b35d6a4795b6d5c9a6c3cb985db9984db7da228ed5b3aa4bca,D:\TreeDetector\data_staging\benchmark_v5\approved_generations\0ad51183d8d6120b_47dc9d42466b1922\annotations\16ce5aab2bedbcc2.json,7892109a88dc73425d3c878f765b8a911e5d9d0444a51d557fa87ec8d5e50942,train,dji_0063_w,1024,1024,20,2,22,22
1719fcf702b03026afb763df6cef1b62225074d9a7c5923d46b39e81f3156a4e,1719fcf702b03026afb763df6cef1b62225074d9a7c5923d46b39e81f3156a4e.jpg,1719fcf702b03026afb763df6cef1b62225074d9a7c5923d46b39e81f3156a4e,42cfd7bc1ee2833075b837c210937b513951bf1173e444555ac1128698d690ba,oliver,oliver/19_4_2026_plocha1_titles_1024_part1_Oliver_Surovy_NTB,D:\temp\Dropbox\projects\NAZV2026\Anotacie\hotove_anotacie\oliver\19_4_2026_plocha1_titles_1024_part1_Oliver_Surovy_NTB\DJI_0067_W_18.JPG,D:\temp\Dropbox\projects\NAZV2026\Anotacie\hotove_anotacie\oliver\19_4_2026_plocha1_titles_1024_part1_Oliver_Surovy_NTB\DJI_0067_W_18.json,D:\temp\Dropbox\projects\NAZV2026\Anotacie\hotove_anotacie\oliver\19_4_2026_plocha1_titles_1024_part1_Oliver_Surovy_NTB\DJI_0067_W_18.JPG,D:\temp\Dropbox\projects\NAZV2026\Anotacie\hotove_anotacie\oliver\19_4_2026_plocha1_titles_1024_part1_Oliver_Surovy_NTB\DJI_0067_W_18.json,0d5319b4a7303a7516962486c0732db6b147f3fc4ddff3279ca40687ce86d9a9,D:\TreeDetector\data_staging\benchmark_v5\approved_generations\0ad51183d8d6120b_47dc9d42466b1922\annotations\1719fcf702b03026.json,b44a0d2449fb3ca9b914597578e1fd283ce3cfdb6e40f33322393204933e2ebb,test,dji_0067_w,1024,1024,7,5,12,12
18c524f93e9e250955e2e217e2547a7d75bc7c5ce47c8e14086f741b2431cd95,18c524f93e9e250955e2e217e2547a7d75bc7c5ce47c8e14086f741b2431cd95.jpg,18c524f93e9e250955e2e217e2547a7d75bc7c5ce47c8e14086f741b2431cd95,b39c41d25617e126c325ac39771fcf13d27c0f94482f8f1d769a34205ae1cfcf,Matej,Matej/19_4_2026_plocha1_part2_opravene,D:\temp\Dropbox\projects\NAZV2026\Anotacie\hotove_anotacie\Matej\19_4_2026_plocha1_part2_opravene\DJI_0259_W_4.jpg,D:\temp\Dropbox\projects\NAZV2026\Anotacie\hotove_anotacie\Matej\19_4_2026_plocha1_part2_opravene\DJI_0259_W_4.json,D:\temp\Dropbox\projects\NAZV2026\Anotacie\hotove_anotacie\Matej\19_4_2026_plocha1_part2_opravene\DJI_0259_W_4.jpg,D:\temp\Dropbox\projects\NAZV2026\Anotacie\hotove_anotacie\Matej\19_4_2026_plocha1_part2_opravene\DJI_0259_W_4.json,5b400cc93841397ca5f69bcd18e2d584d3352fa6d8f2bf91075dc5d901fa3d2d,D:\TreeDetector\data_staging\benchmark_v5\approved_generations\0ad51183d8d6120b_47dc9d42466b1922\annotations\18c524f93e9e2509.json,2ded8177c947aef87c03b367102240d1d6dc20ad4cc1e4e42a7a593498c8aca4,val,dji_0259_w,1024,1024,8,0,8,8
1998f56815d9fb75f6a87d629b157d326b08db519bd2e438cf0d5fbb61b669e7,1998f56815d9fb75f6a87d629b157d326b08db519bd2e438cf0d5fbb61b669e7.jpg,1998f56815d9fb75f6a87d629b157d326b08db519bd2e438cf0d5fbb61b669e7,d1d04838313f527525f35dd4c848e28db0d71ab7394e7947be15d6bf6c430010,Jakub,Jakub/1.2.2026_hotovo (1)/1.2.2026_hotovo,D:\temp\Dropbox\projects\NAZV2026\Anotacie\hotove_anotacie\Jakub\1.2.2026_hotovo (1)\1.2.2026_hotovo\DJI_0049_W_26.JPG,D:\temp\Dropbox\projects\NAZV2026\Anotacie\hotove_anotacie\Jakub\1.2.2026_hotovo (1)\1.2.2026_hotovo\DJI_0049_W_26.json,D:\temp\Dropbox\projects\NAZV2026\Anotacie\hotove_anotacie\Jakub\1.2.2026_hotovo (1)\1.2.2026_hotovo\DJI_0049_W_26.JPG,D:\temp\Dropbox\projects\NAZV2026\Anotacie\hotove_anotacie\Jakub\1.2.2026_hotovo (1)\1.2.2026_hotovo\DJI_0049_W_26.json,ee09a5d02f82aa0eff82572184e8311d760f3d21841ebb0569467de420f69140,D:\TreeDetector\data_staging\benchmark_v5\approved_generations\0ad51183d8d6120b_47dc9d42466b1922\annotations\1998f56815d9fb75.json,0d54a3d5f16efb46db2648ada2e4c9c3bbb97058c9d514ef2e46acb7c93091f2,train,dji_0049_w,1024,1024,14,0,14,14
1aabfa2e5836893085b84dc0d737c984d9eb9f3276a4d21b9e3e895b7a141c1c,1aabfa2e5836893085b84dc0d737c984d9eb9f3276a4d21b9e3e895b7a141c1c.jpg,1aabfa2e5836893085b84dc0d737c984d9eb9f3276a4d21b9e3e895b7a141c1c,a20abf5a64935df9001f383659dec5105f125099e2b166fa433b9c2d1ebfa0b8,Jakub,Jakub/1.2.2026_hotovo (1)/1.2.2026_hotovo,D:\temp\Dropbox\projects\NAZV2026\Anotacie\hotove_anotacie\Jakub\1.2.2026_hotovo (1)\1.2.2026_hotovo\DJI_0049_W_9.JPG,D:\temp\Dropbox\projects\NAZV2026\Anotacie\hotove_anotacie\Jakub\1.2.2026_hotovo (1)\1.2.2026_hotovo\DJI_0049_W_9.json,D:\temp\Dropbox\projects\NAZV2026\Anotacie\hotove_anotacie\Jakub\1.2.2026_hotovo (1)\1.2.2026_hotovo\DJI_0049_W_9.JPG,D:\temp\Dropbox\projects\NAZV2026\Anotacie\hotove_anotacie\Jakub\1.2.2026_hotovo (1)\1.2.2026_hotovo\DJI_0049_W_9.json,2f6aa47036c741e52b5fdc3261806bb103f9a60b331e16da01b7dce174beeec2,D:\TreeDetector\data_staging\benchmark_v5\approved_generations\0ad51183d8d6120b_47dc9d42466b1922\annotations\1aabfa2e58368930.json,097c9e8abb657b32a453b8a9d6ef7631245a11b6c7bc92190450dffb26695dbb,train,dji_0049_w,1024,1024,2,0,2,2
1bd10b860dd78a46b9fd3a1230c0822022377f2872b84e223a8b49eb31f1b5c6,1bd10b860dd78a46b9fd3a1230c0822022377f2872b84e223a8b49eb31f1b5c6.jpg,1bd10b860dd78a46b9fd3a1230c0822022377f2872b84e223a8b49eb31f1b5c6,1fbf18b3f9ab4d431248d9a3f76f23965836bb38cd305d9d5954852a2c5ce1f9,Matej,Matej/19_4_2026_plocha1_part2_opravene,D:\temp\Dropbox\projects\NAZV2026\Anotacie\hotove_anotacie\Matej\19_4_2026_plocha1_part2_opravene\DJI_0261_W_14.jpg,D:\temp\Dropbox\projects\NAZV2026\Anotacie\hotove_anotacie\Matej\19_4_2026_plocha1_part2_opravene\DJI_0261_W_14.json,D:\temp\Dropbox\projects\NAZV2026\Anotacie\hotove_anotacie\Matej\19_4_2026_plocha1_part2_opravene\DJI_0261_W_14.jpg,D:\temp\Dropbox\projects\NAZV2026\Anotacie\hotove_anotacie\Matej\19_4_2026_plocha1_part2_opravene\DJI_0261_W_14.json,18795cce23e409e33d23732dec4e8e99ecae9e8fdb8b4717da38fb6060a7d290,D:\TreeDetector\data_staging\benchmark_v5\approved_generations\0ad51183d8d6120b_47dc9d42466b1922\annotations\1bd10b860dd78a46.json,d56c172790e25f2006888c326278b0503059a6bbb295e4b770ea72404b0320a1,train,dji_0261_w,1024,1024,1,1,2,2
1c130e7739745193e208d3de7f9a120a4a8c12e3016be194bd98421ff7a8541b,1c130e7739745193e208d3de7f9a120a4a8c12e3016be194bd98421ff7a8541b.jpg,1c130e7739745193e208d3de7f9a120a4a8c12e3016be194bd98421ff7a8541b,c12b79bde2a095209f684496fe8a08a932cc7e7167890655291edff00c550c42,Matej,Matej/19_4_2026_plocha1_part2_opravene,D:\temp\Dropbox\projects\NAZV2026\Anotacie\hotove_anotacie\Matej\19_4_2026_plocha1_part2_opravene\DJI_0261_W_29.jpg,D:\temp\Dropbox\projects\NAZV2026\Anotacie\hotove_anotacie\Matej\19_4_2026_plocha1_part2_opravene\DJI_0261_W_29.json,D:\temp\Dropbox\projects\NAZV2026\Anotacie\hotove_anotacie\Matej\19_4_2026_plocha1_part2_opravene\DJI_0261_W_29.jpg,D:\temp\Dropbox\projects\NAZV2026\Anotacie\hotove_anotacie\Matej\19_4_2026_plocha1_part2_opravene\DJI_0261_W_29.json,290adfcf248a3024552640d9af813d2a4d050515d275368a535cdd69cd607c4d,D:\TreeDetector\data_staging\benchmark_v5\approved_generations\0ad51183d8d6120b_47dc9d42466b1922\annotations\1c130e7739745193.json,f9d289b2c5e1add682662f2c77aa7e0946db8ed7d5befb22bbe8a11c2bcedf93,train,dji_0261_w,1024,1024,5,1,6,6
1ce21c79a9abb86f8f86bb2659e1d2294a2661a097a5ada6e1f7a92297447728,1ce21c79a9abb86f8f86bb2659e1d2294a2661a097a5ada6e1f7a92297447728.jpg,1ce21c79a9abb86f8f86bb2659e1d2294a2661a097a5ada6e1f7a92297447728,1ce4c229e91a54d42027eecb021b34c09916547f73c0420567e091603d06d941,oliver,oliver/19_4_2026_plocha1_titles_1024_part1_Oliver_Surovy_NTB,D:\temp\Dropbox\projects\NAZV2026\Anotacie\hotove_anotacie\oliver\19_4_2026_plocha1_titles_1024_part1_Oliver_Surovy_NTB\DJI_0065_W_37.JPG,D:\temp\Dropbox\projects\NAZV2026\Anotacie\hotove_anotacie\oliver\19_4_2026_plocha1_titles_1024_part1_Oliver_Surovy_NTB\DJI_0065_W_37.json,D:\temp\Dropbox\projects\NAZV2026\Anotacie\hotove_anotacie\oliver\19_4_2026_plocha1_titles_1024_part1_Oliver_Surovy_NTB\DJI_0065_W_37.JPG,D:\temp\Dropbox\projects\NAZV2026\Anotacie\hotove_anotacie\oliver\19_4_2026_plocha1_titles_1024_part1_Oliver_Surovy_NTB\DJI_0065_W_37.json,ed08d346c5abed2349fa1fed59e7ea1fbbecf46bf332fd602e0397e3be9646a5,D:\TreeDetector\data_staging\benchmark_v5\approved_generations\0ad51183d8d6120b_47dc9d42466b1922\annotations\1ce21c79a9abb86f.json,8dc171a4ae5dcf348150fa3c89a9db6b5b561e220a61b3c86082626a7c0b2965,train,dji_0065_w,1024,1024,13,0,13,13
1e51711ac8b30884f93b9085a25f86e047aa9477d0534bb224fb98de924184b8,1e51711ac8b30884f93b9085a25f86e047aa9477d0534bb224fb98de924184b8.jpg,1e51711ac8b30884f93b9085a25f86e047aa9477d0534bb224fb98de924184b8,108782c0d0c41acc498887ae34fe0ad2239e1c93c9a3070a9d80f449ea1b4b01,oliver,oliver/19_4_2026_plocha1_titles_1024_part1_Oliver_Surovy_NTB,D:\temp\Dropbox\projects\NAZV2026\Anotacie\hotove_anotacie\oliver\19_4_2026_plocha1_titles_1024_part1_Oliver_Surovy_NTB\DJI_0063_W_25.JPG,D:\temp\Dropbox\projects\NAZV2026\Anotacie\hotove_anotacie\oliver\19_4_2026_plocha1_titles_1024_part1_Oliver_Surovy_NTB\DJI_0063_W_25.json,D:\temp\Dropbox\projects\NAZV2026\Anotacie\hotove_anotacie\oliver\19_4_2026_plocha1_titles_1024_part1_Oliver_Surovy_NTB\DJI_0063_W_25.JPG,D:\temp\Dropbox\projects\NAZV2026\Anotacie\hotove_anotacie\oliver\19_4_2026_plocha1_titles_1024_part1_Oliver_Surovy_NTB\DJI_0063_W_25.json,19ab09be270376e5444fe1c1de5f01fb88701ef2e284772c5df423c1d5575d71,D:\TreeDetector\data_staging\benchmark_v5\approved_generations\0ad51183d8d6120b_47dc9d42466b1922\annotations\1e51711ac8b30884.json,2e9a6cb9c4c516660bd00acfe485e0be579f41e77604f3cb7c3a59d9b47f5555,train,dji_0063_w,1024,1024,9,3,12,12
21343cc8526ad8c9d4bae0b31613ab7e7923e556a1d3a0c08eb9b08c5eca5da6,21343cc8526ad8c9d4bae0b31613ab7e7923e556a1d3a0c08eb9b08c5eca5da6.jpg,21343cc8526ad8c9d4bae0b31613ab7e7923e556a1d3a0c08eb9b08c5eca5da6,7fa5d4287a53e6d9b7dccf09b5b5a26bcd2222c2e4ea13f2274a846e92fdf569,oliver,oliver/19_4_2026_plocha1_titles_1024_part1_Oliver_Surovy_PC,D:\temp\Dropbox\projects\NAZV2026\Anotacie\hotove_anotacie\oliver\19_4_2026_plocha1_titles_1024_part1_Oliver_Surovy_PC\DJI_0063_W_10.JPG,D:\temp\Dropbox\projects\NAZV2026\Anotacie\hotove_anotacie\oliver\19_4_2026_plocha1_titles_1024_part1_Oliver_Surovy_PC\DJI_0063_W_10.json,D:\temp\Dropbox\projects\NAZV2026\Anotacie\hotove_anotacie\oliver\19_4_2026_plocha1_titles_1024_part1_Oliver_Surovy_PC\DJI_0063_W_10.JPG,D:\temp\Dropbox\projects\NAZV2026\Anotacie\hotove_anotacie\oliver\19_4_2026_plocha1_titles_1024_part1_Oliver_Surovy_PC\DJI_0063_W_10.json,156db889b80e39424b5eaff7c21c20cbddfe3be27c6e268360f7310fcabcd35a,D:\TreeDetector\data_staging\benchmark_v5\approved_generations\0ad51183d8d6120b_47dc9d42466b1922\annotations\21343cc8526ad8c9.json,69908e42670327ec1ff0ebff2859d3a2f70b4a6e5e077aef5923469b2c2d44a0,train,dji_0063_w,1024,1024,6,7,13,13
229fad05c1b03377d25f409119f9cd08c08dbee8f9258de5e354f3de6ecccab2,229fad05c1b03377d25f409119f9cd08c08dbee8f9258de5e354f3de6ecccab2.jpg,229fad05c1b03377d25f409119f9cd08c08dbee8f9258de5e354f3de6ecccab2,de5357da6f915b5954761030b630a0e802f59769dcaaa8da0f76ea43135cfd52,Jakub,Jakub/19_4hotove,D:\temp\Dropbox\projects\NAZV2026\Anotacie\hotove_anotacie\Jakub\19_4hotove\DJI_0807_W_36.JPG,D:\temp\Dropbox\projects\NAZV2026\Anotacie\hotove_anotacie\Jakub\19_4hotove\DJI_0807_W_36.json,D:\temp\Dropbox\projects\NAZV2026\Anotacie\hotove_anotacie\Jakub\19_4hotove\DJI_0807_W_36.JPG,D:\temp\Dropbox\projects\NAZV2026\Anotacie\hotove_anotacie\Jakub\19_4hotove\DJI_0807_W_36.json,7ed66df83ba94e0920850fa50b794d4c055917e4cc819ed8e59462d6ef12fafc,D:\TreeDetector\data_staging\benchmark_v5\approved_generations\0ad51183d8d6120b_47dc9d42466b1922\annotations\229fad05c1b03377.json,4f88f8be54abb2ce23fef5410fe725dedb78f31279d31da7c0d69830166b4622,train,dji_0807_w,1024,1024,1,0,1,1
2476a0f43bd6bf3f79d91ca876bb0dc0422358965d10dfeda29387905c300811,2476a0f43bd6bf3f79d91ca876bb0dc0422358965d10dfeda29387905c300811.jpg,2476a0f43bd6bf3f79d91ca876bb0dc0422358965d10dfeda29387905c300811,93a1162d90648ee15d3f92e725bd3e05f2bd69c5e8cb36005fa518fb8cfc7a0e,Matej,Matej/19_4_2026_plocha1_part2_opravene,D:\temp\Dropbox\projects\NAZV2026\Anotacie\hotove_anotacie\Matej\19_4_2026_plocha1_part2_opravene\DJI_0257_W_37.jpg,D:\temp\Dropbox\projects\NAZV2026\Anotacie\hotove_anotacie\Matej\19_4_2026_plocha1_part2_opravene\DJI_0257_W_37.json,D:\temp\Dropbox\projects\NAZV2026\Anotacie\hotove_anotacie\Matej\19_4_2026_plocha1_part2_opravene\DJI_0257_W_37.jpg,D:\temp\Dropbox\projects\NAZV2026\Anotacie\hotove_anotacie\Matej\19_4_2026_plocha1_part2_opravene\DJI_0257_W_37.json,27abc3838f131f849f4042b3e8bfad78ba638dc1a626fc5b64e25a354cd809ce,D:\TreeDetector\data_staging\benchmark_v5\approved_generations\0ad51183d8d6120b_47dc9d42466b1922\annotations\2476a0f43bd6bf3f.json,4d38e319ea2d26069a1b3b8067d298428378492000ea3f0d3427bf1a20e9508e,test,dji_0257_w,1024,1024,4,0,4,4
260eb8e4c8e155f52019c5aa06b051f33e84ca28624a39f988fbb661c0550cdf,260eb8e4c8e155f52019c5aa06b051f33e84ca28624a39f988fbb661c0550cdf.jpg,260eb8e4c8e155f52019c5aa06b051f33e84ca28624a39f988fbb661c0550cdf,6e0652c13178028e01f631964684912423e63882919b0fb0ce502185672f4bb5,Matej,Matej/19_4_2026_plocha1_part2_opravene,D:\temp\Dropbox\projects\NAZV2026\Anotacie\hotove_anotacie\Matej\19_4_2026_plocha1_part2_opravene\DJI_0259_W_21.jpg,D:\temp\Dropbox\projects\NAZV2026\Anotacie\hotove_anotacie\Matej\19_4_2026_plocha1_part2_opravene\DJI_0259_W_21.json,D:\temp\Dropbox\projects\NAZV2026\Anotacie\hotove_anotacie\Matej\19_4_2026_plocha1_part2_opravene\DJI_0259_W_21.jpg,D:\temp\Dropbox\projects\NAZV2026\Anotacie\hotove_anotacie\Matej\19_4_2026_plocha1_part2_opravene\DJI_0259_W_21.json,b1526805ab417aeab91884b8a4abf9e88711a9400f62d1cbf0267f0385f4b2c4,D:\TreeDetector\data_staging\benchmark_v5\approved_generations\0ad51183d8d6120b_47dc9d42466b1922\annotations\260eb8e4c8e155f5.json,52ae913825cc1f584d474925a78bd2e342ba8fea862561e19ea0b2409e01594b,val,dji_0259_w,1024,1024,15,0,15,15
289858a838397a65f77acf21281a43772645c84939a49c5f778e2246bd63ccdc,289858a838397a65f77acf21281a43772645c84939a49c5f778e2246bd63ccdc.jpg,289858a838397a65f77acf21281a43772645c84939a49c5f778e2246bd63ccdc,ef13d24252a816c89f0c3eae2ca9760bb44e9b2b730aa603f6a7f8f7443de2e4,Matej,Matej/19_4_2026_plocha1_part2_opravene,D:\temp\Dropbox\projects\NAZV2026\Anotacie\hotove_anotacie\Matej\19_4_2026_plocha1_part2_opravene\DJI_0259_W_24.jpg,D:\temp\Dropbox\projects\NAZV2026\Anotacie\hotove_anotacie\Matej\19_4_2026_plocha1_part2_opravene\DJI_0259_W_24.json,D:\temp\Dropbox\projects\NAZV2026\Anotacie\hotove_anotacie\Matej\19_4_2026_plocha1_part2_opravene\DJI_0259_W_24.jpg,D:\temp\Dropbox\projects\NAZV2026\Anotacie\hotove_anotacie\Matej\19_4_2026_plocha1_part2_opravene\DJI_0259_W_24.json,a1f46e36692fbe3e96b68e44176730e39e5edaa4e78932ee743787fc4424a444,D:\TreeDetector\data_staging\benchmark_v5\approved_generations\0ad51183d8d6120b_47dc9d42466b1922\annotations\289858a838397a65.json,88f3dcf2ad5979010bb760b26e26e0c8245ec317c58a82cee95d032716376c2f,val,dji_0259_w,1024,1024,1,0,1,1
2c502d47422446d35d9261e37b93c23647059fe0a1b2ddda6d4af751cc4425d1,2c502d47422446d35d9261e37b93c23647059fe0a1b2ddda6d4af751cc4425d1.jpg,2c502d47422446d35d9261e37b93c23647059fe0a1b2ddda6d4af751cc4425d1,bf6bb512e53a6779d8fc2fc880c61ddfd2308b73cc62a8fec55ad933cd1eb8a7,oliver,oliver/19_4_2026_plocha1_titles_1024_part1_Oliver_Surovy_NTB,D:\temp\Dropbox\projects\NAZV2026\Anotacie\hotove_anotacie\oliver\19_4_2026_plocha1_titles_1024_part1_Oliver_Surovy_NTB\DJI_0067_W_30.JPG,D:\temp\Dropbox\projects\NAZV2026\Anotacie\hotove_anotacie\oliver\19_4_2026_plocha1_titles_1024_part1_Oliver_Surovy_NTB\DJI_0067_W_30.json,D:\temp\Dropbox\projects\NAZV2026\Anotacie\hotove_anotacie\oliver\19_4_2026_plocha1_titles_1024_part1_Oliver_Surovy_NTB\DJI_0067_W_30.JPG,D:\temp\Dropbox\projects\NAZV2026\Anotacie\hotove_anotacie\oliver\19_4_2026_plocha1_titles_1024_part1_Oliver_Surovy_NTB\DJI_0067_W_30.json,83bce67dea0ffd1047dea0671867bcf5d96627062f7d14183bd6b2888c1f04f6,D:\TreeDetector\data_staging\benchmark_v5\approved_generations\0ad51183d8d6120b_47dc9d42466b1922\annotations\2c502d47422446d3.json,e36c7a7d8179d505e213ad23707b85472122a6fda6505693f96a385ed9687dce,test,dji_0067_w,1024,1024,17,1,18,18
2cc9cdb1b0d620278ce09438b9c2d179916a54ef3fda41b00748cff34415d187,2cc9cdb1b0d620278ce09438b9c2d179916a54ef3fda41b00748cff34415d187.jpg,2cc9cdb1b0d620278ce09438b9c2d179916a54ef3fda41b00748cff34415d187,3b8daff3a470af6aeae3de62b4bf3ae8c2830b33a33189a8bc70f0f3281f11d8,oliver,oliver/19_4_2026_plocha1_titles_1024_part1_Oliver_Surovy_PC,D:\temp\Dropbox\projects\NAZV2026\Anotacie\hotove_anotacie\oliver\19_4_2026_plocha1_titles_1024_part1_Oliver_Surovy_PC\DJI_0063_W_20.JPG,D:\temp\Dropbox\projects\NAZV2026\Anotacie\hotove_anotacie\oliver\19_4_2026_plocha1_titles_1024_part1_Oliver_Surovy_PC\DJI_0063_W_20.json,D:\temp\Dropbox\projects\NAZV2026\Anotacie\hotove_anotacie\oliver\19_4_2026_plocha1_titles_1024_part1_Oliver_Surovy_PC\DJI_0063_W_20.JPG,D:\temp\Dropbox\projects\NAZV2026\Anotacie\hotove_anotacie\oliver\19_4_2026_plocha1_titles_1024_part1_Oliver_Surovy_PC\DJI_0063_W_20.json,01dbb1a362af26ac1d4c3cfd74ffe3109375e8d2d45008083248589a8860dc6e,D:\TreeDetector\data_staging\benchmark_v5\approved_generations\0ad51183d8d6120b_47dc9d42466b1922\annotations\2cc9cdb1b0d62027.json,11adecf37dff6737eb8b816ccb04e5f184173b595d990fac1bdad49d64668e6e,train,dji_0063_w,1024,1024,15,4,19,19
2db7b7226c4b5c987b59babda7c74c24c1b8e63c9ec760b7c489dfd6eb2b1304,2db7b7226c4b5c987b59babda7c74c24c1b8e63c9ec760b7c489dfd6eb2b1304.jpg,2db7b7226c4b5c987b59babda7c74c24c1b8e63c9ec760b7c489dfd6eb2b1304,da2def347383738b284a802f6ffc9c83dbf0ec7ce2466d1e7f967f422eae2718,Matej,Matej/19_4_2026_plocha1_part2_opravene,D:\temp\Dropbox\projects\NAZV2026\Anotacie\hotove_anotacie\Matej\19_4_2026_plocha1_part2_opravene\DJI_0263_W_11.jpg,D:\temp\Dropbox\projects\NAZV2026\Anotacie\hotove_anotacie\Matej\19_4_2026_plocha1_part2_opravene\DJI_0263_W_11.json,D:\temp\Dropbox\projects\NAZV2026\Anotacie\hotove_anotacie\Matej\19_4_2026_plocha1_part2_opravene\DJI_0263_W_11.jpg,D:\temp\Dropbox\projects\NAZV2026\Anotacie\hotove_anotacie\Matej\19_4_2026_plocha1_part2_opravene\DJI_0263_W_11.json,171c9849a96cc7ab80f1cfc18871725c1fefda8498e3937a3fa2b32cafaae7b4,D:\TreeDetector\data_staging\benchmark_v5\approved_generations\0ad51183d8d6120b_47dc9d42466b1922\annotations\2db7b7226c4b5c98.json,adeda3d6b9360fa66a3d4f3b94d3e40197e8b45fe16ebee6dc9edae2ff5da0af,train,dji_0263_w,1024,1024,12,1,13,13
2ddbe6293eda337e16f678936c92e843788d68873e6e7b8bc4c7b1966236fdd9,2ddbe6293eda337e16f678936c92e843788d68873e6e7b8bc4c7b1966236fdd9.jpg,2ddbe6293eda337e16f678936c92e843788d68873e6e7b8bc4c7b1966236fdd9,c1ab359b404fd32e5eb7f1b4be447da1e97c8129a13f46e1199fd7dbd490d30d,Matej,Matej/19_4_2026_plocha1_part2_opravene,D:\temp\Dropbox\projects\NAZV2026\Anotacie\hotove_anotacie\Matej\19_4_2026_plocha1_part2_opravene\DJI_0257_W_27.jpg,D:\temp\Dropbox\projects\NAZV2026\Anotacie\hotove_anotacie\Matej\19_4_2026_plocha1_part2_opravene\DJI_0257_W_27.json,D:\temp\Dropbox\projects\NAZV2026\Anotacie\hotove_anotacie\Matej\19_4_2026_plocha1_part2_opravene\DJI_0257_W_27.jpg,D:\temp\Dropbox\projects\NAZV2026\Anotacie\hotove_anotacie\Matej\19_4_2026_plocha1_part2_opravene\DJI_0257_W_27.json,0d2b87b0d0db1ca4000f8c584b38c37ceaadb081655992da6394cdc848df56ea,D:\TreeDetector\data_staging\benchmark_v5\approved_generations\0ad51183d8d6120b_47dc9d42466b1922\annotations\2ddbe6293eda337e.json,b51d60f27f46d8e07b11c9c5898a0c6bb944ca4f48bd9883fcb29c652514d32e,test,dji_0257_w,1024,1024,8,0,8,8
2e53997410e7dd53d1727911730330c2e6f31a8265765a9f16ef51ea762b8d85,2e53997410e7dd53d1727911730330c2e6f31a8265765a9f16ef51ea762b8d85.jpg,2e53997410e7dd53d1727911730330c2e6f31a8265765a9f16ef51ea762b8d85,19716239f1cd1629cb780dcf41d92694365b9519fc2ad856db47077fca143c2d,Matej,Matej/19_4_2026_plocha1_part2_opravene,D:\temp\Dropbox\projects\NAZV2026\Anotacie\hotove_anotacie\Matej\19_4_2026_plocha1_part2_opravene\DJI_0263_W_12.jpg,D:\temp\Dropbox\projects\NAZV2026\Anotacie\hotove_anotacie\Matej\19_4_2026_plocha1_part2_opravene\DJI_0263_W_12.json,D:\temp\Dropbox\projects\NAZV2026\Anotacie\hotove_anotacie\Matej\19_4_2026_plocha1_part2_opravene\DJI_0263_W_12.jpg,D:\temp\Dropbox\projects\NAZV2026\Anotacie\hotove_anotacie\Matej\19_4_2026_plocha1_part2_opravene\DJI_0263_W_12.json,ea035291ec297072056cb5186982b502b2dc07d53e8847855ee8b42b6f097421,D:\TreeDetector\data_staging\benchmark_v5\approved_generations\0ad51183d8d6120b_47dc9d42466b1922\annotations\2e53997410e7dd53.json,7c024790baabf41befeff028558564ddbf4034c42150db2a9772eab89be6a8c3,train,dji_0263_w,1024,1024,10,0,10,10
30e7cc055f95a7d100f400ebb4a16792cd62f8ec879e3f4f1004c6aefef696cf,30e7cc055f95a7d100f400ebb4a16792cd62f8ec879e3f4f1004c6aefef696cf.jpg,30e7cc055f95a7d100f400ebb4a16792cd62f8ec879e3f4f1004c6aefef696cf,136fe31b78189d2d22aa203d470a2ecedbef82bdd35cafa5de1887abdac09a07,Jakub,Jakub/1.2.2026_hotovo (1)/1.2.2026_hotovo,D:\temp\Dropbox\projects\NAZV2026\Anotacie\hotove_anotacie\Jakub\1.2.2026_hotovo (1)\1.2.2026_hotovo\DJI_0049_W_28.JPG,D:\temp\Dropbox\projects\NAZV2026\Anotacie\hotove_anotacie\Jakub\1.2.2026_hotovo (1)\1.2.2026_hotovo\DJI_0049_W_28.json,D:\temp\Dropbox\projects\NAZV2026\Anotacie\hotove_anotacie\Jakub\1.2.2026_hotovo (1)\1.2.2026_hotovo\DJI_0049_W_28.JPG,D:\temp\Dropbox\projects\NAZV2026\Anotacie\hotove_anotacie\Jakub\1.2.2026_hotovo (1)\1.2.2026_hotovo\DJI_0049_W_28.json,2aea8859252254c05742afe963e27427be03733222b566bfdaf8b21bfbf85fe2,D:\TreeDetector\data_staging\benchmark_v5\approved_generations\0ad51183d8d6120b_47dc9d42466b1922\annotations\30e7cc055f95a7d1.json,e86129a9c6bc465800f4b00df313a245aebd0c148ffebaf2a6ac19bc89b072ef,train,dji_0049_w,1024,1024,31,15,46,46
3233f509e6f79b839df2021c192debfc4e6710402a4703649d178447ed55721e,3233f509e6f79b839df2021c192debfc4e6710402a4703649d178447ed55721e.jpg,3233f509e6f79b839df2021c192debfc4e6710402a4703649d178447ed55721e,564b87be8c00ec207cd197538f131237dac762d50009bc63e4c25561c1f3f6d9,oliver,oliver/19_4_2026_plocha1_titles_1024_part1_Oliver_Surovy_PC,D:\temp\Dropbox\projects\NAZV2026\Anotacie\hotove_anotacie\oliver\19_4_2026_plocha1_titles_1024_part1_Oliver_Surovy_PC\DJI_0063_W_19.JPG,D:\temp\Dropbox\projects\NAZV2026\Anotacie\hotove_anotacie\oliver\19_4_2026_plocha1_titles_1024_part1_Oliver_Surovy_PC\DJI_0063_W_19.json,D:\temp\Dropbox\projects\NAZV2026\Anotacie\hotove_anotacie\oliver\19_4_2026_plocha1_titles_1024_part1_Oliver_Surovy_PC\DJI_0063_W_19.JPG,D:\temp\Dropbox\projects\NAZV2026\Anotacie\hotove_anotacie\oliver\19_4_2026_plocha1_titles_1024_part1_Oliver_Surovy_PC\DJI_0063_W_19.json,c1dd278bdee90b7cc6e2de3cbd33927da62aaea0f86599fea490bf5a5360847c,D:\TreeDetector\data_staging\benchmark_v5\approved_generations\0ad51183d8d6120b_47dc9d42466b1922\annotations\3233f509e6f79b83.json,c6d42187e51c4df2ad847285b19ccca09324980c25b426262e4d132895f40afc,train,dji_0063_w,1024,1024,22,3,25,25
326ee37cd5545a10903d22740b0a4220394ba652d698e21755a3bd586caadaee,326ee37cd5545a10903d22740b0a4220394ba652d698e21755a3bd586caadaee.jpg,326ee37cd5545a10903d22740b0a4220394ba652d698e21755a3bd586caadaee,4709ba088a64116fea3e08c9cacb8b938e09e3828f5667407a81927b30ae6400,oliver,oliver/19_4_2026_plocha1_titles_1024_part1_Oliver_Surovy_NTB,D:\temp\Dropbox\projects\NAZV2026\Anotacie\hotove_anotacie\oliver\19_4_2026_plocha1_titles_1024_part1_Oliver_Surovy_NTB\DJI_0067_W_2.JPG,D:\temp\Dropbox\projects\NAZV2026\Anotacie\hotove_anotacie\oliver\19_4_2026_plocha1_titles_1024_part1_Oliver_Surovy_NTB\DJI_0067_W_2.json,D:\temp\Dropbox\projects\NAZV2026\Anotacie\hotove_anotacie\oliver\19_4_2026_plocha1_titles_1024_part1_Oliver_Surovy_NTB\DJI_0067_W_2.JPG,D:\temp\Dropbox\projects\NAZV2026\Anotacie\hotove_anotacie\oliver\19_4_2026_plocha1_titles_1024_part1_Oliver_Surovy_NTB\DJI_0067_W_2.json,08e2165a955c2e757d771263c260006e5f62b84544970db1a72853b966dce05f,D:\TreeDetector\data_staging\benchmark_v5\approved_generations\0ad51183d8d6120b_47dc9d42466b1922\annotations\326ee37cd5545a10.json,2862f6bd1a81436d7e7799518d7252d4174f5e6fa4c792b2ba0abd4b4a5b21f2,test,dji_0067_w,1024,1024,19,3,22,22
32a0df45835ac113c06e82afcaedeb8d37440465105fc441dc9cfa9e6a80a0b5,32a0df45835ac113c06e82afcaedeb8d37440465105fc441dc9cfa9e6a80a0b5.jpg,32a0df45835ac113c06e82afcaedeb8d37440465105fc441dc9cfa9e6a80a0b5,0d4eef8375e9afac6eee5f3d79534f7b83cd1b1a611e284a6b1150c102c6fbd9,Matej,Matej/19_4_2026_plocha1_part2_opravene,D:\temp\Dropbox\projects\NAZV2026\Anotacie\hotove_anotacie\Matej\19_4_2026_plocha1_part2_opravene\DJI_0259_W_1.jpg,D:\temp\Dropbox\projects\NAZV2026\Anotacie\hotove_anotacie\Matej\19_4_2026_plocha1_part2_opravene\DJI_0259_W_1.json,D:\temp\Dropbox\projects\NAZV2026\Anotacie\hotove_anotacie\Matej\19_4_2026_plocha1_part2_opravene\DJI_0259_W_1.jpg,D:\temp\Dropbox\projects\NAZV2026\Anotacie\hotove_anotacie\Matej\19_4_2026_plocha1_part2_opravene\DJI_0259_W_1.json,4448efb6c4bf416dfe82e2c5f5f941dfdc32cea5ae65a6468960454627244b5a,D:\TreeDetector\data_staging\benchmark_v5\approved_generations\0ad51183d8d6120b_47dc9d42466b1922\annotations\32a0df45835ac113.json,ae561f2aab497b05147ace91fa705ec32546f5bedc892907a33126edfbf1d6eb,val,dji_0259_w,1024,1024,2,0,2,2
33e87570b69a8c6df346e10f8caafa3cbef56fad849fb31d11cd2b27ae9d195d,33e87570b69a8c6df346e10f8caafa3cbef56fad849fb31d11cd2b27ae9d195d.jpg,33e87570b69a8c6df346e10f8caafa3cbef56fad849fb31d11cd2b27ae9d195d,4694b65029cdd7e330fa481f51432ecccd0a5a0bb8e5ac4fb214b538bd2b8eb4,Matej,Matej/19_4_2026_plocha1_part2_opravene,D:\temp\Dropbox\projects\NAZV2026\Anotacie\hotove_anotacie\Matej\19_4_2026_plocha1_part2_opravene\DJI_0259_W_37.jpg,D:\temp\Dropbox\projects\NAZV2026\Anotacie\hotove_anotacie\Matej\19_4_2026_plocha1_part2_opravene\DJI_0259_W_37.json,D:\temp\Dropbox\projects\NAZV2026\Anotacie\hotove_anotacie\Matej\19_4_2026_plocha1_part2_opravene\DJI_0259_W_37.jpg,D:\temp\Dropbox\projects\NAZV2026\Anotacie\hotove_anotacie\Matej\19_4_2026_plocha1_part2_opravene\DJI_0259_W_37.json,e11f75045f61b81b7a9b1c22074cf50ba736565df3b78d5f6580127ebeacd8c0,D:\TreeDetector\data_staging\benchmark_v5\approved_generations\0ad51183d8d6120b_47dc9d42466b1922\annotations\33e87570b69a8c6d.json,0356e052cf6ffd616ff3437dc07cdd813767b326a8fce8d089c75e46a2af0354,val,dji_0259_w,1024,1024,4,0,4,4
35a18a77da084f71f740012d8f5d2c346685a66d5f40e14c12755a5a6b9eeed9,35a18a77da084f71f740012d8f5d2c346685a66d5f40e14c12755a5a6b9eeed9.jpg,35a18a77da084f71f740012d8f5d2c346685a66d5f40e14c12755a5a6b9eeed9,3be94422adfcae07eca73e9eb51e1755be191732cc70582c00555382d3c58739,oliver,oliver/19_4_Plocha_1_part1,D:\temp\Dropbox\projects\NAZV2026\Anotacie\hotove_anotacie\oliver\19_4_Plocha_1_part1\DJI_0061_W_32.JPG,D:\temp\Dropbox\projects\NAZV2026\Anotacie\hotove_anotacie\oliver\19_4_Plocha_1_part1\DJI_0061_W_32.json,D:\temp\Dropbox\projects\NAZV2026\Anotacie\hotove_anotacie\oliver\19_4_Plocha_1_part1\DJI_0061_W_32.JPG,D:\temp\Dropbox\projects\NAZV2026\Anotacie\hotove_anotacie\oliver\19_4_Plocha_1_part1\DJI_0061_W_32.json,ecb24494895395f1fa68c014861e7f622a9bee2f08dc3e059a187c7082344331,D:\TreeDetector\data_staging\benchmark_v5\approved_generations\0ad51183d8d6120b_47dc9d42466b1922\annotations\35a18a77da084f71.json,514a13c9afe0cf6cf42adda3362291553214d351107e08b510b73da10fe8608e,train,dji_0061_w,1024,1024,30,0,30,30
35e5575596500c5efb1d800dd1129664273c4385609c9d13fd68324e8781f016,35e5575596500c5efb1d800dd1129664273c4385609c9d13fd68324e8781f016.jpg,35e5575596500c5efb1d800dd1129664273c4385609c9d13fd68324e8781f016,47c18030e26a16c095f615746b6ef4051a9f19339032c141898aeca885a1a8d8,Jakub,Jakub/1.2.2026_hotovo (1)/1.2.2026_hotovo,D:\temp\Dropbox\projects\NAZV2026\Anotacie\hotove_anotacie\Jakub\1.2.2026_hotovo (1)\1.2.2026_hotovo\DJI_0049_W_2.JPG,D:\temp\Dropbox\projects\NAZV2026\Anotacie\hotove_anotacie\Jakub\1.2.2026_hotovo (1)\1.2.2026_hotovo\DJI_0049_W_2.json,D:\temp\Dropbox\projects\NAZV2026\Anotacie\hotove_anotacie\Jakub\1.2.2026_hotovo (1)\1.2.2026_hotovo\DJI_0049_W_2.JPG,D:\temp\Dropbox\projects\NAZV2026\Anotacie\hotove_anotacie\Jakub\1.2.2026_hotovo (1)\1.2.2026_hotovo\DJI_0049_W_2.json,c4b7fd34050065a331ad2f6873f1aa88bc57710a1c657b067f954d8798b1cec2,D:\TreeDetector\data_staging\benchmark_v5\approved_generations\0ad51183d8d6120b_47dc9d42466b1922\annotations\35e5575596500c5e.json,eb0d1d4abbe62afab7ae84c00a2c2d7cff605dee0369f112b3dd0a4fb4e9df89,train,dji_0049_w,1024,1024,14,2,16,16
3606a6503fcbb200b1c9bbfb93a8209cc74275ee878ba23425c0ba7581359781,3606a6503fcbb200b1c9bbfb93a8209cc74275ee878ba23425c0ba7581359781.jpg,3606a6503fcbb200b1c9bbfb93a8209cc74275ee878ba23425c0ba7581359781,0d081cea3f469af57f6c4d840e0821ab7bfd60aea25675db6828f8ced70fc9b4,Matej,Matej/19_4_2026_plocha1_part2_opravene,D:\temp\Dropbox\projects\NAZV2026\Anotacie\hotove_anotacie\Matej\19_4_2026_plocha1_part2_opravene\DJI_0259_W_6.jpg,D:\temp\Dropbox\projects\NAZV2026\Anotacie\hotove_anotacie\Matej\19_4_2026_plocha1_part2_opravene\DJI_0259_W_6.json,D:\temp\Dropbox\projects\NAZV2026\Anotacie\hotove_anotacie\Matej\19_4_2026_plocha1_part2_opravene\DJI_0259_W_6.jpg,D:\temp\Dropbox\projects\NAZV2026\Anotacie\hotove_anotacie\Matej\19_4_2026_plocha1_part2_opravene\DJI_0259_W_6.json,8b532c1e7edefc9bd4fccf770ce17932be2bbb9e5ae1ff458a2d79ab4033964b,D:\TreeDetector\data_staging\benchmark_v5\approved_generations\0ad51183d8d6120b_47dc9d42466b1922\annotations\3606a6503fcbb200.json,e20c3396071b62cbd1bff8abd9d44cbb35f31eb60afe543e033de6252267af6d,val,dji_0259_w,1024,1024,3,0,3,3
367edde9365bc1623301863e6b55dc42fe21fb9c75613eb52b650bd4d7391484,367edde9365bc1623301863e6b55dc42fe21fb9c75613eb52b650bd4d7391484.jpg,367edde9365bc1623301863e6b55dc42fe21fb9c75613eb52b650bd4d7391484,834a8208d296d9aa330e824a9d4aa3cbe78245d5b681658403a3a4407fc186e3,oliver,oliver/hotove-stromceky,D:\temp\Dropbox\projects\NAZV2026\Anotacie\hotove_anotacie\oliver\hotove-stromceky\DJI_0061_W_9.JPG,D:\temp\Dropbox\projects\NAZV2026\Anotacie\hotove_anotacie\oliver\hotove-stromceky\DJI_0061_W_9.json,D:\temp\Dropbox\projects\NAZV2026\Anotacie\hotove_anotacie\oliver\hotove-stromceky\DJI_0061_W_9.JPG,D:\temp\Dropbox\projects\NAZV2026\Anotacie\hotove_anotacie\oliver\hotove-stromceky\DJI_0061_W_9.json,e0768dda3c849af85269111f3a36e777cf672d99787bfbac878bfeef820f33fa,D:\TreeDetector\data_staging\benchmark_v5\approved_generations\0ad51183d8d6120b_47dc9d42466b1922\annotations\367edde9365bc162.json,f77caed5d2f51c9ccc8bb064b0f1d212825c76b5a6cf63746481d1fe4057b93e,train,dji_0061_w,1024,1024,7,5,12,12
3721480fa1f399ac3c9c58c8ddfc660e8b3a1555deadd42464120f45de32a2de,3721480fa1f399ac3c9c58c8ddfc660e8b3a1555deadd42464120f45de32a2de.jpg,3721480fa1f399ac3c9c58c8ddfc660e8b3a1555deadd42464120f45de32a2de,ef51052e7066e4af1d17459e86d7102bd34e373dc9fef8bc42daafc6e149c6ff,Jakub,Jakub/19_4hotove,D:\temp\Dropbox\projects\NAZV2026\Anotacie\hotove_anotacie\Jakub\19_4hotove\DJI_0805_W_10.JPG,D:\temp\Dropbox\projects\NAZV2026\Anotacie\hotove_anotacie\Jakub\19_4hotove\DJI_0805_W_10.json,D:\temp\Dropbox\projects\NAZV2026\Anotacie\hotove_anotacie\Jakub\19_4hotove\DJI_0805_W_10.JPG,D:\temp\Dropbox\projects\NAZV2026\Anotacie\hotove_anotacie\Jakub\19_4hotove\DJI_0805_W_10.json,4820f0924e5dbc06891164564461fd6bbd71f0daa170b1a2aed373048228becb,D:\TreeDetector\data_staging\benchmark_v5\approved_generations\0ad51183d8d6120b_47dc9d42466b1922\annotations\3721480fa1f399ac.json,f7fc2007e8864646ca74f2939ffe020bf6ba96a44015bec55cc5c9c77f59ba3e,val,dji_0805_w,1024,1024,5,3,8,8
3727ee9f7953c4c25b8c4e1fdd6ddb3f7e038cca4420f912eeab417550192340,3727ee9f7953c4c25b8c4e1fdd6ddb3f7e038cca4420f912eeab417550192340.jpg,3727ee9f7953c4c25b8c4e1fdd6ddb3f7e038cca4420f912eeab417550192340,d9a9a98c9dd50549939a979a29f4251abde50ede444c0bcbd7e60d41e7fe3e54,Matej,Matej/19_4_2026_plocha1_part2_opravene,D:\temp\Dropbox\projects\NAZV2026\Anotacie\hotove_anotacie\Matej\19_4_2026_plocha1_part2_opravene\DJI_0257_W_6.jpg,D:\temp\Dropbox\projects\NAZV2026\Anotacie\hotove_anotacie\Matej\19_4_2026_plocha1_part2_opravene\DJI_0257_W_6.json,D:\temp\Dropbox\projects\NAZV2026\Anotacie\hotove_anotacie\Matej\19_4_2026_plocha1_part2_opravene\DJI_0257_W_6.jpg,D:\temp\Dropbox\projects\NAZV2026\Anotacie\hotove_anotacie\Matej\19_4_2026_plocha1_part2_opravene\DJI_0257_W_6.json,2784e4f2d6f67385065c7777c74f1dcb09851ca13b35f65b67b3ef09aeb9cdd8,D:\TreeDetector\data_staging\benchmark_v5\approved_generations\0ad51183d8d6120b_47dc9d42466b1922\annotations\3727ee9f7953c4c2.json,e6abb30a97aa2374c81adad936b7ce7e3611fd750a92da7539563aad7df4be69,test,dji_0257_w,1024,1024,2,0,2,2
3733c5002818994b9fd241593bbc9908c3eb18ce64eab3f3f29cd3fb1858d01d,3733c5002818994b9fd241593bbc9908c3eb18ce64eab3f3f29cd3fb1858d01d.jpg,3733c5002818994b9fd241593bbc9908c3eb18ce64eab3f3f29cd3fb1858d01d,45a8ebb212f1e721f449325f89fb14f0fffa50cdffb009b9404071f16ee134a1,Jakub,Jakub/1.2.2026_hotovo (1)/1.2.2026_hotovo,D:\temp\Dropbox\projects\NAZV2026\Anotacie\hotove_anotacie\Jakub\1.2.2026_hotovo (1)\1.2.2026_hotovo\DJI_0049_W_18.JPG,D:\temp\Dropbox\projects\NAZV2026\Anotacie\hotove_anotacie\Jakub\1.2.2026_hotovo (1)\1.2.2026_hotovo\DJI_0049_W_18.json,D:\temp\Dropbox\projects\NAZV2026\Anotacie\hotove_anotacie\Jakub\1.2.2026_hotovo (1)\1.2.2026_hotovo\DJI_0049_W_18.JPG,D:\temp\Dropbox\projects\NAZV2026\Anotacie\hotove_anotacie\Jakub\1.2.2026_hotovo (1)\1.2.2026_hotovo\DJI_0049_W_18.json,26bf3907153ff6d6e35075664732e595220403abdb3ad1660b5e5298fb49199f,D:\TreeDetector\data_staging\benchmark_v5\approved_generations\0ad51183d8d6120b_47dc9d42466b1922\annotations\3733c5002818994b.json,f512cd11a69afdfeef852f219d24a3d74cd5ee397fd027ed1c45f26ea98d2678,train,dji_0049_w,1024,1024,4,0,4,4
3758a2c992c59eb04e12c5be8e74c14d085b913334056415dbd700482ae91258,3758a2c992c59eb04e12c5be8e74c14d085b913334056415dbd700482ae91258.jpg,3758a2c992c59eb04e12c5be8e74c14d085b913334056415dbd700482ae91258,174bbed5e96b9a0e1217dbc48dcf222710bca96e2369d19bdb4d9049fd7d5c3f,oliver,oliver/19_4_2026_plocha1_titles_1024_part1_Oliver_Surovy_NTB,D:\temp\Dropbox\projects\NAZV2026\Anotacie\hotove_anotacie\oliver\19_4_2026_plocha1_titles_1024_part1_Oliver_Surovy_NTB\DJI_0065_W_0.JPG,D:\temp\Dropbox\projects\NAZV2026\Anotacie\hotove_anotacie\oliver\19_4_2026_plocha1_titles_1024_part1_Oliver_Surovy_NTB\DJI_0065_W_0.json,D:\temp\Dropbox\projects\NAZV2026\Anotacie\hotove_anotacie\oliver\19_4_2026_plocha1_titles_1024_part1_Oliver_Surovy_NTB\DJI_0065_W_0.JPG,D:\temp\Dropbox\projects\NAZV2026\Anotacie\hotove_anotacie\oliver\19_4_2026_plocha1_titles_1024_part1_Oliver_Surovy_NTB\DJI_0065_W_0.json,007e1a908232cb0393e1c406c082be11b1eaf5f3c54d2a76c2b5e263d54a0c2b,D:\TreeDetector\data_staging\benchmark_v5\approved_generations\0ad51183d8d6120b_47dc9d42466b1922\annotations\3758a2c992c59eb0.json,17a94e17fa53fac90ebece0bd0b7e78d7ba7fd02912647792fd7e13e0301461f,train,dji_0065_w,1024,1024,2,5,7,7
377ae4d172c855e77d9457c07138d25d4b25a8931c29972b481c044ad3af12f8,377ae4d172c855e77d9457c07138d25d4b25a8931c29972b481c044ad3af12f8.jpg,377ae4d172c855e77d9457c07138d25d4b25a8931c29972b481c044ad3af12f8,57dc0ed26cb55618aaccc48daaa714ca7e0c98b35e6acb9124566340ca90830a,oliver,oliver/19_4_Plocha_1_part1,D:\temp\Dropbox\projects\NAZV2026\Anotacie\hotove_anotacie\oliver\19_4_Plocha_1_part1\DJI_0061_W_20.JPG,D:\temp\Dropbox\projects\NAZV2026\Anotacie\hotove_anotacie\oliver\19_4_Plocha_1_part1\DJI_0061_W_20.json,D:\temp\Dropbox\projects\NAZV2026\Anotacie\hotove_anotacie\oliver\19_4_Plocha_1_part1\DJI_0061_W_20.JPG,D:\temp\Dropbox\projects\NAZV2026\Anotacie\hotove_anotacie\oliver\19_4_Plocha_1_part1\DJI_0061_W_20.json,a330b8820652133cd454bf2069fa9167bbf49fe7bd11c07160fb9c91c5bdb4dc,D:\TreeDetector\data_staging\benchmark_v5\approved_generations\0ad51183d8d6120b_47dc9d42466b1922\annotations\377ae4d172c855e7.json,ca4b7a7560e860fdb348dfc26db8fa161765d10376ac36d5d929260432f48fb0,train,dji_0061_w,1024,1024,21,0,21,21
37c3650bad74cc3d8fe0d492d7261e49b9faeb8a7df8f140bc99df83ac00267f,37c3650bad74cc3d8fe0d492d7261e49b9faeb8a7df8f140bc99df83ac00267f.jpg,37c3650bad74cc3d8fe0d492d7261e49b9faeb8a7df8f140bc99df83ac00267f,31d1cfe0359402b9ceaf14ef2c74a33d4846c7401a86b4d32e211968b0866fd4,Matej,Matej/19_4_2026_plocha1_part2_opravene,D:\temp\Dropbox\projects\NAZV2026\Anotacie\hotove_anotacie\Matej\19_4_2026_plocha1_part2_opravene\DJI_0259_W_12.jpg,D:\temp\Dropbox\projects\NAZV2026\Anotacie\hotove_anotacie\Matej\19_4_2026_plocha1_part2_opravene\DJI_0259_W_12.json,D:\temp\Dropbox\projects\NAZV2026\Anotacie\hotove_anotacie\Matej\19_4_2026_plocha1_part2_opravene\DJI_0259_W_12.jpg,D:\temp\Dropbox\projects\NAZV2026\Anotacie\hotove_anotacie\Matej\19_4_2026_plocha1_part2_opravene\DJI_0259_W_12.json,02ca7a13252cc22d9f100319101294a6a64cb2ee93494d79a828e91e74718a9e,D:\TreeDetector\data_staging\benchmark_v5\approved_generations\0ad51183d8d6120b_47dc9d42466b1922\annotations\37c3650bad74cc3d.json,831726ee213ce63b5f56033bee83a16026a0a5939e40e23b0c9458b970f71a43,val,dji_0259_w,1024,1024,8,0,8,8
3a52a72581ebde3031f89b097130dbf9aff7944d8ea4c2c5628178f56a34de88,3a52a72581ebde3031f89b097130dbf9aff7944d8ea4c2c5628178f56a34de88.jpg,3a52a72581ebde3031f89b097130dbf9aff7944d8ea4c2c5628178f56a34de88,0f6be8e445b625a5800e65c49426bc7801bc938280e02fd60fce4c8f7e183746,oliver,oliver/19_4_2026_plocha1_titles_1024_part1_Oliver_Surovy_NTB,D:\temp\Dropbox\projects\NAZV2026\Anotacie\hotove_anotacie\oliver\19_4_2026_plocha1_titles_1024_part1_Oliver_Surovy_NTB\DJI_0067_W_27.JPG,D:\temp\Dropbox\projects\NAZV2026\Anotacie\hotove_anotacie\oliver\19_4_2026_plocha1_titles_1024_part1_Oliver_Surovy_NTB\DJI_0067_W_27.json,D:\temp\Dropbox\projects\NAZV2026\Anotacie\hotove_anotacie\oliver\19_4_2026_plocha1_titles_1024_part1_Oliver_Surovy_NTB\DJI_0067_W_27.JPG,D:\temp\Dropbox\projects\NAZV2026\Anotacie\hotove_anotacie\oliver\19_4_2026_plocha1_titles_1024_part1_Oliver_Surovy_NTB\DJI_0067_W_27.json,26b3542ad61d0e6bd5619ed8a7879b03aa4b2f3148477968b9e8394f534e48a4,D:\TreeDetector\data_staging\benchmark_v5\approved_generations\0ad51183d8d6120b_47dc9d42466b1922\annotations\3a52a72581ebde30.json,b3a450f0a9f987e9f82188622ff701b81cc5e1cf50065be2ceef7d5c8a23c005,test,dji_0067_w,1024,1024,14,1,15,15
3d74fcdfade15f9a4991e66675671785e5443a0c1f45ebede364e240dc9be8a0,3d74fcdfade15f9a4991e66675671785e5443a0c1f45ebede364e240dc9be8a0.jpg,3d74fcdfade15f9a4991e66675671785e5443a0c1f45ebede364e240dc9be8a0,3fe4c73fdd9c3e569392a3fc67acc19edb20a569069bdfb138387831e177fb5e,oliver,oliver/19_4_2026_plocha1_titles_1024_part1_Oliver_Surovy_NTB,D:\temp\Dropbox\projects\NAZV2026\Anotacie\hotove_anotacie\oliver\19_4_2026_plocha1_titles_1024_part1_Oliver_Surovy_NTB\DJI_0067_W_11.JPG,D:\temp\Dropbox\projects\NAZV2026\Anotacie\hotove_anotacie\oliver\19_4_2026_plocha1_titles_1024_part1_Oliver_Surovy_NTB\DJI_0067_W_11.json,D:\temp\Dropbox\projects\NAZV2026\Anotacie\hotove_anotacie\oliver\19_4_2026_plocha1_titles_1024_part1_Oliver_Surovy_NTB\DJI_0067_W_11.JPG,D:\temp\Dropbox\projects\NAZV2026\Anotacie\hotove_anotacie\oliver\19_4_2026_plocha1_titles_1024_part1_Oliver_Surovy_NTB\DJI_0067_W_11.json,c9f2626683c2a09a2eae1677f70baddf7608eaa7811bdd0c3eff9a1a897de106,D:\TreeDetector\data_staging\benchmark_v5\approved_generations\0ad51183d8d6120b_47dc9d42466b1922\annotations\3d74fcdfade15f9a.json,f72162682bf0d6524edeca79d77192fad3109270c263bf9de6002088b8cec085,test,dji_0067_w,1024,1024,13,4,17,17
3da9452d070893c8b3404c0ef0674a122bf98f0a00cedd6d5892c2c5215bdcad,3da9452d070893c8b3404c0ef0674a122bf98f0a00cedd6d5892c2c5215bdcad.jpg,3da9452d070893c8b3404c0ef0674a122bf98f0a00cedd6d5892c2c5215bdcad,8ffecd004c63509db419d3d87f9ba037a918d0518fdc17bb92829bd596c6081f,Jakub,Jakub/19_4hotove,D:\temp\Dropbox\projects\NAZV2026\Anotacie\hotove_anotacie\Jakub\19_4hotove\DJI_0805_W_0.JPG,D:\temp\Dropbox\projects\NAZV2026\Anotacie\hotove_anotacie\Jakub\19_4hotove\DJI_0805_W_0.json,D:\temp\Dropbox\projects\NAZV2026\Anotacie\hotove_anotacie\Jakub\19_4hotove\DJI_0805_W_0.JPG,D:\temp\Dropbox\projects\NAZV2026\Anotacie\hotove_anotacie\Jakub\19_4hotove\DJI_0805_W_0.json,d1dde8a3dcf69fed6de01ba23d0409e371e109a486307464b5a0bef48268e4db,D:\TreeDetector\data_staging\benchmark_v5\approved_generations\0ad51183d8d6120b_47dc9d42466b1922\annotations\3da9452d070893c8.json,e4ff04f44ce82ec75f3995aa8a93508b8c6995010318f1f686d48dab84485849,val,dji_0805_w,1024,1024,8,4,12,12
3db6e53d3f399d1ee8b204740a3543409314178d671f9691a81fc4b4ceb17488,3db6e53d3f399d1ee8b204740a3543409314178d671f9691a81fc4b4ceb17488.jpg,3db6e53d3f399d1ee8b204740a3543409314178d671f9691a81fc4b4ceb17488,6e386bdf6633508692119db627851fe83a84f0c3b2532ddb471bb4d65aa92f47,oliver,oliver/19_4_2026_plocha1_titles_1024_part1_Oliver_Surovy_PC,D:\temp\Dropbox\projects\NAZV2026\Anotacie\hotove_anotacie\oliver\19_4_2026_plocha1_titles_1024_part1_Oliver_Surovy_PC\DJI_0063_W_0.JPG,D:\temp\Dropbox\projects\NAZV2026\Anotacie\hotove_anotacie\oliver\19_4_2026_plocha1_titles_1024_part1_Oliver_Surovy_PC\DJI_0063_W_0.json,D:\temp\Dropbox\projects\NAZV2026\Anotacie\hotove_anotacie\oliver\19_4_2026_plocha1_titles_1024_part1_Oliver_Surovy_PC\DJI_0063_W_0.JPG,D:\temp\Dropbox\projects\NAZV2026\Anotacie\hotove_anotacie\oliver\19_4_2026_plocha1_titles_1024_part1_Oliver_Surovy_PC\DJI_0063_W_0.json,acfc357f2a277713bb22c3f9a5348cf0838acf8eeb78c4f34f3b06657ddce145,D:\TreeDetector\data_staging\benchmark_v5\approved_generations\0ad51183d8d6120b_47dc9d42466b1922\annotations\3db6e53d3f399d1e.json,a18e3d62b19e0231d008b2a31dbb40b9af37b374cb837402a899397c50a1eea6,train,dji_0063_w,1024,1024,7,5,12,12
3e1703b69bae14e3214788b33577265978369fe459aef8017a178dbceb3f44cc,3e1703b69bae14e3214788b33577265978369fe459aef8017a178dbceb3f44cc.jpg,3e1703b69bae14e3214788b33577265978369fe459aef8017a178dbceb3f44cc,85b37f4997d5c5fc8639633cc40d161211644b497f1741652e73b8797a77c502,Matej,Matej/19_4_2026_plocha1_part2_opravene,D:\temp\Dropbox\projects\NAZV2026\Anotacie\hotove_anotacie\Matej\19_4_2026_plocha1_part2_opravene\DJI_0261_W_17.jpg,D:\temp\Dropbox\projects\NAZV2026\Anotacie\hotove_anotacie\Matej\19_4_2026_plocha1_part2_opravene\DJI_0261_W_17.json,D:\temp\Dropbox\projects\NAZV2026\Anotacie\hotove_anotacie\Matej\19_4_2026_plocha1_part2_opravene\DJI_0261_W_17.jpg,D:\temp\Dropbox\projects\NAZV2026\Anotacie\hotove_anotacie\Matej\19_4_2026_plocha1_part2_opravene\DJI_0261_W_17.json,6de0dc294e1f9b9c653ff26a29c2f73112230796b65fe295a1e094f51b2a7921,D:\TreeDetector\data_staging\benchmark_v5\approved_generations\0ad51183d8d6120b_47dc9d42466b1922\annotations\3e1703b69bae14e3.json,eca8f05b2bb3896fb9802d72e1506214464ee3fdb286993ce13bcd7b11d4f5ea,train,dji_0261_w,1024,1024,6,0,6,6
3f4fd6d41081cb40e938cc944fec97839939a3cffea2fcb3cbf317ccdb86e70b,3f4fd6d41081cb40e938cc944fec97839939a3cffea2fcb3cbf317ccdb86e70b.jpg,3f4fd6d41081cb40e938cc944fec97839939a3cffea2fcb3cbf317ccdb86e70b,d3682376fa99834c5cf0d510bf1c111174a84caa2fbdc239a4eef482d534e796,Matej,Matej/19_4_2026_plocha1_part2_opravene,D:\temp\Dropbox\projects\NAZV2026\Anotacie\hotove_anotacie\Matej\19_4_2026_plocha1_part2_opravene\DJI_0261_W_26.jpg,D:\temp\Dropbox\projects\NAZV2026\Anotacie\hotove_anotacie\Matej\19_4_2026_plocha1_part2_opravene\DJI_0261_W_26.json,D:\temp\Dropbox\projects\NAZV2026\Anotacie\hotove_anotacie\Matej\19_4_2026_plocha1_part2_opravene\DJI_0261_W_26.jpg,D:\temp\Dropbox\projects\NAZV2026\Anotacie\hotove_anotacie\Matej\19_4_2026_plocha1_part2_opravene\DJI_0261_W_26.json,92c2a60b5f843ffeafb0315545f1718245b244b9509713f1257ed1d9a8005481,D:\TreeDetector\data_staging\benchmark_v5\approved_generations\0ad51183d8d6120b_47dc9d42466b1922\annotations\3f4fd6d41081cb40.json,073cd796562f51978e78497d54c224768abcec139086745db76d9ee73798fef7,train,dji_0261_w,1024,1024,7,0,7,7
4117eae09ba82091781feb35b9b9aed6973c280132329c9835f59ec57a609bcd,4117eae09ba82091781feb35b9b9aed6973c280132329c9835f59ec57a609bcd.jpg,4117eae09ba82091781feb35b9b9aed6973c280132329c9835f59ec57a609bcd,8fa683bc77f4fb706552a290aeec3273c3ea96260e9ccacf67c977da775c1389,Jakub,Jakub/19_4hotove,D:\temp\Dropbox\projects\NAZV2026\Anotacie\hotove_anotacie\Jakub\19_4hotove\DJI_0799_W_18.JPG,D:\temp\Dropbox\projects\NAZV2026\Anotacie\hotove_anotacie\Jakub\19_4hotove\DJI_0799_W_18.json,D:\temp\Dropbox\projects\NAZV2026\Anotacie\hotove_anotacie\Jakub\19_4hotove\DJI_0799_W_18.JPG,D:\temp\Dropbox\projects\NAZV2026\Anotacie\hotove_anotacie\Jakub\19_4hotove\DJI_0799_W_18.json,375aed7ea4a52bc7239d9b0d0676aeb08e631902c0d102e5aa7d60e0c54a478b,D:\TreeDetector\data_staging\benchmark_v5\approved_generations\0ad51183d8d6120b_47dc9d42466b1922\annotations\4117eae09ba82091.json,4603d693233bf54515180d12626189e2ed856f78106d69a6e35c14d558e8f404,val,dji_0799_w,1024,1024,8,10,18,18
411dda0c16aaf0021309de3325e76ce2007c6e6b985d45bfd951608b7098474d,411dda0c16aaf0021309de3325e76ce2007c6e6b985d45bfd951608b7098474d.jpg,411dda0c16aaf0021309de3325e76ce2007c6e6b985d45bfd951608b7098474d,353578fac536694773fc74f888ec8a233c342f9feff72e59ad533ef7146b00f1,Matej,Matej/19_4_2026_plocha1_part2_opravene,D:\temp\Dropbox\projects\NAZV2026\Anotacie\hotove_anotacie\Matej\19_4_2026_plocha1_part2_opravene\DJI_0261_W_10.jpg,D:\temp\Dropbox\projects\NAZV2026\Anotacie\hotove_anotacie\Matej\19_4_2026_plocha1_part2_opravene\DJI_0261_W_10.json,D:\temp\Dropbox\projects\NAZV2026\Anotacie\hotove_anotacie\Matej\19_4_2026_plocha1_part2_opravene\DJI_0261_W_10.jpg,D:\temp\Dropbox\projects\NAZV2026\Anotacie\hotove_anotacie\Matej\19_4_2026_plocha1_part2_opravene\DJI_0261_W_10.json,4270049fd3ab290884c1a087658777ebe2fe4342c36af49ee5b9cd152f3098f2,D:\TreeDetector\data_staging\benchmark_v5\approved_generations\0ad51183d8d6120b_47dc9d42466b1922\annotations\411dda0c16aaf002.json,508ebf73fe7e286d28718320106debe239d8731b79b5646184173b624e03176d,train,dji_0261_w,1024,1024,2,0,2,2
417f74c1f560191504e020a39f94545919b4b9358e92213cf33249f094691bb3,417f74c1f560191504e020a39f94545919b4b9358e92213cf33249f094691bb3.jpg,417f74c1f560191504e020a39f94545919b4b9358e92213cf33249f094691bb3,376d57e9f2822e9099abc9e349f3c81eb84e1e102eac1804c53380596ed2d4f5,Matej,Matej/19_4_2026_plocha1_part2_opravene,D:\temp\Dropbox\projects\NAZV2026\Anotacie\hotove_anotacie\Matej\19_4_2026_plocha1_part2_opravene\DJI_0257_W_35.jpg,D:\temp\Dropbox\projects\NAZV2026\Anotacie\hotove_anotacie\Matej\19_4_2026_plocha1_part2_opravene\DJI_0257_W_35.json,D:\temp\Dropbox\projects\NAZV2026\Anotacie\hotove_anotacie\Matej\19_4_2026_plocha1_part2_opravene\DJI_0257_W_35.jpg,D:\temp\Dropbox\projects\NAZV2026\Anotacie\hotove_anotacie\Matej\19_4_2026_plocha1_part2_opravene\DJI_0257_W_35.json,c72e9863dbdf69a4dd62df778f234007eeb37ef3aba2adf4774fdbe7b8ffd889,D:\TreeDetector\data_staging\benchmark_v5\approved_generations\0ad51183d8d6120b_47dc9d42466b1922\annotations\417f74c1f5601915.json,e0c5af541a9539a8de6f8bdabdf73c3552748648c4fa0a5c43a5ff48f7af2246,test,dji_0257_w,1024,1024,8,0,8,8
41a1076dfa2fb9e67cc8c4e36b7d41b5e1ccc358e1ac819d5f1ec702427950fb,41a1076dfa2fb9e67cc8c4e36b7d41b5e1ccc358e1ac819d5f1ec702427950fb.jpg,41a1076dfa2fb9e67cc8c4e36b7d41b5e1ccc358e1ac819d5f1ec702427950fb,4afbf726412901636289291db532c71f6cd43d3329f0416532f5eed383a4d84c,oliver,oliver/hotove-stromceky,D:\temp\Dropbox\projects\NAZV2026\Anotacie\hotove_anotacie\oliver\hotove-stromceky\DJI_0061_W_11.JPG,D:\temp\Dropbox\projects\NAZV2026\Anotacie\hotove_anotacie\oliver\hotove-stromceky\DJI_0061_W_11.json,D:\temp\Dropbox\projects\NAZV2026\Anotacie\hotove_anotacie\oliver\hotove-stromceky\DJI_0061_W_11.JPG,D:\temp\Dropbox\projects\NAZV2026\Anotacie\hotove_anotacie\oliver\hotove-stromceky\DJI_0061_W_11.json,3d96ba37224b280c0e5fb521137e3aa8dc30d531bd86b51d6b42265f57609f0b,D:\TreeDetector\data_staging\benchmark_v5\approved_generations\0ad51183d8d6120b_47dc9d42466b1922\annotations\41a1076dfa2fb9e6.json,9bd6a53d5dd8740fadb73f6666e9eed39304d807a0c4d8b46c1f3b06fff308cf,train,dji_0061_w,1024,1024,10,0,10,10
43b17242d98ac9d96421da274e4525b636b415e197c1148ed4ca58a72b091e43,43b17242d98ac9d96421da274e4525b636b415e197c1148ed4ca58a72b091e43.jpg,43b17242d98ac9d96421da274e4525b636b415e197c1148ed4ca58a72b091e43,45c741089d8722fbbecb365a83cc93fa46948836b5c41c4043ae6243b67518f4,oliver,oliver/19_4_2026_plocha1_titles_1024_part1_Oliver_Surovy_PC,D:\temp\Dropbox\projects\NAZV2026\Anotacie\hotove_anotacie\oliver\19_4_2026_plocha1_titles_1024_part1_Oliver_Surovy_PC\DJI_0063_W_1.JPG,D:\temp\Dropbox\projects\NAZV2026\Anotacie\hotove_anotacie\oliver\19_4_2026_plocha1_titles_1024_part1_Oliver_Surovy_PC\DJI_0063_W_1.json,D:\temp\Dropbox\projects\NAZV2026\Anotacie\hotove_anotacie\oliver\19_4_2026_plocha1_titles_1024_part1_Oliver_Surovy_PC\DJI_0063_W_1.JPG,D:\temp\Dropbox\projects\NAZV2026\Anotacie\hotove_anotacie\oliver\19_4_2026_plocha1_titles_1024_part1_Oliver_Surovy_PC\DJI_0063_W_1.json,7d9fce7501d38b5934e6fb3fa4ebd9570c4c38b531dc5d8aaee3ac6fb1b4120e,D:\TreeDetector\data_staging\benchmark_v5\approved_generations\0ad51183d8d6120b_47dc9d42466b1922\annotations\43b17242d98ac9d9.json,6752ea9532200979aedee677be2a081ead198b939ee694df5d35474fcd648e5a,train,dji_0063_w,1024,1024,3,5,8,8
447aba216bb910ad8b1979e04dce7b0e3259be07fc1fe8eae7f4d5b0c5f217b8,447aba216bb910ad8b1979e04dce7b0e3259be07fc1fe8eae7f4d5b0c5f217b8.jpg,447aba216bb910ad8b1979e04dce7b0e3259be07fc1fe8eae7f4d5b0c5f217b8,e4f1d1f97fa6c50b7d48cd478bfb148b7635e91825182bae18858ae4a279dd79,Matej,Matej/19_4_2026_plocha1_part2_opravene,D:\temp\Dropbox\projects\NAZV2026\Anotacie\hotove_anotacie\Matej\19_4_2026_plocha1_part2_opravene\DJI_0261_W_34.jpg,D:\temp\Dropbox\projects\NAZV2026\Anotacie\hotove_anotacie\Matej\19_4_2026_plocha1_part2_opravene\DJI_0261_W_34.json,D:\temp\Dropbox\projects\NAZV2026\Anotacie\hotove_anotacie\Matej\19_4_2026_plocha1_part2_opravene\DJI_0261_W_34.jpg,D:\temp\Dropbox\projects\NAZV2026\Anotacie\hotove_anotacie\Matej\19_4_2026_plocha1_part2_opravene\DJI_0261_W_34.json,ac518688a0f2bc2a0b03a614442ca74b37c5a1ce5797ab0f48bc441e033c7992,D:\TreeDetector\data_staging\benchmark_v5\approved_generations\0ad51183d8d6120b_47dc9d42466b1922\annotations\447aba216bb910ad.json,3866a0ef068675790de4539628930f8afeaf3ef9dfd178136aaf7d2964993e1f,train,dji_0261_w,1024,1024,13,0,13,13
44a466941672be67678350a34bd13b55aa56c4b734475e5f190b741badeb1920,44a466941672be67678350a34bd13b55aa56c4b734475e5f190b741badeb1920.jpg,44a466941672be67678350a34bd13b55aa56c4b734475e5f190b741badeb1920,d48c9a67bd70095175c1f6d5cfc69806e24aafa5bc179d816c3bd42525b65ffa,oliver,oliver/19_4_2026_plocha1_titles_1024_part1_Oliver_Surovy_NTB,D:\temp\Dropbox\projects\NAZV2026\Anotacie\hotove_anotacie\oliver\19_4_2026_plocha1_titles_1024_part1_Oliver_Surovy_NTB\DJI_0065_W_14.JPG,D:\temp\Dropbox\projects\NAZV2026\Anotacie\hotove_anotacie\oliver\19_4_2026_plocha1_titles_1024_part1_Oliver_Surovy_NTB\DJI_0065_W_14.json,D:\temp\Dropbox\projects\NAZV2026\Anotacie\hotove_anotacie\oliver\19_4_2026_plocha1_titles_1024_part1_Oliver_Surovy_NTB\DJI_0065_W_14.JPG,D:\temp\Dropbox\projects\NAZV2026\Anotacie\hotove_anotacie\oliver\19_4_2026_plocha1_titles_1024_part1_Oliver_Surovy_NTB\DJI_0065_W_14.json,6d746432bef4dc610631eca4da6b8b83f73c8628febd5706324222398bc4496d,D:\TreeDetector\data_staging\benchmark_v5\approved_generations\0ad51183d8d6120b_47dc9d42466b1922\annotations\44a466941672be67.json,e3e100e5bd7a76eece93ba692306d2803bfc9b3d156255fefb3134b5047fdc3b,train,dji_0065_w,1024,1024,14,4,18,18
46418113986ec31692a763d2dcbf83dde376990b36ca9a62dc3af7d9fd085499,46418113986ec31692a763d2dcbf83dde376990b36ca9a62dc3af7d9fd085499.jpg,46418113986ec31692a763d2dcbf83dde376990b36ca9a62dc3af7d9fd085499,1cd0c3a90d26797217b4009a5219f3f9500ad15641507f0c82146f00cc76cc21,oliver,oliver/19_4_Plocha_1_part1,D:\temp\Dropbox\projects\NAZV2026\Anotacie\hotove_anotacie\oliver\19_4_Plocha_1_part1\DJI_0061_W_16.JPG,D:\temp\Dropbox\projects\NAZV2026\Anotacie\hotove_anotacie\oliver\19_4_Plocha_1_part1\DJI_0061_W_16.json,D:\temp\Dropbox\projects\NAZV2026\Anotacie\hotove_anotacie\oliver\19_4_Plocha_1_part1\DJI_0061_W_16.JPG,D:\temp\Dropbox\projects\NAZV2026\Anotacie\hotove_anotacie\oliver\19_4_Plocha_1_part1\DJI_0061_W_16.json,3201296775714a987e93b817e936fa7d1254edc91928339dceff27816cff1405,D:\TreeDetector\data_staging\benchmark_v5\approved_generations\0ad51183d8d6120b_47dc9d42466b1922\annotations\46418113986ec316.json,09d5f0d2532aca2fb8db6bd3c09cef9183940f860a4e3ccd503e1e3a9ebf5133,train,dji_0061_w,1024,1024,32,0,32,32
47bf107f2f9b256718805af841083e7d5662db46cef1fbc0d27a40e406d14efb,47bf107f2f9b256718805af841083e7d5662db46cef1fbc0d27a40e406d14efb.jpg,47bf107f2f9b256718805af841083e7d5662db46cef1fbc0d27a40e406d14efb,a7e161ae9c2dcd6c4f93f6fb7f02f29f1b05f5113d3b3f5961baabdd0844dab0,oliver,oliver/19_4_2026_plocha1_titles_1024_part1_Oliver_Surovy_PC,D:\temp\Dropbox\projects\NAZV2026\Anotacie\hotove_anotacie\oliver\19_4_2026_plocha1_titles_1024_part1_Oliver_Surovy_PC\DJI_0063_W_5.JPG,D:\temp\Dropbox\projects\NAZV2026\Anotacie\hotove_anotacie\oliver\19_4_2026_plocha1_titles_1024_part1_Oliver_Surovy_PC\DJI_0063_W_5.json,D:\temp\Dropbox\projects\NAZV2026\Anotacie\hotove_anotacie\oliver\19_4_2026_plocha1_titles_1024_part1_Oliver_Surovy_PC\DJI_0063_W_5.JPG,D:\temp\Dropbox\projects\NAZV2026\Anotacie\hotove_anotacie\oliver\19_4_2026_plocha1_titles_1024_part1_Oliver_Surovy_PC\DJI_0063_W_5.json,8b8a5ba32169a1d48adc5f6c1cf5ea0ca25017fe8ff08f35eb6eccf574ca74cf,D:\TreeDetector\data_staging\benchmark_v5\approved_generations\0ad51183d8d6120b_47dc9d42466b1922\annotations\47bf107f2f9b2567.json,bad7b3fdbeb2e101844c4c6319d3139ca04a0b62a75038f01cc01c5bbaefaf86,train,dji_0063_w,1024,1024,6,1,7,7
48477ff179b2f0268c04cf8cb718f5fcb20f2c18ca58bbc096d8d602f4f77a4f,48477ff179b2f0268c04cf8cb718f5fcb20f2c18ca58bbc096d8d602f4f77a4f.jpg,48477ff179b2f0268c04cf8cb718f5fcb20f2c18ca58bbc096d8d602f4f77a4f,9a085f8f2ae9fb58356162a249e28fcee910b3ac9955a36b03edc2f596ff6e2c,Jakub,Jakub/1.2.2026_hotovo (1)/1.2.2026_hotovo,D:\temp\Dropbox\projects\NAZV2026\Anotacie\hotove_anotacie\Jakub\1.2.2026_hotovo (1)\1.2.2026_hotovo\DJI_0049_W_14.JPG,D:\temp\Dropbox\projects\NAZV2026\Anotacie\hotove_anotacie\Jakub\1.2.2026_hotovo (1)\1.2.2026_hotovo\DJI_0049_W_14.json,D:\temp\Dropbox\projects\NAZV2026\Anotacie\hotove_anotacie\Jakub\1.2.2026_hotovo (1)\1.2.2026_hotovo\DJI_0049_W_14.JPG,D:\temp\Dropbox\projects\NAZV2026\Anotacie\hotove_anotacie\Jakub\1.2.2026_hotovo (1)\1.2.2026_hotovo\DJI_0049_W_14.json,562e8f08953dfcf6edb84b53d06190b64ff4524914eafb36d47fadc84f1a16cf,D:\TreeDetector\data_staging\benchmark_v5\approved_generations\0ad51183d8d6120b_47dc9d42466b1922\annotations\48477ff179b2f026.json,edb1fb79f4564c2dc45071280d2b5ef3817026ef7821b7d19e20f90aacd6d53e,train,dji_0049_w,1024,1024,12,6,18,18
491068e1e3b21c1a86e2ad6817934588a8569cf590aadb47a02385648d720bd1,491068e1e3b21c1a86e2ad6817934588a8569cf590aadb47a02385648d720bd1.jpg,491068e1e3b21c1a86e2ad6817934588a8569cf590aadb47a02385648d720bd1,4076998123dbff910fb440a7f624604f13363766223cf7176a29137f4dd3a74b,oliver,oliver/19_4_2026_plocha1_titles_1024_part1_Oliver_Surovy_NTB,D:\temp\Dropbox\projects\NAZV2026\Anotacie\hotove_anotacie\oliver\19_4_2026_plocha1_titles_1024_part1_Oliver_Surovy_NTB\DJI_0067_W_1.JPG,D:\temp\Dropbox\projects\NAZV2026\Anotacie\hotove_anotacie\oliver\19_4_2026_plocha1_titles_1024_part1_Oliver_Surovy_NTB\DJI_0067_W_1.json,D:\temp\Dropbox\projects\NAZV2026\Anotacie\hotove_anotacie\oliver\19_4_2026_plocha1_titles_1024_part1_Oliver_Surovy_NTB\DJI_0067_W_1.JPG,D:\temp\Dropbox\projects\NAZV2026\Anotacie\hotove_anotacie\oliver\19_4_2026_plocha1_titles_1024_part1_Oliver_Surovy_NTB\DJI_0067_W_1.json,9634e43ae35262bcfe81abe49dbe38ff25d13f02a887ad216034eef4b6c2b9cf,D:\TreeDetector\data_staging\benchmark_v5\approved_generations\0ad51183d8d6120b_47dc9d42466b1922\annotations\491068e1e3b21c1a.json,8f57a86ccb6868f7f35a8c41ed4854d68ff2e62afbd2c31d46c67490ab064c95,test,dji_0067_w,1024,1024,22,2,24,24
4bc739a83c5a8b6ec2d6ab958063642c202d35d98bdad1800f130a68ea38e00b,4bc739a83c5a8b6ec2d6ab958063642c202d35d98bdad1800f130a68ea38e00b.jpg,4bc739a83c5a8b6ec2d6ab958063642c202d35d98bdad1800f130a68ea38e00b,a0098559a735473cc3f8ee98194bc1fd4009298b2ab499526c0e00dfd62660ba,oliver,oliver/19_4_Plocha_1_part1,D:\temp\Dropbox\projects\NAZV2026\Anotacie\hotove_anotacie\oliver\19_4_Plocha_1_part1\DJI_0061_W_2.JPG,D:\temp\Dropbox\projects\NAZV2026\Anotacie\hotove_anotacie\oliver\19_4_Plocha_1_part1\DJI_0061_W_2.json,D:\temp\Dropbox\projects\NAZV2026\Anotacie\hotove_anotacie\oliver\19_4_Plocha_1_part1\DJI_0061_W_2.JPG,D:\temp\Dropbox\projects\NAZV2026\Anotacie\hotove_anotacie\oliver\19_4_Plocha_1_part1\DJI_0061_W_2.json,d98d4dfd2b102f269a3f820f7eb9fe69265ee359338738cedfd96965ebdf255b,D:\TreeDetector\data_staging\benchmark_v5\approved_generations\0ad51183d8d6120b_47dc9d42466b1922\annotations\4bc739a83c5a8b6e.json,12f2ae3247821c470e28e72efae2cbef076f6b89a327317c0e4500bf81830265,train,dji_0061_w,1024,1024,13,3,16,16
4c0e155f982b103e3de86b130c3e4b87cb30b0e86a1e8af07f636b691f0ada46,4c0e155f982b103e3de86b130c3e4b87cb30b0e86a1e8af07f636b691f0ada46.jpg,4c0e155f982b103e3de86b130c3e4b87cb30b0e86a1e8af07f636b691f0ada46,12668658be3c2eb7416cad49769a2ee689039e446562f7085ad8f5d553aa0c07,Matej,Matej/19_4_2026_plocha1_part2_opravene,D:\temp\Dropbox\projects\NAZV2026\Anotacie\hotove_anotacie\Matej\19_4_2026_plocha1_part2_opravene\DJI_0263_W_8.jpg,D:\temp\Dropbox\projects\NAZV2026\Anotacie\hotove_anotacie\Matej\19_4_2026_plocha1_part2_opravene\DJI_0263_W_8.json,D:\temp\Dropbox\projects\NAZV2026\Anotacie\hotove_anotacie\Matej\19_4_2026_plocha1_part2_opravene\DJI_0263_W_8.jpg,D:\temp\Dropbox\projects\NAZV2026\Anotacie\hotove_anotacie\Matej\19_4_2026_plocha1_part2_opravene\DJI_0263_W_8.json,e27564b686b8f61b41b19528839c2f40198a5a3b3fb0e2d1fac80c4a7f560adc,D:\TreeDetector\data_staging\benchmark_v5\approved_generations\0ad51183d8d6120b_47dc9d42466b1922\annotations\4c0e155f982b103e.json,36f82796440949e9019bfe08794f91767b56dea61345512accf3764ebc7fe503,train,dji_0263_w,1024,1024,12,0,12,12
4c491d06c19bb251744df766f68ec27d883944824bbb8df8c8dc5cf2313c0e8b,4c491d06c19bb251744df766f68ec27d883944824bbb8df8c8dc5cf2313c0e8b.jpg,4c491d06c19bb251744df766f68ec27d883944824bbb8df8c8dc5cf2313c0e8b,8a543ec7dd9bf12abc0d132e9fe9885a7429c84d3b09f44c08fae66e4adc4d02,Jakub,Jakub/1.2.2026_hotovo (1)/1.2.2026_hotovo,D:\temp\Dropbox\projects\NAZV2026\Anotacie\hotove_anotacie\Jakub\1.2.2026_hotovo (1)\1.2.2026_hotovo\DJI_0049_W_22.JPG,D:\temp\Dropbox\projects\NAZV2026\Anotacie\hotove_anotacie\Jakub\1.2.2026_hotovo (1)\1.2.2026_hotovo\DJI_0049_W_22.json,D:\temp\Dropbox\projects\NAZV2026\Anotacie\hotove_anotacie\Jakub\1.2.2026_hotovo (1)\1.2.2026_hotovo\DJI_0049_W_22.JPG,D:\temp\Dropbox\projects\NAZV2026\Anotacie\hotove_anotacie\Jakub\1.2.2026_hotovo (1)\1.2.2026_hotovo\DJI_0049_W_22.json,1780c2359ec2a406285cb3e501097e06b7155665a2b41872c81f3a8b690aa251,D:\TreeDetector\data_staging\benchmark_v5\approved_generations\0ad51183d8d6120b_47dc9d42466b1922\annotations\4c491d06c19bb251.json,5c77cfcc25ee4c1403c06527d625f39b00eff331f89fde9c4fc28e3cf1f54b9e,train,dji_0049_w,1024,1024,15,7,22,22
4da1d0ba8b71e6877adaae95580b701272116c23f32843a19d9060fe70fd9440,4da1d0ba8b71e6877adaae95580b701272116c23f32843a19d9060fe70fd9440.jpg,4da1d0ba8b71e6877adaae95580b701272116c23f32843a19d9060fe70fd9440,e477bf4016e849c47cb36781eee80dc06a963840abd36df1748ce2d6eca0c605,Matej,Matej/19_4_2026_plocha1_part2_opravene,D:\temp\Dropbox\projects\NAZV2026\Anotacie\hotove_anotacie\Matej\19_4_2026_plocha1_part2_opravene\DJI_0261_W_20.jpg,D:\temp\Dropbox\projects\NAZV2026\Anotacie\hotove_anotacie\Matej\19_4_2026_plocha1_part2_opravene\DJI_0261_W_20.json,D:\temp\Dropbox\projects\NAZV2026\Anotacie\hotove_anotacie\Matej\19_4_2026_plocha1_part2_opravene\DJI_0261_W_20.jpg,D:\temp\Dropbox\projects\NAZV2026\Anotacie\hotove_anotacie\Matej\19_4_2026_plocha1_part2_opravene\DJI_0261_W_20.json,928f5e0969d0eca544e42db315de2f333636ac108f80c8efe70110e2b102ef81,D:\TreeDetector\data_staging\benchmark_v5\approved_generations\0ad51183d8d6120b_47dc9d42466b1922\annotations\4da1d0ba8b71e687.json,ab55e44d3b2b714c3273625b4435ebddb8868618782f10427f13d246effcce59,train,dji_0261_w,1024,1024,11,0,11,11
4e100e78cf79fbdff203cfe1a60770858ab40864f276a729fc0e8ee15eaae8de,4e100e78cf79fbdff203cfe1a60770858ab40864f276a729fc0e8ee15eaae8de.jpg,4e100e78cf79fbdff203cfe1a60770858ab40864f276a729fc0e8ee15eaae8de,529ab68958b6354423a941a1cbcc739e7b09d4584ca276fbe34be34087e4593d,oliver,oliver/19_4_2026_plocha1_titles_1024_part1_Oliver_Surovy_NTB,D:\temp\Dropbox\projects\NAZV2026\Anotacie\hotove_anotacie\oliver\19_4_2026_plocha1_titles_1024_part1_Oliver_Surovy_NTB\DJI_0067_W_32.JPG,D:\temp\Dropbox\projects\NAZV2026\Anotacie\hotove_anotacie\oliver\19_4_2026_plocha1_titles_1024_part1_Oliver_Surovy_NTB\DJI_0067_W_32.json,D:\temp\Dropbox\projects\NAZV2026\Anotacie\hotove_anotacie\oliver\19_4_2026_plocha1_titles_1024_part1_Oliver_Surovy_NTB\DJI_0067_W_32.JPG,D:\temp\Dropbox\projects\NAZV2026\Anotacie\hotove_anotacie\oliver\19_4_2026_plocha1_titles_1024_part1_Oliver_Surovy_NTB\DJI_0067_W_32.json,5740b460e353ce3edf1d086f2d24f8427aee4d10c223680527c38ed9fe79cf1c,D:\TreeDetector\data_staging\benchmark_v5\approved_generations\0ad51183d8d6120b_47dc9d42466b1922\annotations\4e100e78cf79fbdf.json,5badb0cadc44ca48dd88972ecd1147da607c56904b2e6e91f82b229d2bef8fc4,test,dji_0067_w,1024,1024,8,5,13,13
4e59ef8bc95566c720dd786b6cc198d6afd3603b6a1e15061609f9d5b1663f73,4e59ef8bc95566c720dd786b6cc198d6afd3603b6a1e15061609f9d5b1663f73.jpg,4e59ef8bc95566c720dd786b6cc198d6afd3603b6a1e15061609f9d5b1663f73,db88b0f5ba0a42be03491cc2a54f9dc552d5bfec095822576259d46ed61bb2a3,oliver,oliver/19_4_Plocha_1_part1,D:\temp\Dropbox\projects\NAZV2026\Anotacie\hotove_anotacie\oliver\19_4_Plocha_1_part1\DJI_0061_W_1.JPG,D:\temp\Dropbox\projects\NAZV2026\Anotacie\hotove_anotacie\oliver\19_4_Plocha_1_part1\DJI_0061_W_1.json,D:\temp\Dropbox\projects\NAZV2026\Anotacie\hotove_anotacie\oliver\19_4_Plocha_1_part1\DJI_0061_W_1.JPG,D:\temp\Dropbox\projects\NAZV2026\Anotacie\hotove_anotacie\oliver\19_4_Plocha_1_part1\DJI_0061_W_1.json,85a18172062d2d55cba7d12a42804baed1f262753538ab7c1495a250dc8c5e04,D:\TreeDetector\data_staging\benchmark_v5\approved_generations\0ad51183d8d6120b_47dc9d42466b1922\annotations\4e59ef8bc95566c7.json,69477f1cf1d5f330e71c93f7709f92a9e1cc03c3816c51a4a46115cf380f7162,train,dji_0061_w,1024,1024,8,2,10,10
4ed1b84c88457b7691d70ac11f3af433f37952697471e2defa8da56ca4d570db,4ed1b84c88457b7691d70ac11f3af433f37952697471e2defa8da56ca4d570db.jpg,4ed1b84c88457b7691d70ac11f3af433f37952697471e2defa8da56ca4d570db,ed09a84ed7c4571c04c4547e3451fb593590eb3416c1643172f77f60fc520c88,oliver,oliver/19_4_2026_plocha1_titles_1024_part1_Oliver_Surovy_PC,D:\temp\Dropbox\projects\NAZV2026\Anotacie\hotove_anotacie\oliver\19_4_2026_plocha1_titles_1024_part1_Oliver_Surovy_PC\DJI_0063_W_4.JPG,D:\temp\Dropbox\projects\NAZV2026\Anotacie\hotove_anotacie\oliver\19_4_2026_plocha1_titles_1024_part1_Oliver_Surovy_PC\DJI_0063_W_4.json,D:\temp\Dropbox\projects\NAZV2026\Anotacie\hotove_anotacie\oliver\19_4_2026_plocha1_titles_1024_part1_Oliver_Surovy_PC\DJI_0063_W_4.JPG,D:\temp\Dropbox\projects\NAZV2026\Anotacie\hotove_anotacie\oliver\19_4_2026_plocha1_titles_1024_part1_Oliver_Surovy_PC\DJI_0063_W_4.json,8c1154f554c89a7c45cb1f92200fe4650d9bd6cf0a286bc93032a59fddfe3cb5,D:\TreeDetector\data_staging\benchmark_v5\approved_generations\0ad51183d8d6120b_47dc9d42466b1922\annotations\4ed1b84c88457b76.json,8f61407c282a25e052b3de162a088ffffa0adb88661ca698097b83422a76acbe,train,dji_0063_w,1024,1024,7,3,10,10
4f1fc65b9ea235a80654dce410c4b7daa16363336de119d3228599c618ea939d,4f1fc65b9ea235a80654dce410c4b7daa16363336de119d3228599c618ea939d.jpg,4f1fc65b9ea235a80654dce410c4b7daa16363336de119d3228599c618ea939d,4cc22650ef2df226babee366e4607e142754a6485bf228f1d86c66c74b254374,oliver,oliver/19_4_Plocha_1_part1,D:\temp\Dropbox\projects\NAZV2026\Anotacie\hotove_anotacie\oliver\19_4_Plocha_1_part1\DJI_0061_W_13.JPG,D:\temp\Dropbox\projects\NAZV2026\Anotacie\hotove_anotacie\oliver\19_4_Plocha_1_part1\DJI_0061_W_13.json,D:\temp\Dropbox\projects\NAZV2026\Anotacie\hotove_anotacie\oliver\19_4_Plocha_1_part1\DJI_0061_W_13.JPG,D:\temp\Dropbox\projects\NAZV2026\Anotacie\hotove_anotacie\oliver\19_4_Plocha_1_part1\DJI_0061_W_13.json,4ec6aed292b7e695f175539ceca610ce8b4fdb4266a8ba8240b050babbe93515,D:\TreeDetector\data_staging\benchmark_v5\approved_generations\0ad51183d8d6120b_47dc9d42466b1922\annotations\4f1fc65b9ea235a8.json,2f75ab1c8def7d92d1f85bad5833fc426d1c6d1b8cf870063517fc903626e7ec,train,dji_0061_w,1024,1024,11,0,11,11
4fc6902c5b5e929fdea7b9d4624b028bf0957947ae35cc2bdb211c4b5c13a686,4fc6902c5b5e929fdea7b9d4624b028bf0957947ae35cc2bdb211c4b5c13a686.jpg,4fc6902c5b5e929fdea7b9d4624b028bf0957947ae35cc2bdb211c4b5c13a686,06bd7cdccb18e0f460a9bf8774cfea5b0809733ac9a6000e91cad838e67c978a,oliver,oliver/hotove-stromceky,D:\temp\Dropbox\projects\NAZV2026\Anotacie\hotove_anotacie\oliver\hotove-stromceky\DJI_0061_W_38.JPG,D:\temp\Dropbox\projects\NAZV2026\Anotacie\hotove_anotacie\oliver\hotove-stromceky\DJI_0061_W_38.json,D:\temp\Dropbox\projects\NAZV2026\Anotacie\hotove_anotacie\oliver\hotove-stromceky\DJI_0061_W_38.JPG,D:\temp\Dropbox\projects\NAZV2026\Anotacie\hotove_anotacie\oliver\hotove-stromceky\DJI_0061_W_38.json,0aba17e099f6c3138123b1f0e1807ece94bbe06e1de666bb075d4564889a0819,D:\TreeDetector\data_staging\benchmark_v5\approved_generations\0ad51183d8d6120b_47dc9d42466b1922\annotations\4fc6902c5b5e929f.json,ac59e23bdf47f3196dbab579c08a5697b58ad29dafb774fd3f8fce66128f35fd,train,dji_0061_w,1024,1024,27,2,29,29
4ff2e97c88073244cf008a105c561c38b52b0567cced187ebaf0d30a027893ef,4ff2e97c88073244cf008a105c561c38b52b0567cced187ebaf0d30a027893ef.jpg,4ff2e97c88073244cf008a105c561c38b52b0567cced187ebaf0d30a027893ef,b39d73bc43920a037dc4e089ca3d02a7d3566f9cacbecf58ea734336b23ab45a,oliver,oliver/19_4_2026_plocha1_titles_1024_part1_Oliver_Surovy_PC,D:\temp\Dropbox\projects\NAZV2026\Anotacie\hotove_anotacie\oliver\19_4_2026_plocha1_titles_1024_part1_Oliver_Surovy_PC\DJI_0063_W_13.JPG,D:\temp\Dropbox\projects\NAZV2026\Anotacie\hotove_anotacie\oliver\19_4_2026_plocha1_titles_1024_part1_Oliver_Surovy_PC\DJI_0063_W_13.json,D:\temp\Dropbox\projects\NAZV2026\Anotacie\hotove_anotacie\oliver\19_4_2026_plocha1_titles_1024_part1_Oliver_Surovy_PC\DJI_0063_W_13.JPG,D:\temp\Dropbox\projects\NAZV2026\Anotacie\hotove_anotacie\oliver\19_4_2026_plocha1_titles_1024_part1_Oliver_Surovy_PC\DJI_0063_W_13.json,67a4d19a396e8677ee8cf517a5d3cf6683346c4279125caeb50047be3f81f553,D:\TreeDetector\data_staging\benchmark_v5\approved_generations\0ad51183d8d6120b_47dc9d42466b1922\annotations\4ff2e97c88073244.json,661b20506f179e83ab4b3337013701cf27e349b51a2e6556af6ef4f48fd061c2,train,dji_0063_w,1024,1024,9,3,12,12
50b80352f3b266d1ddb677bbbda06d1947240a7f5872a4b58a95196c5ded2847,50b80352f3b266d1ddb677bbbda06d1947240a7f5872a4b58a95196c5ded2847.jpg,50b80352f3b266d1ddb677bbbda06d1947240a7f5872a4b58a95196c5ded2847,b191f2a6f6af76f58b9824e7a2e363e9d979b8864cdbc53efaa5b3999038d69e,Jakub,Jakub/1.2.2026_hotovo (1)/1.2.2026_hotovo,D:\temp\Dropbox\projects\NAZV2026\Anotacie\hotove_anotacie\Jakub\1.2.2026_hotovo (1)\1.2.2026_hotovo\DJI_0049_W_5.JPG,D:\temp\Dropbox\projects\NAZV2026\Anotacie\hotove_anotacie\Jakub\1.2.2026_hotovo (1)\1.2.2026_hotovo\DJI_0049_W_5.json,D:\temp\Dropbox\projects\NAZV2026\Anotacie\hotove_anotacie\Jakub\1.2.2026_hotovo (1)\1.2.2026_hotovo\DJI_0049_W_5.JPG,D:\temp\Dropbox\projects\NAZV2026\Anotacie\hotove_anotacie\Jakub\1.2.2026_hotovo (1)\1.2.2026_hotovo\DJI_0049_W_5.json,fdd54bc35d4de6c4380f168cdce5cd8b7360475f750deae8716a1b008782f993,D:\TreeDetector\data_staging\benchmark_v5\approved_generations\0ad51183d8d6120b_47dc9d42466b1922\annotations\50b80352f3b266d1.json,1dd310bbba283e7aba6b62c293d85c0ec22939542810c391bca5b85f861e5659,train,dji_0049_w,1024,1024,16,10,26,26
5150525cccd9c4b887ff3afcd2f60074bb7230df72b067c79201908ca234cf44,5150525cccd9c4b887ff3afcd2f60074bb7230df72b067c79201908ca234cf44.jpg,5150525cccd9c4b887ff3afcd2f60074bb7230df72b067c79201908ca234cf44,d05e405e0aec4db00680fcfa361130c5740151b1eff0cec8b76223c28ba33027,Matej,Matej/19_4_2026_plocha1_part2_opravene,D:\temp\Dropbox\projects\NAZV2026\Anotacie\hotove_anotacie\Matej\19_4_2026_plocha1_part2_opravene\DJI_0261_W_27.jpg,D:\temp\Dropbox\projects\NAZV2026\Anotacie\hotove_anotacie\Matej\19_4_2026_plocha1_part2_opravene\DJI_0261_W_27.json,D:\temp\Dropbox\projects\NAZV2026\Anotacie\hotove_anotacie\Matej\19_4_2026_plocha1_part2_opravene\DJI_0261_W_27.jpg,D:\temp\Dropbox\projects\NAZV2026\Anotacie\hotove_anotacie\Matej\19_4_2026_plocha1_part2_opravene\DJI_0261_W_27.json,77f9b76a8e120ce785cd729ddc40f8b6b54bd65fc2035c278bb1ede9cd36459f,D:\TreeDetector\data_staging\benchmark_v5\approved_generations\0ad51183d8d6120b_47dc9d42466b1922\annotations\5150525cccd9c4b8.json,cf7fc3b7ce3688a3b8d6866eeaebdcfb2ac97469518d0c6cb53c4c2aceba75a9,train,dji_0261_w,1024,1024,7,0,7,7
5189079a8729c363b987e0035d55d83deb0251d72a1d7c159b6c9586cd3c2b64,5189079a8729c363b987e0035d55d83deb0251d72a1d7c159b6c9586cd3c2b64.jpg,5189079a8729c363b987e0035d55d83deb0251d72a1d7c159b6c9586cd3c2b64,2bcaff8984c212737dc38bd56c3435decef60ab83fea69bfc7aed3e3fbfa275f,Matej,Matej/19_4_2026_plocha1_part2_opravene,D:\temp\Dropbox\projects\NAZV2026\Anotacie\hotove_anotacie\Matej\19_4_2026_plocha1_part2_opravene\DJI_0261_W_37.jpg,D:\temp\Dropbox\projects\NAZV2026\Anotacie\hotove_anotacie\Matej\19_4_2026_plocha1_part2_opravene\DJI_0261_W_37.json,D:\temp\Dropbox\projects\NAZV2026\Anotacie\hotove_anotacie\Matej\19_4_2026_plocha1_part2_opravene\DJI_0261_W_37.jpg,D:\temp\Dropbox\projects\NAZV2026\Anotacie\hotove_anotacie\Matej\19_4_2026_plocha1_part2_opravene\DJI_0261_W_37.json,1c00a794ab1a00a37312bc6ff58d574410075bae7cd854556a19dff0da0b1731,D:\TreeDetector\data_staging\benchmark_v5\approved_generations\0ad51183d8d6120b_47dc9d42466b1922\annotations\5189079a8729c363.json,392456a602ee2ab01ca758964645327e83a5d349f1d8278cc5ceda8d913694d7,train,dji_0261_w,1024,1024,4,0,4,4
53311936a7e68385428894b57f38641f837659715f3b3351d794d791788711f4,53311936a7e68385428894b57f38641f837659715f3b3351d794d791788711f4.jpg,53311936a7e68385428894b57f38641f837659715f3b3351d794d791788711f4,60319c394e59d33fd4e8dbaeab2e739e700d788e2864b5d9a0251f735da1e66d,oliver,oliver/19_4_2026_plocha1_titles_1024_part1_Oliver_Surovy_NTB,D:\temp\Dropbox\projects\NAZV2026\Anotacie\hotove_anotacie\oliver\19_4_2026_plocha1_titles_1024_part1_Oliver_Surovy_NTB\DJI_0063_W_22.JPG,D:\temp\Dropbox\projects\NAZV2026\Anotacie\hotove_anotacie\oliver\19_4_2026_plocha1_titles_1024_part1_Oliver_Surovy_NTB\DJI_0063_W_22.json,D:\temp\Dropbox\projects\NAZV2026\Anotacie\hotove_anotacie\oliver\19_4_2026_plocha1_titles_1024_part1_Oliver_Surovy_NTB\DJI_0063_W_22.JPG,D:\temp\Dropbox\projects\NAZV2026\Anotacie\hotove_anotacie\oliver\19_4_2026_plocha1_titles_1024_part1_Oliver_Surovy_NTB\DJI_0063_W_22.json,d0d607150a6c40dbbe8273c9ee5b6d8ff3bb4b860aca481031a2791b2121b625,D:\TreeDetector\data_staging\benchmark_v5\approved_generations\0ad51183d8d6120b_47dc9d42466b1922\annotations\53311936a7e68385.json,544ba91d74728c4ce7a997b6e0faafb01e39b555114a3f613b749ff2a44357f3,train,dji_0063_w,1024,1024,11,5,16,16
54fc2134eed435e6aba24d95b1f837132e6cc67f4387f1308f4811b35af11b33,54fc2134eed435e6aba24d95b1f837132e6cc67f4387f1308f4811b35af11b33.jpg,54fc2134eed435e6aba24d95b1f837132e6cc67f4387f1308f4811b35af11b33,d3b206582e881da4d1c35587c384a69cb5714979a7ddca82b2cd67680e206c14,Jakub,Jakub/19_4hotove,D:\temp\Dropbox\projects\NAZV2026\Anotacie\hotove_anotacie\Jakub\19_4hotove\DJI_0799_W_17.JPG,D:\temp\Dropbox\projects\NAZV2026\Anotacie\hotove_anotacie\Jakub\19_4hotove\DJI_0799_W_17.json,D:\temp\Dropbox\projects\NAZV2026\Anotacie\hotove_anotacie\Jakub\19_4hotove\DJI_0799_W_17.JPG,D:\temp\Dropbox\projects\NAZV2026\Anotacie\hotove_anotacie\Jakub\19_4hotove\DJI_0799_W_17.json,24c75b5072c067518b524daef1a62599e79f8cac1495a004cecb4079f6ac9e4a,D:\TreeDetector\data_staging\benchmark_v5\approved_generations\0ad51183d8d6120b_47dc9d42466b1922\annotations\54fc2134eed435e6.json,147e3f522b70a94100920c643c4156ca6fea6d401be21490ca36703f56225c85,val,dji_0799_w,1024,1024,19,11,30,30
5534730ad66bda7d6d5eda58eaac0c6f66597ba6c514ecbbfbf03a1c4a4fceef,5534730ad66bda7d6d5eda58eaac0c6f66597ba6c514ecbbfbf03a1c4a4fceef.jpg,5534730ad66bda7d6d5eda58eaac0c6f66597ba6c514ecbbfbf03a1c4a4fceef,1c2a490c1c90c73cb6136bf16ac41e0efffdd262fe8f42b37b8f3ba479afca6c,oliver,oliver/19_4_2026_plocha1_titles_1024_part1_Oliver_Surovy_NTB,D:\temp\Dropbox\projects\NAZV2026\Anotacie\hotove_anotacie\oliver\19_4_2026_plocha1_titles_1024_part1_Oliver_Surovy_NTB\DJI_0067_W_9.JPG,D:\temp\Dropbox\projects\NAZV2026\Anotacie\hotove_anotacie\oliver\19_4_2026_plocha1_titles_1024_part1_Oliver_Surovy_NTB\DJI_0067_W_9.json,D:\temp\Dropbox\projects\NAZV2026\Anotacie\hotove_anotacie\oliver\19_4_2026_plocha1_titles_1024_part1_Oliver_Surovy_NTB\DJI_0067_W_9.JPG,D:\temp\Dropbox\projects\NAZV2026\Anotacie\hotove_anotacie\oliver\19_4_2026_plocha1_titles_1024_part1_Oliver_Surovy_NTB\DJI_0067_W_9.json,b551b57c83f08b56ab7fd8fa9ebf57b35fc149a232dfa5d1fa590212f1d981cb,D:\TreeDetector\data_staging\benchmark_v5\approved_generations\0ad51183d8d6120b_47dc9d42466b1922\annotations\5534730ad66bda7d.json,0fb881b5c017746b15d4d2bbaa32d0c4c15c640f92c6fda5d6a63b33287b2ce7,test,dji_0067_w,1024,1024,15,3,18,18
5632568eafe38077ee6390fe80184f7c514697bb00f1074ad36a473dd664ea7f,5632568eafe38077ee6390fe80184f7c514697bb00f1074ad36a473dd664ea7f.jpg,5632568eafe38077ee6390fe80184f7c514697bb00f1074ad36a473dd664ea7f,2ddeb09d19c72449df7411260d287cf739aa89bed320b28e37f3f08748a6a033,Jakub,Jakub/19_4hotove,D:\temp\Dropbox\projects\NAZV2026\Anotacie\hotove_anotacie\Jakub\19_4hotove\DJI_0805_W_8.JPG,D:\temp\Dropbox\projects\NAZV2026\Anotacie\hotove_anotacie\Jakub\19_4hotove\DJI_0805_W_8.json,D:\temp\Dropbox\projects\NAZV2026\Anotacie\hotove_anotacie\Jakub\19_4hotove\DJI_0805_W_8.JPG,D:\temp\Dropbox\projects\NAZV2026\Anotacie\hotove_anotacie\Jakub\19_4hotove\DJI_0805_W_8.json,18f06afbb5e8327155234d0b7dbb071ecc746bca55953d270dd6db1fc8082e25,D:\TreeDetector\data_staging\benchmark_v5\approved_generations\0ad51183d8d6120b_47dc9d42466b1922\annotations\5632568eafe38077.json,d2f639c75bf38ad145127906be84f9be97b680652782ff19bb0c74f56f369199,val,dji_0805_w,1024,1024,7,2,9,9
567d178f951d596af761868803b8b494fbbac53bda5485f98f942a9895182888,567d178f951d596af761868803b8b494fbbac53bda5485f98f942a9895182888.jpg,567d178f951d596af761868803b8b494fbbac53bda5485f98f942a9895182888,6e5c070c03a20558c579531dca9025079b56f123588d22119a33b904f418588d,Matej,Matej/19_4_2026_plocha1_part2_opravene,D:\temp\Dropbox\projects\NAZV2026\Anotacie\hotove_anotacie\Matej\19_4_2026_plocha1_part2_opravene\DJI_0263_W_5.jpg,D:\temp\Dropbox\projects\NAZV2026\Anotacie\hotove_anotacie\Matej\19_4_2026_plocha1_part2_opravene\DJI_0263_W_5.json,D:\temp\Dropbox\projects\NAZV2026\Anotacie\hotove_anotacie\Matej\19_4_2026_plocha1_part2_opravene\DJI_0263_W_5.jpg,D:\temp\Dropbox\projects\NAZV2026\Anotacie\hotove_anotacie\Matej\19_4_2026_plocha1_part2_opravene\DJI_0263_W_5.json,02acbe7038693e26a7118d08255dad57f32518b6d2a2f3d8f984fedd9385d4bc,D:\TreeDetector\data_staging\benchmark_v5\approved_generations\0ad51183d8d6120b_47dc9d42466b1922\annotations\567d178f951d596a.json,1047bc2958914bd4dac8e7b3bacab3e0e850e8f9613e2dd64eac2293a1fdb660,train,dji_0263_w,1024,1024,4,0,4,4
590fa92ec82ec82cd6b1b79794fbcd58f4946fed754efda7d062f0dbed8f8f28,590fa92ec82ec82cd6b1b79794fbcd58f4946fed754efda7d062f0dbed8f8f28.jpg,590fa92ec82ec82cd6b1b79794fbcd58f4946fed754efda7d062f0dbed8f8f28,a1da6f49d546cc3547fef24d3761bfc167a32d1d8f8a0332e275ac6fb9d69e0f,oliver,oliver/19_4_Plocha_1_part1,D:\temp\Dropbox\projects\NAZV2026\Anotacie\hotove_anotacie\oliver\19_4_Plocha_1_part1\DJI_0061_W_33.JPG,D:\temp\Dropbox\projects\NAZV2026\Anotacie\hotove_anotacie\oliver\19_4_Plocha_1_part1\DJI_0061_W_33.json,D:\temp\Dropbox\projects\NAZV2026\Anotacie\hotove_anotacie\oliver\19_4_Plocha_1_part1\DJI_0061_W_33.JPG,D:\temp\Dropbox\projects\NAZV2026\Anotacie\hotove_anotacie\oliver\19_4_Plocha_1_part1\DJI_0061_W_33.json,c7637a5701716a28a2084523c6f8eecf5ecbf9335129ce2e8803e0f6569dcafb,D:\TreeDetector\data_staging\benchmark_v5\approved_generations\0ad51183d8d6120b_47dc9d42466b1922\annotations\590fa92ec82ec82c.json,e2b0b85b5fdb14130bdeb1ddb928cae20fe8b3a0001f5c4bd1d3791d890b2673,train,dji_0061_w,1024,1024,26,0,26,26
594fcc2b6df0d364f24b61b1a7e70a11dbac392df11631ab92b477749dede699,594fcc2b6df0d364f24b61b1a7e70a11dbac392df11631ab92b477749dede699.jpg,594fcc2b6df0d364f24b61b1a7e70a11dbac392df11631ab92b477749dede699,f502668b242ef2cbaf630c7f6de7481712ccef1e5cc95dcc1a2a41c0a0a2b455,Matej,Matej/19_4_2026_plocha1_part2_opravene,D:\temp\Dropbox\projects\NAZV2026\Anotacie\hotove_anotacie\Matej\19_4_2026_plocha1_part2_opravene\DJI_0263_W_6.jpg,D:\temp\Dropbox\projects\NAZV2026\Anotacie\hotove_anotacie\Matej\19_4_2026_plocha1_part2_opravene\DJI_0263_W_6.json,D:\temp\Dropbox\projects\NAZV2026\Anotacie\hotove_anotacie\Matej\19_4_2026_plocha1_part2_opravene\DJI_0263_W_6.jpg,D:\temp\Dropbox\projects\NAZV2026\Anotacie\hotove_anotacie\Matej\19_4_2026_plocha1_part2_opravene\DJI_0263_W_6.json,8af65b5eaaee19172d43a86b9ea472b4553eb6aad7612081ce22d6f1dc262b21,D:\TreeDetector\data_staging\benchmark_v5\approved_generations\0ad51183d8d6120b_47dc9d42466b1922\annotations\594fcc2b6df0d364.json,73eaefdb2d574cba54c19d93c3deb55819f692569cfe2741bc50c915771f43b4,train,dji_0263_w,1024,1024,3,1,4,4
59f199936788132602c32f696cd9b397610ac81f8e2359748a77015adc1703f5,59f199936788132602c32f696cd9b397610ac81f8e2359748a77015adc1703f5.jpg,59f199936788132602c32f696cd9b397610ac81f8e2359748a77015adc1703f5,6588a16b7ab56c21cd25c7f112fe120e41b75968e4ec48dfa474aeaaaf21ab34,oliver,oliver/19_4_2026_plocha1_titles_1024_part1_Oliver_Surovy_NTB,D:\temp\Dropbox\projects\NAZV2026\Anotacie\hotove_anotacie\oliver\19_4_2026_plocha1_titles_1024_part1_Oliver_Surovy_NTB\DJI_0065_W_8.JPG,D:\temp\Dropbox\projects\NAZV2026\Anotacie\hotove_anotacie\oliver\19_4_2026_plocha1_titles_1024_part1_Oliver_Surovy_NTB\DJI_0065_W_8.json,D:\temp\Dropbox\projects\NAZV2026\Anotacie\hotove_anotacie\oliver\19_4_2026_plocha1_titles_1024_part1_Oliver_Surovy_NTB\DJI_0065_W_8.JPG,D:\temp\Dropbox\projects\NAZV2026\Anotacie\hotove_anotacie\oliver\19_4_2026_plocha1_titles_1024_part1_Oliver_Surovy_NTB\DJI_0065_W_8.json,f9874d6aa594ed0c1cc84933ec0dfd9488d5698dd2a759dd8a7948a818d7585c,D:\TreeDetector\data_staging\benchmark_v5\approved_generations\0ad51183d8d6120b_47dc9d42466b1922\annotations\59f1999367881326.json,1a7c27db4eae2348f16c1a5e9a559c407982f79acf7d5009b28f412a35f2fe6a,train,dji_0065_w,1024,1024,22,3,25,25
5a125cc19647328f24cfbeb423969452cea8fbf046561c755326d771047008a0,5a125cc19647328f24cfbeb423969452cea8fbf046561c755326d771047008a0.jpg,5a125cc19647328f24cfbeb423969452cea8fbf046561c755326d771047008a0,1603d4783c334dc6c10d281e19f1b4cd3357a1fff88430c16a3fdea87703157c,Matej,Matej/19_4_2026_plocha1_part2_opravene,D:\temp\Dropbox\projects\NAZV2026\Anotacie\hotove_anotacie\Matej\19_4_2026_plocha1_part2_opravene\DJI_0261_W_6.jpg,D:\temp\Dropbox\projects\NAZV2026\Anotacie\hotove_anotacie\Matej\19_4_2026_plocha1_part2_opravene\DJI_0261_W_6.json,D:\temp\Dropbox\projects\NAZV2026\Anotacie\hotove_anotacie\Matej\19_4_2026_plocha1_part2_opravene\DJI_0261_W_6.jpg,D:\temp\Dropbox\projects\NAZV2026\Anotacie\hotove_anotacie\Matej\19_4_2026_plocha1_part2_opravene\DJI_0261_W_6.json,ae38c589988dc0e009149b7e1e7f53ba9d68c6a40e899c632c98d92a95b92809,D:\TreeDetector\data_staging\benchmark_v5\approved_generations\0ad51183d8d6120b_47dc9d42466b1922\annotations\5a125cc19647328f.json,b3ede7df72b0b64fcdbee75c2fc2df1be4ae566b599cff1d4453143155ca3ba4,train,dji_0261_w,1024,1024,9,0,9,9
5ad9d3d160f8c41f7dd08ee40a0e2d2210d35ea2af0c0ae2daba3874bb766503,5ad9d3d160f8c41f7dd08ee40a0e2d2210d35ea2af0c0ae2daba3874bb766503.jpg,5ad9d3d160f8c41f7dd08ee40a0e2d2210d35ea2af0c0ae2daba3874bb766503,0c86adebf9c0bd4feaec9c788585b3d838fc979a079e1a172b7c92be99de44d9,Matej,Matej/19_4_2026_plocha1_part2_opravene,D:\temp\Dropbox\projects\NAZV2026\Anotacie\hotove_anotacie\Matej\19_4_2026_plocha1_part2_opravene\DJI_0261_W_36.jpg,D:\temp\Dropbox\projects\NAZV2026\Anotacie\hotove_anotacie\Matej\19_4_2026_plocha1_part2_opravene\DJI_0261_W_36.json,D:\temp\Dropbox\projects\NAZV2026\Anotacie\hotove_anotacie\Matej\19_4_2026_plocha1_part2_opravene\DJI_0261_W_36.jpg,D:\temp\Dropbox\projects\NAZV2026\Anotacie\hotove_anotacie\Matej\19_4_2026_plocha1_part2_opravene\DJI_0261_W_36.json,7dfb0f8b60ad1d60210d843ca3d08364c0629e23e8dc0839c47c140f4bfd9cc5,D:\TreeDetector\data_staging\benchmark_v5\approved_generations\0ad51183d8d6120b_47dc9d42466b1922\annotations\5ad9d3d160f8c41f.json,da56abb91866de07de6527bd0876755148bb56e3c125895b87a311ebe1c1869b,train,dji_0261_w,1024,1024,5,2,7,7
5af4d6247c7ddd0957ea8cbfe71f3743b561efbbd9241e8141401c6b7b16b37f,5af4d6247c7ddd0957ea8cbfe71f3743b561efbbd9241e8141401c6b7b16b37f.jpg,5af4d6247c7ddd0957ea8cbfe71f3743b561efbbd9241e8141401c6b7b16b37f,6d7ecde6df02251cecea710716d013ecbb2eb17f723d0856d9fe48bfe3abb25e,oliver,oliver/19_4_2026_plocha1_titles_1024_part1_Oliver_Surovy_NTB,D:\temp\Dropbox\projects\NAZV2026\Anotacie\hotove_anotacie\oliver\19_4_2026_plocha1_titles_1024_part1_Oliver_Surovy_NTB\DJI_0067_W_38.JPG,D:\temp\Dropbox\projects\NAZV2026\Anotacie\hotove_anotacie\oliver\19_4_2026_plocha1_titles_1024_part1_Oliver_Surovy_NTB\DJI_0067_W_38.json,D:\temp\Dropbox\projects\NAZV2026\Anotacie\hotove_anotacie\oliver\19_4_2026_plocha1_titles_1024_part1_Oliver_Surovy_NTB\DJI_0067_W_38.JPG,D:\temp\Dropbox\projects\NAZV2026\Anotacie\hotove_anotacie\oliver\19_4_2026_plocha1_titles_1024_part1_Oliver_Surovy_NTB\DJI_0067_W_38.json,8ade9a39f0cc6c10a3e33044ab4c31d961f49c6ce71be8d1f7a00ddb00a6961f,D:\TreeDetector\data_staging\benchmark_v5\approved_generations\0ad51183d8d6120b_47dc9d42466b1922\annotations\5af4d6247c7ddd09.json,ccff7933031c01f23cbf40dedc09468427535e118faa0bd860a6a5d24868085d,test,dji_0067_w,1024,1024,15,0,15,15
5d6581f2363a1cb8f9c9bb371c5328c6bce1a825ea5dc99866c10ef5e2bd0e8c,5d6581f2363a1cb8f9c9bb371c5328c6bce1a825ea5dc99866c10ef5e2bd0e8c.jpg,5d6581f2363a1cb8f9c9bb371c5328c6bce1a825ea5dc99866c10ef5e2bd0e8c,c65ff22645288e8977570d93ef147413b154a648a255fb37952d2cc3de00502f,Jakub,Jakub/19_4hotove,D:\temp\Dropbox\projects\NAZV2026\Anotacie\hotove_anotacie\Jakub\19_4hotove\DJI_0807_W_21.JPG,D:\temp\Dropbox\projects\NAZV2026\Anotacie\hotove_anotacie\Jakub\19_4hotove\DJI_0807_W_21.json,D:\temp\Dropbox\projects\NAZV2026\Anotacie\hotove_anotacie\Jakub\19_4hotove\DJI_0807_W_21.JPG,D:\temp\Dropbox\projects\NAZV2026\Anotacie\hotove_anotacie\Jakub\19_4hotove\DJI_0807_W_21.json,ebc09d8596a0db57798e089630cb548ec9ae1e689cd242a4c25595fd2ef99019,D:\TreeDetector\data_staging\benchmark_v5\approved_generations\0ad51183d8d6120b_47dc9d42466b1922\annotations\5d6581f2363a1cb8.json,436183af6d858b9c10116c4b33248d1bda57319f327b7d84ce38ae49c4ba0bad,train,dji_0807_w,1024,1024,9,1,10,10
5e476d60ca18d27054acd539b9309a7576779d6fadf6a63d32758aa15a6322c8,5e476d60ca18d27054acd539b9309a7576779d6fadf6a63d32758aa15a6322c8.jpg,5e476d60ca18d27054acd539b9309a7576779d6fadf6a63d32758aa15a6322c8,da5c77c4ea14cf3e10a8fd584c55d8cda2c8f7b9d2c02e28377228f8e6b283b9,oliver,oliver/19_4_2026_plocha1_titles_1024_part1_Oliver_Surovy_NTB,D:\temp\Dropbox\projects\NAZV2026\Anotacie\hotove_anotacie\oliver\19_4_2026_plocha1_titles_1024_part1_Oliver_Surovy_NTB\DJI_0067_W_5.JPG,D:\temp\Dropbox\projects\NAZV2026\Anotacie\hotove_anotacie\oliver\19_4_2026_plocha1_titles_1024_part1_Oliver_Surovy_NTB\DJI_0067_W_5.json,D:\temp\Dropbox\projects\NAZV2026\Anotacie\hotove_anotacie\oliver\19_4_2026_plocha1_titles_1024_part1_Oliver_Surovy_NTB\DJI_0067_W_5.JPG,D:\temp\Dropbox\projects\NAZV2026\Anotacie\hotove_anotacie\oliver\19_4_2026_plocha1_titles_1024_part1_Oliver_Surovy_NTB\DJI_0067_W_5.json,7c1debf9b13187252b1819fc7fabf6ef8c3e0e94c9ed39e522e8864369d53c38,D:\TreeDetector\data_staging\benchmark_v5\approved_generations\0ad51183d8d6120b_47dc9d42466b1922\annotations\5e476d60ca18d270.json,87cfd353d9c15a313729d73bcc02704147413431f9096f65c09de3fbcce49d3a,test,dji_0067_w,1024,1024,27,1,28,28
5ee5fd101ad32c5a7a40485597832e540952b43ad2ad23c2731fdb45b62a20fd,5ee5fd101ad32c5a7a40485597832e540952b43ad2ad23c2731fdb45b62a20fd.jpg,5ee5fd101ad32c5a7a40485597832e540952b43ad2ad23c2731fdb45b62a20fd,51ed39817e68f32e272a802feecee9b426b9abbb420532ac89ca3bde84277f86,Matej,Matej/19_4_2026_plocha1_part2_opravene,D:\temp\Dropbox\projects\NAZV2026\Anotacie\hotove_anotacie\Matej\19_4_2026_plocha1_part2_opravene\DJI_0261_W_8.jpg,D:\temp\Dropbox\projects\NAZV2026\Anotacie\hotove_anotacie\Matej\19_4_2026_plocha1_part2_opravene\DJI_0261_W_8.json,D:\temp\Dropbox\projects\NAZV2026\Anotacie\hotove_anotacie\Matej\19_4_2026_plocha1_part2_opravene\DJI_0261_W_8.jpg,D:\temp\Dropbox\projects\NAZV2026\Anotacie\hotove_anotacie\Matej\19_4_2026_plocha1_part2_opravene\DJI_0261_W_8.json,866e6ebc7d57e0d484c910e9c90429a8bb2fd36f0b9b2448b7f94b693e9111ea,D:\TreeDetector\data_staging\benchmark_v5\approved_generations\0ad51183d8d6120b_47dc9d42466b1922\annotations\5ee5fd101ad32c5a.json,3ec8f9c01db869f9d1e8d2249a6d94a4fe8a6b4068d65424e51151141729ed4e,train,dji_0261_w,1024,1024,1,0,1,1
5f4d57211b7fac2e7b283896073fbc34399222b9d81e05434203da43b496bb6d,5f4d57211b7fac2e7b283896073fbc34399222b9d81e05434203da43b496bb6d.jpg,5f4d57211b7fac2e7b283896073fbc34399222b9d81e05434203da43b496bb6d,ae2fe55001596cbed2081c28b1fea28ca960e9478261d25b821ca99663b1c7e5,oliver,oliver/19_4_2026_plocha1_titles_1024_part1_Oliver_Surovy_NTB,D:\temp\Dropbox\projects\NAZV2026\Anotacie\hotove_anotacie\oliver\19_4_2026_plocha1_titles_1024_part1_Oliver_Surovy_NTB\DJI_0065_W_32.JPG,D:\temp\Dropbox\projects\NAZV2026\Anotacie\hotove_anotacie\oliver\19_4_2026_plocha1_titles_1024_part1_Oliver_Surovy_NTB\DJI_0065_W_32.json,D:\temp\Dropbox\projects\NAZV2026\Anotacie\hotove_anotacie\oliver\19_4_2026_plocha1_titles_1024_part1_Oliver_Surovy_NTB\DJI_0065_W_32.JPG,D:\temp\Dropbox\projects\NAZV2026\Anotacie\hotove_anotacie\oliver\19_4_2026_plocha1_titles_1024_part1_Oliver_Surovy_NTB\DJI_0065_W_32.json,6e9519df9d0189f2fe4d09a63d41897c21166f66941b0a1d4f7c439b58dd52c2,D:\TreeDetector\data_staging\benchmark_v5\approved_generations\0ad51183d8d6120b_47dc9d42466b1922\annotations\5f4d57211b7fac2e.json,1def2e553919788f858b352a2285e4ecdb19bf1eb9c4a04d40993b55331113a8,train,dji_0065_w,1024,1024,3,3,6,6
602bd9fd8ac9c5a06118ca821c33aef7495a06a8c09f458b38ddc4962d0f7e16,602bd9fd8ac9c5a06118ca821c33aef7495a06a8c09f458b38ddc4962d0f7e16.jpg,602bd9fd8ac9c5a06118ca821c33aef7495a06a8c09f458b38ddc4962d0f7e16,14ba3f9920e823f5f0b17d05e927dd4dbba242061217963c42ebf1245341346b,oliver,oliver/19_4_2026_plocha1_titles_1024_part1_Oliver_Surovy_PC,D:\temp\Dropbox\projects\NAZV2026\Anotacie\hotove_anotacie\oliver\19_4_2026_plocha1_titles_1024_part1_Oliver_Surovy_PC\DJI_0063_W_8.JPG,D:\temp\Dropbox\projects\NAZV2026\Anotacie\hotove_anotacie\oliver\19_4_2026_plocha1_titles_1024_part1_Oliver_Surovy_PC\DJI_0063_W_8.json,D:\temp\Dropbox\projects\NAZV2026\Anotacie\hotove_anotacie\oliver\19_4_2026_plocha1_titles_1024_part1_Oliver_Surovy_PC\DJI_0063_W_8.JPG,D:\temp\Dropbox\projects\NAZV2026\Anotacie\hotove_anotacie\oliver\19_4_2026_plocha1_titles_1024_part1_Oliver_Surovy_PC\DJI_0063_W_8.json,108a35495ff838f7fb27acf1d6a2d9d437902bb2e4bbc2d6a59a43af6830f17e,D:\TreeDetector\data_staging\benchmark_v5\approved_generations\0ad51183d8d6120b_47dc9d42466b1922\annotations\602bd9fd8ac9c5a0.json,01c8c6600b5c30013d2b2b14e710c71be4fbe7d6c2d243c3dd8a2ab7fdbbfdb5,train,dji_0063_w,1024,1024,7,3,10,10
615c67c3fbe3203b98f9b34a64218f0ffb2f30ea04cf0e73a089c61c9e67eb44,615c67c3fbe3203b98f9b34a64218f0ffb2f30ea04cf0e73a089c61c9e67eb44.jpg,615c67c3fbe3203b98f9b34a64218f0ffb2f30ea04cf0e73a089c61c9e67eb44,6020c0f3c4f0710842651ec2d6c86ad42a908b9ff287b74f44aa05780f053fab,Matej,Matej/19_4_2026_plocha1_part2_opravene,D:\temp\Dropbox\projects\NAZV2026\Anotacie\hotove_anotacie\Matej\19_4_2026_plocha1_part2_opravene\DJI_0261_W_12.jpg,D:\temp\Dropbox\projects\NAZV2026\Anotacie\hotove_anotacie\Matej\19_4_2026_plocha1_part2_opravene\DJI_0261_W_12.json,D:\temp\Dropbox\projects\NAZV2026\Anotacie\hotove_anotacie\Matej\19_4_2026_plocha1_part2_opravene\DJI_0261_W_12.jpg,D:\temp\Dropbox\projects\NAZV2026\Anotacie\hotove_anotacie\Matej\19_4_2026_plocha1_part2_opravene\DJI_0261_W_12.json,fc427224122841b9c1adb1e414b85b4dd1bdcb9c6902695b53d86fddcc36e42f,D:\TreeDetector\data_staging\benchmark_v5\approved_generations\0ad51183d8d6120b_47dc9d42466b1922\annotations\615c67c3fbe3203b.json,60034cd4ba790d702d9ad6360a2723918eb267441fad7702a64a2902348b7864,train,dji_0261_w,1024,1024,2,0,2,2
630a262c14930b3f57a6a66000de3ad109b8185fcfcbc1d39c84f4c245ee9400,630a262c14930b3f57a6a66000de3ad109b8185fcfcbc1d39c84f4c245ee9400.jpg,630a262c14930b3f57a6a66000de3ad109b8185fcfcbc1d39c84f4c245ee9400,7799edbbc31dca7599cad7863defc8a3a36ecb3f518a05faf45d6d39201715fa,oliver,oliver/19_4_2026_plocha1_titles_1024_part1_Oliver_Surovy_NTB,D:\temp\Dropbox\projects\NAZV2026\Anotacie\hotove_anotacie\oliver\19_4_2026_plocha1_titles_1024_part1_Oliver_Surovy_NTB\DJI_0067_W_35.JPG,D:\temp\Dropbox\projects\NAZV2026\Anotacie\hotove_anotacie\oliver\19_4_2026_plocha1_titles_1024_part1_Oliver_Surovy_NTB\DJI_0067_W_35.json,D:\temp\Dropbox\projects\NAZV2026\Anotacie\hotove_anotacie\oliver\19_4_2026_plocha1_titles_1024_part1_Oliver_Surovy_NTB\DJI_0067_W_35.JPG,D:\temp\Dropbox\projects\NAZV2026\Anotacie\hotove_anotacie\oliver\19_4_2026_plocha1_titles_1024_part1_Oliver_Surovy_NTB\DJI_0067_W_35.json,376427c59d11ba529e2978c927d0320dd848e04f6a2146f6946ccf195dd4fe99,D:\TreeDetector\data_staging\benchmark_v5\approved_generations\0ad51183d8d6120b_47dc9d42466b1922\annotations\630a262c14930b3f.json,1c15b6adbaca395319a99e52d360f8bb3ec34d6bd140a3c1b47218ddde49b6b4,test,dji_0067_w,1024,1024,7,6,13,13
638dc56cfa9eec8dd8dc32c335a9252469f58b6bbdeea4183df5d853ad23940a,638dc56cfa9eec8dd8dc32c335a9252469f58b6bbdeea4183df5d853ad23940a.jpg,638dc56cfa9eec8dd8dc32c335a9252469f58b6bbdeea4183df5d853ad23940a,c4c72aa81ad49e10aaad846bfd4132d9afc2d41e1b02e381ceae051cdb633915,Jakub,Jakub/1.2.2026_hotovo (1)/1.2.2026_hotovo,D:\temp\Dropbox\projects\NAZV2026\Anotacie\hotove_anotacie\Jakub\1.2.2026_hotovo (1)\1.2.2026_hotovo\DJI_0049_W_12.JPG,D:\temp\Dropbox\projects\NAZV2026\Anotacie\hotove_anotacie\Jakub\1.2.2026_hotovo (1)\1.2.2026_hotovo\DJI_0049_W_12.json,D:\temp\Dropbox\projects\NAZV2026\Anotacie\hotove_anotacie\Jakub\1.2.2026_hotovo (1)\1.2.2026_hotovo\DJI_0049_W_12.JPG,D:\temp\Dropbox\projects\NAZV2026\Anotacie\hotove_anotacie\Jakub\1.2.2026_hotovo (1)\1.2.2026_hotovo\DJI_0049_W_12.json,d2738e811dc6bcf565f4a40c43e50f74b8f7b16c211658535e78cae3d54d0dc5,D:\TreeDetector\data_staging\benchmark_v5\approved_generations\0ad51183d8d6120b_47dc9d42466b1922\annotations\638dc56cfa9eec8d.json,7e8b4804c57f40e8bf639111a0e994be1155e36414c342906e8159b9dff0a222,train,dji_0049_w,1024,1024,17,3,20,20
64391e0f5fa45a4dcda28b0078ddb703e68139b13ced2e1b886459442e99c802,64391e0f5fa45a4dcda28b0078ddb703e68139b13ced2e1b886459442e99c802.jpg,64391e0f5fa45a4dcda28b0078ddb703e68139b13ced2e1b886459442e99c802,8a83780c16d01658bfec8fcedcab0deddf858b81a81e78a3181edb1c5ab14a09,Jakub,Jakub/19_4hotove,D:\temp\Dropbox\projects\NAZV2026\Anotacie\hotove_anotacie\Jakub\19_4hotove\DJI_0805_W_1.JPG,D:\temp\Dropbox\projects\NAZV2026\Anotacie\hotove_anotacie\Jakub\19_4hotove\DJI_0805_W_1.json,D:\temp\Dropbox\projects\NAZV2026\Anotacie\hotove_anotacie\Jakub\19_4hotove\DJI_0805_W_1.JPG,D:\temp\Dropbox\projects\NAZV2026\Anotacie\hotove_anotacie\Jakub\19_4hotove\DJI_0805_W_1.json,767f6a9f910b673c43a87738646cab27173442c0185eac27b571fd0cdd3b58c4,D:\TreeDetector\data_staging\benchmark_v5\approved_generations\0ad51183d8d6120b_47dc9d42466b1922\annotations\64391e0f5fa45a4d.json,88c42d1fc0af3cf7fc9f079e5f55f143b0fa92a54db38bf99d8faf74f1091d4b,val,dji_0805_w,1024,1024,15,8,23,23
64b7aeeaa1eea68ae885160775e50e6251889c3791e0848dc74987e3bcb38f0e,64b7aeeaa1eea68ae885160775e50e6251889c3791e0848dc74987e3bcb38f0e.jpg,64b7aeeaa1eea68ae885160775e50e6251889c3791e0848dc74987e3bcb38f0e,063702db5013d87f594569942e7fe0499e702dfee425e215d5644bc1472c03de,Marek,Marek/1.2.2026_tiles_1024,D:\temp\Dropbox\projects\NAZV2026\Anotacie\hotove_anotacie\Marek\1.2.2026_tiles_1024\DJI_0049_W_11.JPG,D:\temp\Dropbox\projects\NAZV2026\Anotacie\hotove_anotacie\Marek\1.2.2026_tiles_1024\DJI_0049_W_11.json,D:\temp\Dropbox\projects\NAZV2026\Anotacie\hotove_anotacie\Marek\1.2.2026_tiles_1024\DJI_0049_W_11.JPG,D:\temp\Dropbox\projects\NAZV2026\Anotacie\hotove_anotacie\Marek\1.2.2026_tiles_1024\DJI_0049_W_11.json,b21a976ca982c54bbeb265c37ec03fabab74793954dcb86239a15feddac7e5c9,D:\TreeDetector\data_staging\benchmark_v5\approved_generations\0ad51183d8d6120b_47dc9d42466b1922\annotations\64b7aeeaa1eea68a.json,66a5c611eadd105a7e99ad95ee88a3afe6847cd0aeea00f2ac851a274fb01cb4,train,dji_0049_w,1024,1024,8,6,14,14
64e2471845dafecfc9a99a02d1ab8bc5da607be2f904e58359d950597227ee87,64e2471845dafecfc9a99a02d1ab8bc5da607be2f904e58359d950597227ee87.jpg,64e2471845dafecfc9a99a02d1ab8bc5da607be2f904e58359d950597227ee87,c9ed35d5b6e8a7ce7fc3dc8d5dfb0c474beab6b7063b89b9ff01c71edbd2dd49,oliver,oliver/19_4_Plocha_1_part1,D:\temp\Dropbox\projects\NAZV2026\Anotacie\hotove_anotacie\oliver\19_4_Plocha_1_part1\DJI_0061_W_24.JPG,D:\temp\Dropbox\projects\NAZV2026\Anotacie\hotove_anotacie\oliver\19_4_Plocha_1_part1\DJI_0061_W_24.json,D:\temp\Dropbox\projects\NAZV2026\Anotacie\hotove_anotacie\oliver\19_4_Plocha_1_part1\DJI_0061_W_24.JPG,D:\temp\Dropbox\projects\NAZV2026\Anotacie\hotove_anotacie\oliver\19_4_Plocha_1_part1\DJI_0061_W_24.json,bc7333dc6e862ead230eb0df008ea4773e75f55a7b66080c332dcc5a59b78e46,D:\TreeDetector\data_staging\benchmark_v5\approved_generations\0ad51183d8d6120b_47dc9d42466b1922\annotations\64e2471845dafecf.json,ecb0193b88eefa246c31a1d8967f597b895e76bd150e99d9f3f1da5196f9e6b3,train,dji_0061_w,1024,1024,32,0,32,32
652fc442e4426cdce9e3602b68bc2a053b81ccd44c0af33fa7ef9315f70b0573,652fc442e4426cdce9e3602b68bc2a053b81ccd44c0af33fa7ef9315f70b0573.jpg,652fc442e4426cdce9e3602b68bc2a053b81ccd44c0af33fa7ef9315f70b0573,c1cbbf3b2260f372286e3ea268a3aa510173cc5544d604a281f508934fc2cb41,oliver,oliver/19_4_2026_plocha1_titles_1024_part1_Oliver_Surovy_NTB,D:\temp\Dropbox\projects\NAZV2026\Anotacie\hotove_anotacie\oliver\19_4_2026_plocha1_titles_1024_part1_Oliver_Surovy_NTB\DJI_0063_W_33.JPG,D:\temp\Dropbox\projects\NAZV2026\Anotacie\hotove_anotacie\oliver\19_4_2026_plocha1_titles_1024_part1_Oliver_Surovy_NTB\DJI_0063_W_33.json,D:\temp\Dropbox\projects\NAZV2026\Anotacie\hotove_anotacie\oliver\19_4_2026_plocha1_titles_1024_part1_Oliver_Surovy_NTB\DJI_0063_W_33.JPG,D:\temp\Dropbox\projects\NAZV2026\Anotacie\hotove_anotacie\oliver\19_4_2026_plocha1_titles_1024_part1_Oliver_Surovy_NTB\DJI_0063_W_33.json,42bfe093ac0f9b6b0e8eca9b1965129ddae1c9b36060130d22069beada683a19,D:\TreeDetector\data_staging\benchmark_v5\approved_generations\0ad51183d8d6120b_47dc9d42466b1922\annotations\652fc442e4426cdc.json,fbd13cf0a989dca81585beb32ae54e25a8f12e80ff4eb625e90684ddd1f7c159,train,dji_0063_w,1024,1024,12,4,16,16
664b2898a3e086ac26ab4a7f2d9f510e648215a39ea11ea8ad5f6dda412e94d8,664b2898a3e086ac26ab4a7f2d9f510e648215a39ea11ea8ad5f6dda412e94d8.jpg,664b2898a3e086ac26ab4a7f2d9f510e648215a39ea11ea8ad5f6dda412e94d8,7260714bfd4bfa6e035f3081d8e722dd1f2f2d6a130a3ac5c8808f66343f157a,oliver,oliver/hotove-stromceky,D:\temp\Dropbox\projects\NAZV2026\Anotacie\hotove_anotacie\oliver\hotove-stromceky\DJI_0061_W_30.JPG,D:\temp\Dropbox\projects\NAZV2026\Anotacie\hotove_anotacie\oliver\hotove-stromceky\DJI_0061_W_30.json,D:\temp\Dropbox\projects\NAZV2026\Anotacie\hotove_anotacie\oliver\hotove-stromceky\DJI_0061_W_30.JPG,D:\temp\Dropbox\projects\NAZV2026\Anotacie\hotove_anotacie\oliver\hotove-stromceky\DJI_0061_W_30.json,29b6a99e57ef2d177d1ad7f71907c3f93d652915ff56bdb27442fb8cca7cc855,D:\TreeDetector\data_staging\benchmark_v5\approved_generations\0ad51183d8d6120b_47dc9d42466b1922\annotations\664b2898a3e086ac.json,be24193ca0ec0dfd9a3db678bd7c56dd800109f4c1debc73a2d2e04d1c7d512c,train,dji_0061_w,1024,1024,19,2,21,21
667bf466dbe5bae6bb262da159d6713fecf1e166290425c96cf319a9b04a8b30,667bf466dbe5bae6bb262da159d6713fecf1e166290425c96cf319a9b04a8b30.jpg,667bf466dbe5bae6bb262da159d6713fecf1e166290425c96cf319a9b04a8b30,d96a76a40130b24b15379a093d68f4d302feba33f3121acb417089746c4d9bb5,oliver,oliver/19_4_2026_plocha1_titles_1024_part1_Oliver_Surovy_NTB,D:\temp\Dropbox\projects\NAZV2026\Anotacie\hotove_anotacie\oliver\19_4_2026_plocha1_titles_1024_part1_Oliver_Surovy_NTB\DJI_0065_W_2.JPG,D:\temp\Dropbox\projects\NAZV2026\Anotacie\hotove_anotacie\oliver\19_4_2026_plocha1_titles_1024_part1_Oliver_Surovy_NTB\DJI_0065_W_2.json,D:\temp\Dropbox\projects\NAZV2026\Anotacie\hotove_anotacie\oliver\19_4_2026_plocha1_titles_1024_part1_Oliver_Surovy_NTB\DJI_0065_W_2.JPG,D:\temp\Dropbox\projects\NAZV2026\Anotacie\hotove_anotacie\oliver\19_4_2026_plocha1_titles_1024_part1_Oliver_Surovy_NTB\DJI_0065_W_2.json,9649662de56a9c11eab407e233d31dffe7f78e6e8e8269450bf7e8b2710cbbec,D:\TreeDetector\data_staging\benchmark_v5\approved_generations\0ad51183d8d6120b_47dc9d42466b1922\annotations\667bf466dbe5bae6.json,35d21c5bb38e930467f60e542806e0c33db56015c38c65e12ab1a4cc03fe70ca,train,dji_0065_w,1024,1024,23,2,25,25
691fc354e93d7dd764b07f44b07942ea275fcff48bf6cef8108af6c90f86d638,691fc354e93d7dd764b07f44b07942ea275fcff48bf6cef8108af6c90f86d638.jpg,691fc354e93d7dd764b07f44b07942ea275fcff48bf6cef8108af6c90f86d638,62ed418df284a7fac9ea48758e356b09ddecc0696f77b24efdee46d2e1a48a43,Matej,Matej/19_4_2026_plocha1_part2_opravene,D:\temp\Dropbox\projects\NAZV2026\Anotacie\hotove_anotacie\Matej\19_4_2026_plocha1_part2_opravene\DJI_0259_W_3.jpg,D:\temp\Dropbox\projects\NAZV2026\Anotacie\hotove_anotacie\Matej\19_4_2026_plocha1_part2_opravene\DJI_0259_W_3.json,D:\temp\Dropbox\projects\NAZV2026\Anotacie\hotove_anotacie\Matej\19_4_2026_plocha1_part2_opravene\DJI_0259_W_3.jpg,D:\temp\Dropbox\projects\NAZV2026\Anotacie\hotove_anotacie\Matej\19_4_2026_plocha1_part2_opravene\DJI_0259_W_3.json,fc01950529edabc68f813718b691e4b784e200c938a4b834e78512fce97b9dda,D:\TreeDetector\data_staging\benchmark_v5\approved_generations\0ad51183d8d6120b_47dc9d42466b1922\annotations\691fc354e93d7dd7.json,1335ad62b215a88949dce489d785595aeabcf0b861709a17e083a14155a7deba,val,dji_0259_w,1024,1024,10,0,10,10
6a255484afc4d86011ee643180e50e2fbdd7ce135496b784e3621b0bb1373b40,6a255484afc4d86011ee643180e50e2fbdd7ce135496b784e3621b0bb1373b40.jpg,6a255484afc4d86011ee643180e50e2fbdd7ce135496b784e3621b0bb1373b40,2d1ecd685a1746c20d2d87e235c59555c5d197f1cb32a02e53e8fa17ec7768b2,oliver,oliver/19_4_2026_plocha1_titles_1024_part1_Oliver_Surovy_NTB,D:\temp\Dropbox\projects\NAZV2026\Anotacie\hotove_anotacie\oliver\19_4_2026_plocha1_titles_1024_part1_Oliver_Surovy_NTB\DJI_0063_W_29.JPG,D:\temp\Dropbox\projects\NAZV2026\Anotacie\hotove_anotacie\oliver\19_4_2026_plocha1_titles_1024_part1_Oliver_Surovy_NTB\DJI_0063_W_29.json,D:\temp\Dropbox\projects\NAZV2026\Anotacie\hotove_anotacie\oliver\19_4_2026_plocha1_titles_1024_part1_Oliver_Surovy_NTB\DJI_0063_W_29.JPG,D:\temp\Dropbox\projects\NAZV2026\Anotacie\hotove_anotacie\oliver\19_4_2026_plocha1_titles_1024_part1_Oliver_Surovy_NTB\DJI_0063_W_29.json,1f2749b92529cb6760f9f9c4d57114b96d61340f1837201fb35279714e35c3b3,D:\TreeDetector\data_staging\benchmark_v5\approved_generations\0ad51183d8d6120b_47dc9d42466b1922\annotations\6a255484afc4d860.json,ab2359407dfa5e2cbb861d50fa139739887f3af75e10135b0764df5e7b63f5ee,train,dji_0063_w,1024,1024,7,7,14,14
6c4917759f93f385d78786281bcbc27032f7965a2abf1e8b33a14a20b651df1a,6c4917759f93f385d78786281bcbc27032f7965a2abf1e8b33a14a20b651df1a.jpg,6c4917759f93f385d78786281bcbc27032f7965a2abf1e8b33a14a20b651df1a,76a988cf53080f1797c8f001f37f2ba4a1fa58cfc877d23bc40783e7f299f96a,oliver,oliver/19_4_2026_plocha1_titles_1024_part1_Oliver_Surovy_NTB,D:\temp\Dropbox\projects\NAZV2026\Anotacie\hotove_anotacie\oliver\19_4_2026_plocha1_titles_1024_part1_Oliver_Surovy_NTB\DJI_0065_W_1.JPG,D:\temp\Dropbox\projects\NAZV2026\Anotacie\hotove_anotacie\oliver\19_4_2026_plocha1_titles_1024_part1_Oliver_Surovy_NTB\DJI_0065_W_1.json,D:\temp\Dropbox\projects\NAZV2026\Anotacie\hotove_anotacie\oliver\19_4_2026_plocha1_titles_1024_part1_Oliver_Surovy_NTB\DJI_0065_W_1.JPG,D:\temp\Dropbox\projects\NAZV2026\Anotacie\hotove_anotacie\oliver\19_4_2026_plocha1_titles_1024_part1_Oliver_Surovy_NTB\DJI_0065_W_1.json,ca06697938bad15d7751fa9aea81ad34bbfaec4f09abe495bec178cb6dbfcdec,D:\TreeDetector\data_staging\benchmark_v5\approved_generations\0ad51183d8d6120b_47dc9d42466b1922\annotations\6c4917759f93f385.json,82c5ae4210ea1e96ed63880b01b502c7b2059db5a4e76283758b15a0a2a4aadf,train,dji_0065_w,1024,1024,8,4,12,12
6cabad3d320051bd8ecfd1624fc9a3d5260124476427488e96c926aef36358f0,6cabad3d320051bd8ecfd1624fc9a3d5260124476427488e96c926aef36358f0.jpg,6cabad3d320051bd8ecfd1624fc9a3d5260124476427488e96c926aef36358f0,254d6a7479366b06ed8816d297418a668c6f3d6c3dd4f4c5e876b660593698c1,oliver,oliver/19_4_2026_plocha1_titles_1024_part1_Oliver_Surovy_NTB,D:\temp\Dropbox\projects\NAZV2026\Anotacie\hotove_anotacie\oliver\19_4_2026_plocha1_titles_1024_part1_Oliver_Surovy_NTB\DJI_0067_W_28.JPG,D:\temp\Dropbox\projects\NAZV2026\Anotacie\hotove_anotacie\oliver\19_4_2026_plocha1_titles_1024_part1_Oliver_Surovy_NTB\DJI_0067_W_28.json,D:\temp\Dropbox\projects\NAZV2026\Anotacie\hotove_anotacie\oliver\19_4_2026_plocha1_titles_1024_part1_Oliver_Surovy_NTB\DJI_0067_W_28.JPG,D:\temp\Dropbox\projects\NAZV2026\Anotacie\hotove_anotacie\oliver\19_4_2026_plocha1_titles_1024_part1_Oliver_Surovy_NTB\DJI_0067_W_28.json,880f6b2514126e1d0b4d3e70cc6b0791e32d590e556742a7672c466f2677fae6,D:\TreeDetector\data_staging\benchmark_v5\approved_generations\0ad51183d8d6120b_47dc9d42466b1922\annotations\6cabad3d320051bd.json,1b64060d860304cc91338bcf6947babab2dd97e09255abb230d0ae53a021b757,test,dji_0067_w,1024,1024,15,1,16,16
6f7582036be61599b6177ecfc597e69fff181c6b9641bab501f1434a71898d37,6f7582036be61599b6177ecfc597e69fff181c6b9641bab501f1434a71898d37.jpg,6f7582036be61599b6177ecfc597e69fff181c6b9641bab501f1434a71898d37,3e520e864225d9dddf3b65190f720d2206af2acef4447ce4e1022b049250c810,Jakub,Jakub/19_4hotove,D:\temp\Dropbox\projects\NAZV2026\Anotacie\hotove_anotacie\Jakub\19_4hotove\DJI_0807_W_37.JPG,D:\temp\Dropbox\projects\NAZV2026\Anotacie\hotove_anotacie\Jakub\19_4hotove\DJI_0807_W_37.json,D:\temp\Dropbox\projects\NAZV2026\Anotacie\hotove_anotacie\Jakub\19_4hotove\DJI_0807_W_37.JPG,D:\temp\Dropbox\projects\NAZV2026\Anotacie\hotove_anotacie\Jakub\19_4hotove\DJI_0807_W_37.json,587d5abd2dfba564f67266020ebf7028935ca52d7a52421336398e973055f9d3,D:\TreeDetector\data_staging\benchmark_v5\approved_generations\0ad51183d8d6120b_47dc9d42466b1922\annotations\6f7582036be61599.json,deb422afa0ff6142bc15255364ae499fd015914140aed2e196a82de0278bcf68,train,dji_0807_w,1024,1024,3,1,4,4
6fd36bfa1198d74d8b443e723904ae94530f6a5ba044d02750ea190ef63f85f0,6fd36bfa1198d74d8b443e723904ae94530f6a5ba044d02750ea190ef63f85f0.jpg,6fd36bfa1198d74d8b443e723904ae94530f6a5ba044d02750ea190ef63f85f0,3dc5b0e63de7b51f5c0eb3bcd3497bca43edf2b5842ce239a55a9482f3615073,Jakub,Jakub/1.2.2026_hotovo (1)/1.2.2026_hotovo,D:\temp\Dropbox\projects\NAZV2026\Anotacie\hotove_anotacie\Jakub\1.2.2026_hotovo (1)\1.2.2026_hotovo\DJI_0049_W_29.JPG,D:\temp\Dropbox\projects\NAZV2026\Anotacie\hotove_anotacie\Jakub\1.2.2026_hotovo (1)\1.2.2026_hotovo\DJI_0049_W_29.json,D:\temp\Dropbox\projects\NAZV2026\Anotacie\hotove_anotacie\Jakub\1.2.2026_hotovo (1)\1.2.2026_hotovo\DJI_0049_W_29.JPG,D:\temp\Dropbox\projects\NAZV2026\Anotacie\hotove_anotacie\Jakub\1.2.2026_hotovo (1)\1.2.2026_hotovo\DJI_0049_W_29.json,20e0e2a154bc8370b8060d3bfe0c21722613570f7d1a16ddf50e37e6af2056e0,D:\TreeDetector\data_staging\benchmark_v5\approved_generations\0ad51183d8d6120b_47dc9d42466b1922\annotations\6fd36bfa1198d74d.json,b715efa1ebc9ce747cb61f48b7bff6017da4c82bb3342ad54756b4dc2ea5c615,train,dji_0049_w,1024,1024,23,8,31,31
70e5f5c4ab5005ddd918ef0363a2798172b065afe588f54337f0627ac288e7d6,70e5f5c4ab5005ddd918ef0363a2798172b065afe588f54337f0627ac288e7d6.jpg,70e5f5c4ab5005ddd918ef0363a2798172b065afe588f54337f0627ac288e7d6,191d4a71b68a8aa5b580148c7152b3c53fe917730b3677f0f93be14143eed7e2,oliver,oliver/19_4_2026_plocha1_titles_1024_part1_Oliver_Surovy_NTB,D:\temp\Dropbox\projects\NAZV2026\Anotacie\hotove_anotacie\oliver\19_4_2026_plocha1_titles_1024_part1_Oliver_Surovy_NTB\DJI_0063_W_26.JPG,D:\temp\Dropbox\projects\NAZV2026\Anotacie\hotove_anotacie\oliver\19_4_2026_plocha1_titles_1024_part1_Oliver_Surovy_NTB\DJI_0063_W_26.json,D:\temp\Dropbox\projects\NAZV2026\Anotacie\hotove_anotacie\oliver\19_4_2026_plocha1_titles_1024_part1_Oliver_Surovy_NTB\DJI_0063_W_26.JPG,D:\temp\Dropbox\projects\NAZV2026\Anotacie\hotove_anotacie\oliver\19_4_2026_plocha1_titles_1024_part1_Oliver_Surovy_NTB\DJI_0063_W_26.json,4dc56d41139616c6509cdd4f61e2afdc719480fcd052a8910241d528d2377142,D:\TreeDetector\data_staging\benchmark_v5\approved_generations\0ad51183d8d6120b_47dc9d42466b1922\annotations\70e5f5c4ab5005dd.json,f227a04e95b29d90f81ff08b0389fd88cfe2c737843e3e605b7c167fc293de48,train,dji_0063_w,1024,1024,16,4,20,20
7454d1821d5509c60423069f40ff6626159aed040d03f731f3d5b187a9a69b09,7454d1821d5509c60423069f40ff6626159aed040d03f731f3d5b187a9a69b09.jpg,7454d1821d5509c60423069f40ff6626159aed040d03f731f3d5b187a9a69b09,af389d463b053559456fe48b3a43baa60c2c53d04caec367fc5c1300c150a7ab,oliver,oliver/hotove-stromceky,D:\temp\Dropbox\projects\NAZV2026\Anotacie\hotove_anotacie\oliver\hotove-stromceky\DJI_0061_W_8.JPG,D:\temp\Dropbox\projects\NAZV2026\Anotacie\hotove_anotacie\oliver\hotove-stromceky\DJI_0061_W_8.json,D:\temp\Dropbox\projects\NAZV2026\Anotacie\hotove_anotacie\oliver\hotove-stromceky\DJI_0061_W_8.JPG,D:\temp\Dropbox\projects\NAZV2026\Anotacie\hotove_anotacie\oliver\hotove-stromceky\DJI_0061_W_8.json,f6cdd21d779f397ec3dd0d2ff93a6432104fead2e08afbb3ec96b8438ae2329f,D:\TreeDetector\data_staging\benchmark_v5\approved_generations\0ad51183d8d6120b_47dc9d42466b1922\annotations\7454d1821d5509c6.json,98431aa862c060ad3952b0f55e9ca58d4c071293b1746518a803276a881a172b,train,dji_0061_w,1024,1024,12,1,13,13
75436f62b8315bb5004621e660471c6bccb0182de48e4933ca00c19ed35cb1e0,75436f62b8315bb5004621e660471c6bccb0182de48e4933ca00c19ed35cb1e0.jpg,75436f62b8315bb5004621e660471c6bccb0182de48e4933ca00c19ed35cb1e0,27fd122e8c6780c8603bf007b682d42ca0866ebd752fcfdcf4e868693d794083,Matej,Matej/19_4_2026_plocha1_part2_opravene,D:\temp\Dropbox\projects\NAZV2026\Anotacie\hotove_anotacie\Matej\19_4_2026_plocha1_part2_opravene\DJI_0259_W_18.jpg,D:\temp\Dropbox\projects\NAZV2026\Anotacie\hotove_anotacie\Matej\19_4_2026_plocha1_part2_opravene\DJI_0259_W_18.json,D:\temp\Dropbox\projects\NAZV2026\Anotacie\hotove_anotacie\Matej\19_4_2026_plocha1_part2_opravene\DJI_0259_W_18.jpg,D:\temp\Dropbox\projects\NAZV2026\Anotacie\hotove_anotacie\Matej\19_4_2026_plocha1_part2_opravene\DJI_0259_W_18.json,fff7f03e45dae807d88c92d57d5357aa1930e102e68d316c890ab5bffb7ad617,D:\TreeDetector\data_staging\benchmark_v5\approved_generations\0ad51183d8d6120b_47dc9d42466b1922\annotations\75436f62b8315bb5.json,126160630570fc3493a7da86f86b3c6fed39bbd7650e00f1f9e949e6f262ac34,val,dji_0259_w,1024,1024,1,0,1,1
764692535ab832b11597132f65c947b5cba485b9d6c0dcf0440cb304c96a250d,764692535ab832b11597132f65c947b5cba485b9d6c0dcf0440cb304c96a250d.jpg,764692535ab832b11597132f65c947b5cba485b9d6c0dcf0440cb304c96a250d,0c655aa8508ca0a90044c8b69da63335ce4c108a9a69bcaf78730d7e43689650,oliver,oliver/19_4_Plocha_1_part1,D:\temp\Dropbox\projects\NAZV2026\Anotacie\hotove_anotacie\oliver\19_4_Plocha_1_part1\DJI_0061_W_14.JPG,D:\temp\Dropbox\projects\NAZV2026\Anotacie\hotove_anotacie\oliver\19_4_Plocha_1_part1\DJI_0061_W_14.json,D:\temp\Dropbox\projects\NAZV2026\Anotacie\hotove_anotacie\oliver\19_4_Plocha_1_part1\DJI_0061_W_14.JPG,D:\temp\Dropbox\projects\NAZV2026\Anotacie\hotove_anotacie\oliver\19_4_Plocha_1_part1\DJI_0061_W_14.json,87f50bfa14bac7ce58f350d94b6f9b60bf3c54ce9aae21047519216302f41711,D:\TreeDetector\data_staging\benchmark_v5\approved_generations\0ad51183d8d6120b_47dc9d42466b1922\annotations\764692535ab832b1.json,c739027c26a2082768df70749bd549a5ef78a98a34880268c4c78a157705c1dd,train,dji_0061_w,1024,1024,4,0,4,4
775649ddeffa546a085bcf51d72297d91f1bc5ffa0b548713f424c97e065a22a,775649ddeffa546a085bcf51d72297d91f1bc5ffa0b548713f424c97e065a22a.jpg,775649ddeffa546a085bcf51d72297d91f1bc5ffa0b548713f424c97e065a22a,3ef33a0701bb9192fbfbd12138b32bdc77afe129ca16ee2dbffba9cb77704b3b,oliver,oliver/19_4_2026_plocha1_titles_1024_part1_Oliver_Surovy_PC,D:\temp\Dropbox\projects\NAZV2026\Anotacie\hotove_anotacie\oliver\19_4_2026_plocha1_titles_1024_part1_Oliver_Surovy_PC\DJI_0063_W_16.JPG,D:\temp\Dropbox\projects\NAZV2026\Anotacie\hotove_anotacie\oliver\19_4_2026_plocha1_titles_1024_part1_Oliver_Surovy_PC\DJI_0063_W_16.json,D:\temp\Dropbox\projects\NAZV2026\Anotacie\hotove_anotacie\oliver\19_4_2026_plocha1_titles_1024_part1_Oliver_Surovy_PC\DJI_0063_W_16.JPG,D:\temp\Dropbox\projects\NAZV2026\Anotacie\hotove_anotacie\oliver\19_4_2026_plocha1_titles_1024_part1_Oliver_Surovy_PC\DJI_0063_W_16.json,63abebcc71117867075a6e5dc96f9d6d4ef191ea4f53e3a85c531bd7c971eb42,D:\TreeDetector\data_staging\benchmark_v5\approved_generations\0ad51183d8d6120b_47dc9d42466b1922\annotations\775649ddeffa546a.json,8dbc51d744fb32a697a6cc52e901b187d2b4c89b9846713b55e97ce94a17c2ad,train,dji_0063_w,1024,1024,9,4,13,13
784f4b5711d93a9dbdfffc61d6530854cef2ccdd9a400d096ace28f4a4e09f8a,784f4b5711d93a9dbdfffc61d6530854cef2ccdd9a400d096ace28f4a4e09f8a.jpg,784f4b5711d93a9dbdfffc61d6530854cef2ccdd9a400d096ace28f4a4e09f8a,08d86106f30fa84e90f7fafa7d9aed94dfa1eed19000c4b0285313e4012de7be,oliver,oliver/19_4_2026_plocha1_titles_1024_part1_Oliver_Surovy_NTB,D:\temp\Dropbox\projects\NAZV2026\Anotacie\hotove_anotacie\oliver\19_4_2026_plocha1_titles_1024_part1_Oliver_Surovy_NTB\DJI_0063_W_38.JPG,D:\temp\Dropbox\projects\NAZV2026\Anotacie\hotove_anotacie\oliver\19_4_2026_plocha1_titles_1024_part1_Oliver_Surovy_NTB\DJI_0063_W_38.json,D:\temp\Dropbox\projects\NAZV2026\Anotacie\hotove_anotacie\oliver\19_4_2026_plocha1_titles_1024_part1_Oliver_Surovy_NTB\DJI_0063_W_38.JPG,D:\temp\Dropbox\projects\NAZV2026\Anotacie\hotove_anotacie\oliver\19_4_2026_plocha1_titles_1024_part1_Oliver_Surovy_NTB\DJI_0063_W_38.json,6caa79ab887dee6bc92461ad8934553258be220bda9d3f5e4fbf9a8b7a692c36,D:\TreeDetector\data_staging\benchmark_v5\approved_generations\0ad51183d8d6120b_47dc9d42466b1922\annotations\784f4b5711d93a9d.json,d03ee6c567e74872eb47a5f496459d6825c2df6769ac91bd4bdf7cce0f86d8cf,train,dji_0063_w,1024,1024,16,4,20,20
788189e002e5c5d60af351d907d68e6191737e8b215931c55e49510a67c95a22,788189e002e5c5d60af351d907d68e6191737e8b215931c55e49510a67c95a22.jpg,788189e002e5c5d60af351d907d68e6191737e8b215931c55e49510a67c95a22,1aaeadd5798cfd1bd305ba627d1c9e9b54aac4a3042d5b800f5ae98f24b06de3,Matej,Matej/19_4_2026_plocha1_part2_opravene,D:\temp\Dropbox\projects\NAZV2026\Anotacie\hotove_anotacie\Matej\19_4_2026_plocha1_part2_opravene\DJI_0257_W_29.jpg,D:\temp\Dropbox\projects\NAZV2026\Anotacie\hotove_anotacie\Matej\19_4_2026_plocha1_part2_opravene\DJI_0257_W_29.json,D:\temp\Dropbox\projects\NAZV2026\Anotacie\hotove_anotacie\Matej\19_4_2026_plocha1_part2_opravene\DJI_0257_W_29.jpg,D:\temp\Dropbox\projects\NAZV2026\Anotacie\hotove_anotacie\Matej\19_4_2026_plocha1_part2_opravene\DJI_0257_W_29.json,5032890d2c71bad139b0be4c7cd1fe1b54df59e37459e7fe8d04aade2d02c822,D:\TreeDetector\data_staging\benchmark_v5\approved_generations\0ad51183d8d6120b_47dc9d42466b1922\annotations\788189e002e5c5d6.json,bd3a3610306acf0d39f3ea4927804cd0e5c8c7ba3a1511e1a68e8c60eacd08bc,test,dji_0257_w,1024,1024,5,0,5,5
78865c22927b1b5aa9d64c0d89d31efb80e6654cc648b5f782ee5360c8a23303,78865c22927b1b5aa9d64c0d89d31efb80e6654cc648b5f782ee5360c8a23303.jpg,78865c22927b1b5aa9d64c0d89d31efb80e6654cc648b5f782ee5360c8a23303,07ff5d969d703bce1ec634cba56aacff00621415a8b57ab6fb16244df49d01dd,Jakub,Jakub/19_4hotove,D:\temp\Dropbox\projects\NAZV2026\Anotacie\hotove_anotacie\Jakub\19_4hotove\DJI_0807_W_29.JPG,D:\temp\Dropbox\projects\NAZV2026\Anotacie\hotove_anotacie\Jakub\19_4hotove\DJI_0807_W_29.json,D:\temp\Dropbox\projects\NAZV2026\Anotacie\hotove_anotacie\Jakub\19_4hotove\DJI_0807_W_29.JPG,D:\temp\Dropbox\projects\NAZV2026\Anotacie\hotove_anotacie\Jakub\19_4hotove\DJI_0807_W_29.json,59f7157054fb0637f8a5b870c254c1c61e391e32556b4084707675b5a89dac66,D:\TreeDetector\data_staging\benchmark_v5\approved_generations\0ad51183d8d6120b_47dc9d42466b1922\annotations\78865c22927b1b5a.json,d4361e97fb394930d7b208f48a691b40d69b7819675b7d09a260dc7d01554c22,train,dji_0807_w,1024,1024,3,0,3,3
7ab62a74df15538f64a5b49436b3108df4db0c7ba837fd72ef3eb585ce2528ec,7ab62a74df15538f64a5b49436b3108df4db0c7ba837fd72ef3eb585ce2528ec.jpg,7ab62a74df15538f64a5b49436b3108df4db0c7ba837fd72ef3eb585ce2528ec,27adaeb445e43013d038ff563d445eb7b599e1e1d8225f51f2314f2e39b6ef33,Matej,Matej/19_4_2026_plocha1_part2_opravene,D:\temp\Dropbox\projects\NAZV2026\Anotacie\hotove_anotacie\Matej\19_4_2026_plocha1_part2_opravene\DJI_0257_W_38.jpg,D:\temp\Dropbox\projects\NAZV2026\Anotacie\hotove_anotacie\Matej\19_4_2026_plocha1_part2_opravene\DJI_0257_W_38.json,D:\temp\Dropbox\projects\NAZV2026\Anotacie\hotove_anotacie\Matej\19_4_2026_plocha1_part2_opravene\DJI_0257_W_38.jpg,D:\temp\Dropbox\projects\NAZV2026\Anotacie\hotove_anotacie\Matej\19_4_2026_plocha1_part2_opravene\DJI_0257_W_38.json,3813d71eea1233b3001c46e41d28a888600bf2bff2954fc3991c3bbfb132ce21,D:\TreeDetector\data_staging\benchmark_v5\approved_generations\0ad51183d8d6120b_47dc9d42466b1922\annotations\7ab62a74df15538f.json,538aa58c5fcd385aaca52c02c03a282910e2ee2ee9f7a9abd2461640bf051975,test,dji_0257_w,1024,1024,3,0,3,3
7af80397419ad6adffde5f0d12ce80d58c09ad27e410943a1d8eabe4571f570d,7af80397419ad6adffde5f0d12ce80d58c09ad27e410943a1d8eabe4571f570d.jpg,7af80397419ad6adffde5f0d12ce80d58c09ad27e410943a1d8eabe4571f570d,3212ba49d0a81cdb858b1428baa6f52cfa41fdb7311c99e792bfdc2191f968f1,Jakub,Jakub/1.2.2026_hotovo (1)/1.2.2026_hotovo,D:\temp\Dropbox\projects\NAZV2026\Anotacie\hotove_anotacie\Jakub\1.2.2026_hotovo (1)\1.2.2026_hotovo\DJI_0049_W_16.JPG,D:\temp\Dropbox\projects\NAZV2026\Anotacie\hotove_anotacie\Jakub\1.2.2026_hotovo (1)\1.2.2026_hotovo\DJI_0049_W_16.json,D:\temp\Dropbox\projects\NAZV2026\Anotacie\hotove_anotacie\Jakub\1.2.2026_hotovo (1)\1.2.2026_hotovo\DJI_0049_W_16.JPG,D:\temp\Dropbox\projects\NAZV2026\Anotacie\hotove_anotacie\Jakub\1.2.2026_hotovo (1)\1.2.2026_hotovo\DJI_0049_W_16.json,dd0ac96f7a0b9ddfc5903db21461fe88b43d41c18f61357321b4949b70e3f6f4,D:\TreeDetector\data_staging\benchmark_v5\approved_generations\0ad51183d8d6120b_47dc9d42466b1922\annotations\7af80397419ad6ad.json,498f3e44b38293c9aa8a7fc64270e915f7f0513e1ad1ecd5cbf90f450601f804,train,dji_0049_w,1024,1024,2,0,2,2
7c9a0510a46e80decf87db77f9944b8f0b4fa11e143494f27cd69398e0ebb42a,7c9a0510a46e80decf87db77f9944b8f0b4fa11e143494f27cd69398e0ebb42a.jpg,7c9a0510a46e80decf87db77f9944b8f0b4fa11e143494f27cd69398e0ebb42a,5d2b5fde26ae077c379f3a7bedd017aafebe6685dcd401ac3b496215e1ea0ea6,Jakub,Jakub/19_4hotove,D:\temp\Dropbox\projects\NAZV2026\Anotacie\hotove_anotacie\Jakub\19_4hotove\DJI_0807_W_17.JPG,D:\temp\Dropbox\projects\NAZV2026\Anotacie\hotove_anotacie\Jakub\19_4hotove\DJI_0807_W_17.json,D:\temp\Dropbox\projects\NAZV2026\Anotacie\hotove_anotacie\Jakub\19_4hotove\DJI_0807_W_17.JPG,D:\temp\Dropbox\projects\NAZV2026\Anotacie\hotove_anotacie\Jakub\19_4hotove\DJI_0807_W_17.json,f0768d3366e7afae6d883e34b3a75d44f72000668749f306fd511fac9a671b7e,D:\TreeDetector\data_staging\benchmark_v5\approved_generations\0ad51183d8d6120b_47dc9d42466b1922\annotations\7c9a0510a46e80de.json,a73be5623fa6b1af7b7d9097b9df96b747479021b44e8ff080dd2b426a7b2776,train,dji_0807_w,1024,1024,4,4,8,8
7d52f5fce432fd912f6c2756ff0bac6229616bae6a5e13b1ca85c5302f3b2cae,7d52f5fce432fd912f6c2756ff0bac6229616bae6a5e13b1ca85c5302f3b2cae.jpg,7d52f5fce432fd912f6c2756ff0bac6229616bae6a5e13b1ca85c5302f3b2cae,13e3188deb2ee564c0a4cca9652ec3f3d73956484b2f6683e5bd38d006c49317,oliver,oliver/19_4_2026_plocha1_titles_1024_part1_Oliver_Surovy_NTB,D:\temp\Dropbox\projects\NAZV2026\Anotacie\hotove_anotacie\oliver\19_4_2026_plocha1_titles_1024_part1_Oliver_Surovy_NTB\DJI_0063_W_34.JPG,D:\temp\Dropbox\projects\NAZV2026\Anotacie\hotove_anotacie\oliver\19_4_2026_plocha1_titles_1024_part1_Oliver_Surovy_NTB\DJI_0063_W_34.json,D:\temp\Dropbox\projects\NAZV2026\Anotacie\hotove_anotacie\oliver\19_4_2026_plocha1_titles_1024_part1_Oliver_Surovy_NTB\DJI_0063_W_34.JPG,D:\temp\Dropbox\projects\NAZV2026\Anotacie\hotove_anotacie\oliver\19_4_2026_plocha1_titles_1024_part1_Oliver_Surovy_NTB\DJI_0063_W_34.json,5d4b7440e695d8a6d8431f11457359801a165cb9d2209c9104a1515409b9afc2,D:\TreeDetector\data_staging\benchmark_v5\approved_generations\0ad51183d8d6120b_47dc9d42466b1922\annotations\7d52f5fce432fd91.json,4b18773fb78272bfa3f0beb1a6d99932df905dc5bbfffd76336442fe47562878,train,dji_0063_w,1024,1024,11,5,16,16
7d7acdfd5c8288d468ee86a0ea8be9b00ac9b61affb264933eda2328704f4fa1,7d7acdfd5c8288d468ee86a0ea8be9b00ac9b61affb264933eda2328704f4fa1.jpg,7d7acdfd5c8288d468ee86a0ea8be9b00ac9b61affb264933eda2328704f4fa1,63a5a598033319771806ed2a59facf072eef080a034475bf43811de70dc4f9d1,Jakub,Jakub/1.2.2026_hotovo (1)/1.2.2026_hotovo,D:\temp\Dropbox\projects\NAZV2026\Anotacie\hotove_anotacie\Jakub\1.2.2026_hotovo (1)\1.2.2026_hotovo\DJI_0049_W_20.JPG,D:\temp\Dropbox\projects\NAZV2026\Anotacie\hotove_anotacie\Jakub\1.2.2026_hotovo (1)\1.2.2026_hotovo\DJI_0049_W_20.json,D:\temp\Dropbox\projects\NAZV2026\Anotacie\hotove_anotacie\Jakub\1.2.2026_hotovo (1)\1.2.2026_hotovo\DJI_0049_W_20.JPG,D:\temp\Dropbox\projects\NAZV2026\Anotacie\hotove_anotacie\Jakub\1.2.2026_hotovo (1)\1.2.2026_hotovo\DJI_0049_W_20.json,b4cf72ac494ed4dae7bf979c76cf473478e6d7f24b840798c2dba37c7538d032,D:\TreeDetector\data_staging\benchmark_v5\approved_generations\0ad51183d8d6120b_47dc9d42466b1922\annotations\7d7acdfd5c8288d4.json,b3006a256268d69a0bdeb92cb220931586d23fb247f7d72d2d0d01c19af31ef3,train,dji_0049_w,1024,1024,18,10,28,28
7e61061ab54c7f73052936bcb0bcef931c678b2b93e69101ece0fa370d54a78f,7e61061ab54c7f73052936bcb0bcef931c678b2b93e69101ece0fa370d54a78f.jpg,7e61061ab54c7f73052936bcb0bcef931c678b2b93e69101ece0fa370d54a78f,2cf93ee7ea33814c958c21b82f3186c1d1c77d50b1ca1c6ffc9c852aecd5914a,oliver,oliver/19_4_2026_plocha1_titles_1024_part1_Oliver_Surovy_NTB,D:\temp\Dropbox\projects\NAZV2026\Anotacie\hotove_anotacie\oliver\19_4_2026_plocha1_titles_1024_part1_Oliver_Surovy_NTB\DJI_0067_W_3.JPG,D:\temp\Dropbox\projects\NAZV2026\Anotacie\hotove_anotacie\oliver\19_4_2026_plocha1_titles_1024_part1_Oliver_Surovy_NTB\DJI_0067_W_3.json,D:\temp\Dropbox\projects\NAZV2026\Anotacie\hotove_anotacie\oliver\19_4_2026_plocha1_titles_1024_part1_Oliver_Surovy_NTB\DJI_0067_W_3.JPG,D:\temp\Dropbox\projects\NAZV2026\Anotacie\hotove_anotacie\oliver\19_4_2026_plocha1_titles_1024_part1_Oliver_Surovy_NTB\DJI_0067_W_3.json,9573aa59381750bab17d1ceaa48112e693e93bb4d9275f2fe1daa13fe286b154,D:\TreeDetector\data_staging\benchmark_v5\approved_generations\0ad51183d8d6120b_47dc9d42466b1922\annotations\7e61061ab54c7f73.json,d81cab3be66d3ef104a3d437fd85a68655476faf4e14a1a55a7dadbff465fdc4,test,dji_0067_w,1024,1024,24,0,24,24
7e7feb809e0a890353a625595875da6fa80538e6b8efbbcb0eac86bb0f6ba5e9,7e7feb809e0a890353a625595875da6fa80538e6b8efbbcb0eac86bb0f6ba5e9.jpg,7e7feb809e0a890353a625595875da6fa80538e6b8efbbcb0eac86bb0f6ba5e9,b67149cb30184db8a2aaea71c3cddf40cde29caed2ea705d18136ff844ca543f,oliver,oliver/hotove-stromceky,D:\temp\Dropbox\projects\NAZV2026\Anotacie\hotove_anotacie\oliver\hotove-stromceky\DJI_0061_W_5.JPG,D:\temp\Dropbox\projects\NAZV2026\Anotacie\hotove_anotacie\oliver\hotove-stromceky\DJI_0061_W_5.json,D:\temp\Dropbox\projects\NAZV2026\Anotacie\hotove_anotacie\oliver\hotove-stromceky\DJI_0061_W_5.JPG,D:\temp\Dropbox\projects\NAZV2026\Anotacie\hotove_anotacie\oliver\hotove-stromceky\DJI_0061_W_5.json,8a0725cea11f3c3a5fdea465fc608eebfec49d48601a108836661e9534d18ee6,D:\TreeDetector\data_staging\benchmark_v5\approved_generations\0ad51183d8d6120b_47dc9d42466b1922\annotations\7e7feb809e0a8903.json,ea772063068a0912708fe3fc4492243561e83f819be486b50cf8b062b4862c79,train,dji_0061_w,1024,1024,6,0,6,6
7fcf670b9741f23a70016842792493b887ec9dec0ae9c87cc30bcf6c73e438b2,7fcf670b9741f23a70016842792493b887ec9dec0ae9c87cc30bcf6c73e438b2.jpg,7fcf670b9741f23a70016842792493b887ec9dec0ae9c87cc30bcf6c73e438b2,13a7a192ca4911fcda410b02b60f99c5922a9e5e8109554f5fc17ac1ddeeb5df,Matej,Matej/19_4_2026_plocha1_part2_opravene,D:\temp\Dropbox\projects\NAZV2026\Anotacie\hotove_anotacie\Matej\19_4_2026_plocha1_part2_opravene\DJI_0257_W_36.jpg,D:\temp\Dropbox\projects\NAZV2026\Anotacie\hotove_anotacie\Matej\19_4_2026_plocha1_part2_opravene\DJI_0257_W_36.json,D:\temp\Dropbox\projects\NAZV2026\Anotacie\hotove_anotacie\Matej\19_4_2026_plocha1_part2_opravene\DJI_0257_W_36.jpg,D:\temp\Dropbox\projects\NAZV2026\Anotacie\hotove_anotacie\Matej\19_4_2026_plocha1_part2_opravene\DJI_0257_W_36.json,6887ecfa455f0d7d2ba5c459162354db5e206023a3378921795d361538c945b3,D:\TreeDetector\data_staging\benchmark_v5\approved_generations\0ad51183d8d6120b_47dc9d42466b1922\annotations\7fcf670b9741f23a.json,adde37367911d8315b059bfff1f15af5aed70dd4b377179a896fd89e6f8a83df,test,dji_0257_w,1024,1024,8,0,8,8
805469a06d5caaac3f8017a4d113cb2380949d0f9bbc7f35acde222d3c2d65c0,805469a06d5caaac3f8017a4d113cb2380949d0f9bbc7f35acde222d3c2d65c0.jpg,805469a06d5caaac3f8017a4d113cb2380949d0f9bbc7f35acde222d3c2d65c0,300e0891ce527d52cc05fcd12d24ce75e4872e94fd02fc7a5fe27c15708a7fb8,oliver,oliver/19_4_2026_plocha1_titles_1024_part1_Oliver_Surovy_NTB,D:\temp\Dropbox\projects\NAZV2026\Anotacie\hotove_anotacie\oliver\19_4_2026_plocha1_titles_1024_part1_Oliver_Surovy_NTB\DJI_0069_W_0.JPG,D:\temp\Dropbox\projects\NAZV2026\Anotacie\hotove_anotacie\oliver\19_4_2026_plocha1_titles_1024_part1_Oliver_Surovy_NTB\DJI_0069_W_0.json,D:\temp\Dropbox\projects\NAZV2026\Anotacie\hotove_anotacie\oliver\19_4_2026_plocha1_titles_1024_part1_Oliver_Surovy_NTB\DJI_0069_W_0.JPG,D:\temp\Dropbox\projects\NAZV2026\Anotacie\hotove_anotacie\oliver\19_4_2026_plocha1_titles_1024_part1_Oliver_Surovy_NTB\DJI_0069_W_0.json,7404b840fb87d9c9b1f2f6e4d24f73fa6d860b554fe1dce78301daa39a979c27,D:\TreeDetector\data_staging\benchmark_v5\approved_generations\0ad51183d8d6120b_47dc9d42466b1922\annotations\805469a06d5caaac.json,f9486d3a3dad484a7c3aa27245964f04cbbeb408be9ed660123c179223fc32d3,train,dji_0069_w,1024,1024,6,4,10,10
82d8e7275d6bd4c7fd6b15e349cfda594df8535b776f4d97e49a991b21a280e0,82d8e7275d6bd4c7fd6b15e349cfda594df8535b776f4d97e49a991b21a280e0.jpg,82d8e7275d6bd4c7fd6b15e349cfda594df8535b776f4d97e49a991b21a280e0,2c760f97d4f85fb77713aa1b39327f3a7c3df52f69b94368a94e2c20f4d44228,oliver,oliver/19_4_2026_plocha1_titles_1024_part1_Oliver_Surovy_NTB,D:\temp\Dropbox\projects\NAZV2026\Anotacie\hotove_anotacie\oliver\19_4_2026_plocha1_titles_1024_part1_Oliver_Surovy_NTB\DJI_0065_W_29.JPG,D:\temp\Dropbox\projects\NAZV2026\Anotacie\hotove_anotacie\oliver\19_4_2026_plocha1_titles_1024_part1_Oliver_Surovy_NTB\DJI_0065_W_29.json,D:\temp\Dropbox\projects\NAZV2026\Anotacie\hotove_anotacie\oliver\19_4_2026_plocha1_titles_1024_part1_Oliver_Surovy_NTB\DJI_0065_W_29.JPG,D:\temp\Dropbox\projects\NAZV2026\Anotacie\hotove_anotacie\oliver\19_4_2026_plocha1_titles_1024_part1_Oliver_Surovy_NTB\DJI_0065_W_29.json,0ee749b844b9aca30d726218fc4e3c5ee83c38079a80aac4081ecc18d0f85ce9,D:\TreeDetector\data_staging\benchmark_v5\approved_generations\0ad51183d8d6120b_47dc9d42466b1922\annotations\82d8e7275d6bd4c7.json,ccfff0fde88bf74de07f3a87cc4c699833fc49b80aabb9387a6260df33fab8e9,train,dji_0065_w,1024,1024,21,0,21,21
83054bd065ffc9737b35978ddb391d517696e6e8826bf02685b8a18a57c84ebb,83054bd065ffc9737b35978ddb391d517696e6e8826bf02685b8a18a57c84ebb.jpg,83054bd065ffc9737b35978ddb391d517696e6e8826bf02685b8a18a57c84ebb,c9df95bfb171a5d7d8ce565e943d708239d4ba6b037dbe9e20924a3d68ab20ba,oliver,oliver/hotove-stromceky,D:\temp\Dropbox\projects\NAZV2026\Anotacie\hotove_anotacie\oliver\hotove-stromceky\DJI_0061_W_35.JPG,D:\temp\Dropbox\projects\NAZV2026\Anotacie\hotove_anotacie\oliver\hotove-stromceky\DJI_0061_W_35.json,D:\temp\Dropbox\projects\NAZV2026\Anotacie\hotove_anotacie\oliver\hotove-stromceky\DJI_0061_W_35.JPG,D:\temp\Dropbox\projects\NAZV2026\Anotacie\hotove_anotacie\oliver\hotove-stromceky\DJI_0061_W_35.json,11e7a1c71ac6ffcc42e03adcce107cffbb7588d6cd1f11d40aa5aaa88010a946,D:\TreeDetector\data_staging\benchmark_v5\approved_generations\0ad51183d8d6120b_47dc9d42466b1922\annotations\83054bd065ffc973.json,ef71241d10cebbcff75b28ef9887344440c415e79ea6b4305d03e0370d051800,train,dji_0061_w,1024,1024,26,1,27,27
830f5a26dbc21b354d05f9ada6d1947585a9b75a13c745a0dae950064294f71c,830f5a26dbc21b354d05f9ada6d1947585a9b75a13c745a0dae950064294f71c.jpg,830f5a26dbc21b354d05f9ada6d1947585a9b75a13c745a0dae950064294f71c,5b402683c0d4705f002f78ed12d3159405ceef418b0f038e6c8c6f837a3c78b8,oliver,oliver/19_4_2026_plocha1_titles_1024_part1_Oliver_Surovy_NTB,D:\temp\Dropbox\projects\NAZV2026\Anotacie\hotove_anotacie\oliver\19_4_2026_plocha1_titles_1024_part1_Oliver_Surovy_NTB\DJI_0065_W_24.JPG,D:\temp\Dropbox\projects\NAZV2026\Anotacie\hotove_anotacie\oliver\19_4_2026_plocha1_titles_1024_part1_Oliver_Surovy_NTB\DJI_0065_W_24.json,D:\temp\Dropbox\projects\NAZV2026\Anotacie\hotove_anotacie\oliver\19_4_2026_plocha1_titles_1024_part1_Oliver_Surovy_NTB\DJI_0065_W_24.JPG,D:\temp\Dropbox\projects\NAZV2026\Anotacie\hotove_anotacie\oliver\19_4_2026_plocha1_titles_1024_part1_Oliver_Surovy_NTB\DJI_0065_W_24.json,32887f562e113db33cafd732164504c1a320a222d17995f48cd3024e434466dd,D:\TreeDetector\data_staging\benchmark_v5\approved_generations\0ad51183d8d6120b_47dc9d42466b1922\annotations\830f5a26dbc21b35.json,024e778eb922a2cce9749cd77ef5c6d19c470644898e449baa5533aaf7144e85,train,dji_0065_w,1024,1024,16,2,18,18
84a439c83584bf80064472fc60d702f667f9c8fbb19fd6b7f395f3c54e481810,84a439c83584bf80064472fc60d702f667f9c8fbb19fd6b7f395f3c54e481810.jpg,84a439c83584bf80064472fc60d702f667f9c8fbb19fd6b7f395f3c54e481810,156332f25dad3e6c14b039e3a4d4af90a45eb27ec4996deab23651a332c2a585,Jakub,Jakub/19_4hotove,D:\temp\Dropbox\projects\NAZV2026\Anotacie\hotove_anotacie\Jakub\19_4hotove\DJI_0799_W_16.JPG,D:\temp\Dropbox\projects\NAZV2026\Anotacie\hotove_anotacie\Jakub\19_4hotove\DJI_0799_W_16.json,D:\temp\Dropbox\projects\NAZV2026\Anotacie\hotove_anotacie\Jakub\19_4hotove\DJI_0799_W_16.JPG,D:\temp\Dropbox\projects\NAZV2026\Anotacie\hotove_anotacie\Jakub\19_4hotove\DJI_0799_W_16.json,1eb741bc266767a095a5b87ed74d20aa260ace4883867deda2b1b6bc1be83e22,D:\TreeDetector\data_staging\benchmark_v5\approved_generations\0ad51183d8d6120b_47dc9d42466b1922\annotations\84a439c83584bf80.json,bc8e23e38e4fab127b04bf886afedeb6ee72590efca977f74adaeda6e9861b73,val,dji_0799_w,1024,1024,16,6,22,22
86dd6f288d649b22f017c2cdd34ea67bab4c5f4a51a7aaa43449f46d80a287cf,86dd6f288d649b22f017c2cdd34ea67bab4c5f4a51a7aaa43449f46d80a287cf.jpg,86dd6f288d649b22f017c2cdd34ea67bab4c5f4a51a7aaa43449f46d80a287cf,424fd326336d341d2241b7b86181562f7303b189f7f00a2db32079ca16726d73,Jakub,Jakub/19_4hotove,D:\temp\Dropbox\projects\NAZV2026\Anotacie\hotove_anotacie\Jakub\19_4hotove\DJI_0799_W_9.JPG,D:\temp\Dropbox\projects\NAZV2026\Anotacie\hotove_anotacie\Jakub\19_4hotove\DJI_0799_W_9.json,D:\temp\Dropbox\projects\NAZV2026\Anotacie\hotove_anotacie\Jakub\19_4hotove\DJI_0799_W_9.JPG,D:\temp\Dropbox\projects\NAZV2026\Anotacie\hotove_anotacie\Jakub\19_4hotove\DJI_0799_W_9.json,913eecee480788fda53b5164f95643248d7bebac288e00cf17499351e67e1ca0,D:\TreeDetector\data_staging\benchmark_v5\approved_generations\0ad51183d8d6120b_47dc9d42466b1922\annotations\86dd6f288d649b22.json,e154cc5de3b00c1e54a76a1e38f958f3e043cb7241df4fc285f22c697d734c42,val,dji_0799_w,1024,1024,9,9,18,18
87295b6d64a7461c3f37769fcf939593b5652b45d478a36a84225f491b8713b6,87295b6d64a7461c3f37769fcf939593b5652b45d478a36a84225f491b8713b6.jpg,87295b6d64a7461c3f37769fcf939593b5652b45d478a36a84225f491b8713b6,92427d110e49de4bc97c201a0279516fdbcc5053c0a19ad9a5385bd20af21700,Jakub,Jakub/1.2.2026_hotovo (1)/1.2.2026_hotovo,D:\temp\Dropbox\projects\NAZV2026\Anotacie\hotove_anotacie\Jakub\1.2.2026_hotovo (1)\1.2.2026_hotovo\DJI_0049_W_10.JPG,D:\temp\Dropbox\projects\NAZV2026\Anotacie\hotove_anotacie\Jakub\1.2.2026_hotovo (1)\1.2.2026_hotovo\DJI_0049_W_10.json,D:\temp\Dropbox\projects\NAZV2026\Anotacie\hotove_anotacie\Jakub\1.2.2026_hotovo (1)\1.2.2026_hotovo\DJI_0049_W_10.JPG,D:\temp\Dropbox\projects\NAZV2026\Anotacie\hotove_anotacie\Jakub\1.2.2026_hotovo (1)\1.2.2026_hotovo\DJI_0049_W_10.json,d90717fde2cffa1cb13b529e247b7224b9c72816ec44d36bce3e6fa5d8a6af2a,D:\TreeDetector\data_staging\benchmark_v5\approved_generations\0ad51183d8d6120b_47dc9d42466b1922\annotations\87295b6d64a7461c.json,2bb5020b9d20df12f91f336baad8365f0e5ea39ec5358820bf5067db8354ded1,train,dji_0049_w,1024,1024,8,1,9,9
877ec36cb99459cff8c0c1df2e2103ff8472cd9ffb56260f35c285cf33b61b5b,877ec36cb99459cff8c0c1df2e2103ff8472cd9ffb56260f35c285cf33b61b5b.jpg,877ec36cb99459cff8c0c1df2e2103ff8472cd9ffb56260f35c285cf33b61b5b,916b556b4dd10a7d8abd6745de62e477d91987d904f039999e07ec91033bfc21,oliver,oliver/19_4_Plocha_1_part1,D:\temp\Dropbox\projects\NAZV2026\Anotacie\hotove_anotacie\oliver\19_4_Plocha_1_part1\DJI_0061_W_18.JPG,D:\temp\Dropbox\projects\NAZV2026\Anotacie\hotove_anotacie\oliver\19_4_Plocha_1_part1\DJI_0061_W_18.json,D:\temp\Dropbox\projects\NAZV2026\Anotacie\hotove_anotacie\oliver\19_4_Plocha_1_part1\DJI_0061_W_18.JPG,D:\temp\Dropbox\projects\NAZV2026\Anotacie\hotove_anotacie\oliver\19_4_Plocha_1_part1\DJI_0061_W_18.json,3634df9688dc07bce58914d8de26be1f4355fa3b18150792f52b9d4c8d36085d,D:\TreeDetector\data_staging\benchmark_v5\approved_generations\0ad51183d8d6120b_47dc9d42466b1922\annotations\877ec36cb99459cf.json,eaa38bd848e60d1201ae95e043b7a62117ae0827d998256a29f926882836b6a8,train,dji_0061_w,1024,1024,37,0,37,37
87ae1239989e363a73909af540dcc8d0d8ac4baf27ba87f50f1c58b665a6bdb1,87ae1239989e363a73909af540dcc8d0d8ac4baf27ba87f50f1c58b665a6bdb1.jpg,87ae1239989e363a73909af540dcc8d0d8ac4baf27ba87f50f1c58b665a6bdb1,7aa06a0e2a2ee839d4f9b4aae926fcba48ca35750d40e9130abc408c8cf9ed4e,oliver,oliver/19_4_2026_plocha1_titles_1024_part1_Oliver_Surovy_NTB,D:\temp\Dropbox\projects\NAZV2026\Anotacie\hotove_anotacie\oliver\19_4_2026_plocha1_titles_1024_part1_Oliver_Surovy_NTB\DJI_0067_W_10.JPG,D:\temp\Dropbox\projects\NAZV2026\Anotacie\hotove_anotacie\oliver\19_4_2026_plocha1_titles_1024_part1_Oliver_Surovy_NTB\DJI_0067_W_10.json,D:\temp\Dropbox\projects\NAZV2026\Anotacie\hotove_anotacie\oliver\19_4_2026_plocha1_titles_1024_part1_Oliver_Surovy_NTB\DJI_0067_W_10.JPG,D:\temp\Dropbox\projects\NAZV2026\Anotacie\hotove_anotacie\oliver\19_4_2026_plocha1_titles_1024_part1_Oliver_Surovy_NTB\DJI_0067_W_10.json,af5291bf394b72246db95477e3ae7da8249fbcc5e55a0958f7ebc1a737f45f76,D:\TreeDetector\data_staging\benchmark_v5\approved_generations\0ad51183d8d6120b_47dc9d42466b1922\annotations\87ae1239989e363a.json,be21e6e430eec06b380b7c9af5c918f9ec18c678914ee5b481bf474507d27957,test,dji_0067_w,1024,1024,11,5,16,16
87b290c99b244c7d31b38fb8ce88230fb097bc9cf61d2baee5eaf91d6842a2a9,87b290c99b244c7d31b38fb8ce88230fb097bc9cf61d2baee5eaf91d6842a2a9.jpg,87b290c99b244c7d31b38fb8ce88230fb097bc9cf61d2baee5eaf91d6842a2a9,f5b6d9f43cc0e5f6d5ccbcb3ef6c8c937145458ba5b0f730a4a542be6b1e0bdf,oliver,oliver/19_4_2026_plocha1_titles_1024_part1_Oliver_Surovy_NTB,D:\temp\Dropbox\projects\NAZV2026\Anotacie\hotove_anotacie\oliver\19_4_2026_plocha1_titles_1024_part1_Oliver_Surovy_NTB\DJI_0063_W_36.JPG,D:\temp\Dropbox\projects\NAZV2026\Anotacie\hotove_anotacie\oliver\19_4_2026_plocha1_titles_1024_part1_Oliver_Surovy_NTB\DJI_0063_W_36.json,D:\temp\Dropbox\projects\NAZV2026\Anotacie\hotove_anotacie\oliver\19_4_2026_plocha1_titles_1024_part1_Oliver_Surovy_NTB\DJI_0063_W_36.JPG,D:\temp\Dropbox\projects\NAZV2026\Anotacie\hotove_anotacie\oliver\19_4_2026_plocha1_titles_1024_part1_Oliver_Surovy_NTB\DJI_0063_W_36.json,163244cb50092f99838a7e76ced69a15cdfe8ef3a578786ce967e34d39aa88b6,D:\TreeDetector\data_staging\benchmark_v5\approved_generations\0ad51183d8d6120b_47dc9d42466b1922\annotations\87b290c99b244c7d.json,6f2b076f8aa8b93c61174f2789d54315236c9f8adf93b9c57bfe82da34061169,train,dji_0063_w,1024,1024,18,3,21,21
87fb8b84a393de71f9ec9eade5378f8d9ccc8f92ada7258452396f237154c21d,87fb8b84a393de71f9ec9eade5378f8d9ccc8f92ada7258452396f237154c21d.jpg,87fb8b84a393de71f9ec9eade5378f8d9ccc8f92ada7258452396f237154c21d,cfa1ba9f60c46c58d84facec03f6360a8cc9411447df805901e5eedead0ad43f,oliver,oliver/19_4_2026_plocha1_titles_1024_part1_Oliver_Surovy_NTB,D:\temp\Dropbox\projects\NAZV2026\Anotacie\hotove_anotacie\oliver\19_4_2026_plocha1_titles_1024_part1_Oliver_Surovy_NTB\DJI_0065_W_38.JPG,D:\temp\Dropbox\projects\NAZV2026\Anotacie\hotove_anotacie\oliver\19_4_2026_plocha1_titles_1024_part1_Oliver_Surovy_NTB\DJI_0065_W_38.json,D:\temp\Dropbox\projects\NAZV2026\Anotacie\hotove_anotacie\oliver\19_4_2026_plocha1_titles_1024_part1_Oliver_Surovy_NTB\DJI_0065_W_38.JPG,D:\temp\Dropbox\projects\NAZV2026\Anotacie\hotove_anotacie\oliver\19_4_2026_plocha1_titles_1024_part1_Oliver_Surovy_NTB\DJI_0065_W_38.json,5259a9ad93df128eb08293d7930284b114f857e716a69476e0d148259987aacc,D:\TreeDetector\data_staging\benchmark_v5\approved_generations\0ad51183d8d6120b_47dc9d42466b1922\annotations\87fb8b84a393de71.json,9884c042ab17bd0c76ac22a2a93b6735110a7b86969e7918d5db1c86a7bfdf02,train,dji_0065_w,1024,1024,10,2,12,12
886fead34ffe28deac7a2ffe5e8f47ff51125cd361ae40b9c4bd059e7a48c93d,886fead34ffe28deac7a2ffe5e8f47ff51125cd361ae40b9c4bd059e7a48c93d.jpg,886fead34ffe28deac7a2ffe5e8f47ff51125cd361ae40b9c4bd059e7a48c93d,c3d846f5520bf537595d8232279b51a9ce91d96cc5a52428bdc4002baa802a77,oliver,oliver/19_4_2026_plocha1_titles_1024_part1_Oliver_Surovy_PC,D:\temp\Dropbox\projects\NAZV2026\Anotacie\hotove_anotacie\oliver\19_4_2026_plocha1_titles_1024_part1_Oliver_Surovy_PC\DJI_0063_W_11.JPG,D:\temp\Dropbox\projects\NAZV2026\Anotacie\hotove_anotacie\oliver\19_4_2026_plocha1_titles_1024_part1_Oliver_Surovy_PC\DJI_0063_W_11.json,D:\temp\Dropbox\projects\NAZV2026\Anotacie\hotove_anotacie\oliver\19_4_2026_plocha1_titles_1024_part1_Oliver_Surovy_PC\DJI_0063_W_11.JPG,D:\temp\Dropbox\projects\NAZV2026\Anotacie\hotove_anotacie\oliver\19_4_2026_plocha1_titles_1024_part1_Oliver_Surovy_PC\DJI_0063_W_11.json,32dec8fa3903cb6998a06cfc50b8029c1cbdffa39286fadc025de428db28067c,D:\TreeDetector\data_staging\benchmark_v5\approved_generations\0ad51183d8d6120b_47dc9d42466b1922\annotations\886fead34ffe28de.json,0f8d2e2f8d8b858f6deaee7b0503fae99d34adab665fbeaf0ac03980ba0257f1,train,dji_0063_w,1024,1024,9,7,16,16
89992cd6711c5e1f81c6b109dd63fad1e06944a95fc9f67ab58f452afd99e155,89992cd6711c5e1f81c6b109dd63fad1e06944a95fc9f67ab58f452afd99e155.jpg,89992cd6711c5e1f81c6b109dd63fad1e06944a95fc9f67ab58f452afd99e155,6b09087b8b37b763a7e421f68e39acb0764dbebdc2720d8aaa9ec565ac11c297,oliver,oliver/19_4_2026_plocha1_titles_1024_part1_Oliver_Surovy_NTB,D:\temp\Dropbox\projects\NAZV2026\Anotacie\hotove_anotacie\oliver\19_4_2026_plocha1_titles_1024_part1_Oliver_Surovy_NTB\DJI_0065_W_28.JPG,D:\temp\Dropbox\projects\NAZV2026\Anotacie\hotove_anotacie\oliver\19_4_2026_plocha1_titles_1024_part1_Oliver_Surovy_NTB\DJI_0065_W_28.json,D:\temp\Dropbox\projects\NAZV2026\Anotacie\hotove_anotacie\oliver\19_4_2026_plocha1_titles_1024_part1_Oliver_Surovy_NTB\DJI_0065_W_28.JPG,D:\temp\Dropbox\projects\NAZV2026\Anotacie\hotove_anotacie\oliver\19_4_2026_plocha1_titles_1024_part1_Oliver_Surovy_NTB\DJI_0065_W_28.json,0d7aff0d699e3cf6c8db97848aab57d65827a17254f98eedd9f1db6db4fef868,D:\TreeDetector\data_staging\benchmark_v5\approved_generations\0ad51183d8d6120b_47dc9d42466b1922\annotations\89992cd6711c5e1f.json,0a7846e9f6f80fca554d507cc5bb7abad2d3cb0445834141d36f5afef010b557,train,dji_0065_w,1024,1024,24,2,26,26
8a620a0f3f2e91a99158f17f8fc1302e2961ff5a45b78e5c4f6d91da4476dfa0,8a620a0f3f2e91a99158f17f8fc1302e2961ff5a45b78e5c4f6d91da4476dfa0.jpg,8a620a0f3f2e91a99158f17f8fc1302e2961ff5a45b78e5c4f6d91da4476dfa0,25065153ccccb831653866b3b8e8693f3959f1d53a5b3e47041e90052b802895,Matej,Matej/19_4_2026_plocha1_part2_opravene,D:\temp\Dropbox\projects\NAZV2026\Anotacie\hotove_anotacie\Matej\19_4_2026_plocha1_part2_opravene\DJI_0261_W_22.jpg,D:\temp\Dropbox\projects\NAZV2026\Anotacie\hotove_anotacie\Matej\19_4_2026_plocha1_part2_opravene\DJI_0261_W_22.json,D:\temp\Dropbox\projects\NAZV2026\Anotacie\hotove_anotacie\Matej\19_4_2026_plocha1_part2_opravene\DJI_0261_W_22.jpg,D:\temp\Dropbox\projects\NAZV2026\Anotacie\hotove_anotacie\Matej\19_4_2026_plocha1_part2_opravene\DJI_0261_W_22.json,98b07882048fa53f8d87b5734bde4b45669a861abe5b733f2e837fbdbdff4b6a,D:\TreeDetector\data_staging\benchmark_v5\approved_generations\0ad51183d8d6120b_47dc9d42466b1922\annotations\8a620a0f3f2e91a9.json,024a651a203d26aff06e29be24969c144ec2e5aa5d5a2118d325826e69079f2c,train,dji_0261_w,1024,1024,1,2,3,3
8a8cb3aea0e966eaa5acc9fad96f58e089572df29b98813954f2bd2bfb5e573b,8a8cb3aea0e966eaa5acc9fad96f58e089572df29b98813954f2bd2bfb5e573b.jpg,8a8cb3aea0e966eaa5acc9fad96f58e089572df29b98813954f2bd2bfb5e573b,87c992b0afd97ba6c99760e2d5247ba5e015b8c4e977802ea56fc7d01d8f7da9,oliver,oliver/19_4_2026_plocha1_titles_1024_part1_Oliver_Surovy_NTB,D:\temp\Dropbox\projects\NAZV2026\Anotacie\hotove_anotacie\oliver\19_4_2026_plocha1_titles_1024_part1_Oliver_Surovy_NTB\DJI_0065_W_33.JPG,D:\temp\Dropbox\projects\NAZV2026\Anotacie\hotove_anotacie\oliver\19_4_2026_plocha1_titles_1024_part1_Oliver_Surovy_NTB\DJI_0065_W_33.json,D:\temp\Dropbox\projects\NAZV2026\Anotacie\hotove_anotacie\oliver\19_4_2026_plocha1_titles_1024_part1_Oliver_Surovy_NTB\DJI_0065_W_33.JPG,D:\temp\Dropbox\projects\NAZV2026\Anotacie\hotove_anotacie\oliver\19_4_2026_plocha1_titles_1024_part1_Oliver_Surovy_NTB\DJI_0065_W_33.json,72a3d71b4a83c6ceebde465061c1831dbd61d83765d628915c885a86a90bf558,D:\TreeDetector\data_staging\benchmark_v5\approved_generations\0ad51183d8d6120b_47dc9d42466b1922\annotations\8a8cb3aea0e966ea.json,89dae00a96187ddf70e7da08e16850d108c0fb6d92598815b2ae116d404b5728,train,dji_0065_w,1024,1024,5,4,9,9
8a92848a107852e263fe526f2624788f5c9c1c89fff7906892f169ed62ec84e4,8a92848a107852e263fe526f2624788f5c9c1c89fff7906892f169ed62ec84e4.jpg,8a92848a107852e263fe526f2624788f5c9c1c89fff7906892f169ed62ec84e4,1cde8152587dc875dee31cec56b9fee1b25db6e72af72095979c33450d605214,Matej,Matej/19_4_2026_plocha1_part2_opravene,D:\temp\Dropbox\projects\NAZV2026\Anotacie\hotove_anotacie\Matej\19_4_2026_plocha1_part2_opravene\DJI_0259_W_36.jpg,D:\temp\Dropbox\projects\NAZV2026\Anotacie\hotove_anotacie\Matej\19_4_2026_plocha1_part2_opravene\DJI_0259_W_36.json,D:\temp\Dropbox\projects\NAZV2026\Anotacie\hotove_anotacie\Matej\19_4_2026_plocha1_part2_opravene\DJI_0259_W_36.jpg,D:\temp\Dropbox\projects\NAZV2026\Anotacie\hotove_anotacie\Matej\19_4_2026_plocha1_part2_opravene\DJI_0259_W_36.json,6dc9ac22df656fc1e381992bce03e0f82a2ab4d99bd0827a780149bcfe6e8f2a,D:\TreeDetector\data_staging\benchmark_v5\approved_generations\0ad51183d8d6120b_47dc9d42466b1922\annotations\8a92848a107852e2.json,5e6dfdc560c45a8100072158e3d9c1807122cfbc7d135282c89221c23b69448d,val,dji_0259_w,1024,1024,5,0,5,5
8e7f72aef12dff5560a04f8064c0c13ac86b06638d760e38c4166ede8e86a0f3,8e7f72aef12dff5560a04f8064c0c13ac86b06638d760e38c4166ede8e86a0f3.jpg,8e7f72aef12dff5560a04f8064c0c13ac86b06638d760e38c4166ede8e86a0f3,8267b53f96948ed1c84407d780b05c9708195b2a877d9df81a5f5b229e3005d7,Matej,Matej/19_4_2026_plocha1_part2_opravene,D:\temp\Dropbox\projects\NAZV2026\Anotacie\hotove_anotacie\Matej\19_4_2026_plocha1_part2_opravene\DJI_0261_W_19.jpg,D:\temp\Dropbox\projects\NAZV2026\Anotacie\hotove_anotacie\Matej\19_4_2026_plocha1_part2_opravene\DJI_0261_W_19.json,D:\temp\Dropbox\projects\NAZV2026\Anotacie\hotove_anotacie\Matej\19_4_2026_plocha1_part2_opravene\DJI_0261_W_19.jpg,D:\temp\Dropbox\projects\NAZV2026\Anotacie\hotove_anotacie\Matej\19_4_2026_plocha1_part2_opravene\DJI_0261_W_19.json,fe6ec24e749a79e9ab77cef47a7d0f0562733fc8fa9ca0ed826f541a304f9b0b,D:\TreeDetector\data_staging\benchmark_v5\approved_generations\0ad51183d8d6120b_47dc9d42466b1922\annotations\8e7f72aef12dff55.json,f1b859b1edea2a4c46846dd464b695dd1358ccc7ad4aec7539ffeabf1152c637,train,dji_0261_w,1024,1024,8,0,8,8
901a9f55f2b2c4b701c5a1cfad486ad34c4da3d0973ad68a576b358c02de0bf7,901a9f55f2b2c4b701c5a1cfad486ad34c4da3d0973ad68a576b358c02de0bf7.jpg,901a9f55f2b2c4b701c5a1cfad486ad34c4da3d0973ad68a576b358c02de0bf7,6bbc8f4ef558981728323517db71bc1bfa3ffee78ededddd89f0dbf4dd865c38,oliver,oliver/hotove-stromceky,D:\temp\Dropbox\projects\NAZV2026\Anotacie\hotove_anotacie\oliver\hotove-stromceky\DJI_0061_W_36.JPG,D:\temp\Dropbox\projects\NAZV2026\Anotacie\hotove_anotacie\oliver\hotove-stromceky\DJI_0061_W_36.json,D:\temp\Dropbox\projects\NAZV2026\Anotacie\hotove_anotacie\oliver\hotove-stromceky\DJI_0061_W_36.JPG,D:\temp\Dropbox\projects\NAZV2026\Anotacie\hotove_anotacie\oliver\hotove-stromceky\DJI_0061_W_36.json,3c58777e6cfb8f07b68a1397fc40694d87216e301891d18b717adcf78d942e50,D:\TreeDetector\data_staging\benchmark_v5\approved_generations\0ad51183d8d6120b_47dc9d42466b1922\annotations\901a9f55f2b2c4b7.json,96c69117ed74339316fc55baa72d275f0179eef00b05167a082a3da92e2d22f0,train,dji_0061_w,1024,1024,19,1,20,20
90bd43b5646d69cb76535079441e620daa57676401960b25b69de192d454682d,90bd43b5646d69cb76535079441e620daa57676401960b25b69de192d454682d.jpg,90bd43b5646d69cb76535079441e620daa57676401960b25b69de192d454682d,27a6b13c65247cf4268e19ad1f00a34b73fcca379a6c56bcaf080a5b00b054ca,oliver,oliver/hotove-stromceky,D:\temp\Dropbox\projects\NAZV2026\Anotacie\hotove_anotacie\oliver\hotove-stromceky\DJI_0061_W_4.JPG,D:\temp\Dropbox\projects\NAZV2026\Anotacie\hotove_anotacie\oliver\hotove-stromceky\DJI_0061_W_4.json,D:\temp\Dropbox\projects\NAZV2026\Anotacie\hotove_anotacie\oliver\hotove-stromceky\DJI_0061_W_4.JPG,D:\temp\Dropbox\projects\NAZV2026\Anotacie\hotove_anotacie\oliver\hotove-stromceky\DJI_0061_W_4.json,676c2cc8ebf59c66f7d2b535340e090fa41cc11cdd0617b45a16e9a6ad56d6e8,D:\TreeDetector\data_staging\benchmark_v5\approved_generations\0ad51183d8d6120b_47dc9d42466b1922\annotations\90bd43b5646d69cb.json,9ec9a7888c9ae02c106858583ddfb4b8c6c32e0472fb0633ce96475019f7f17b,train,dji_0061_w,1024,1024,4,0,4,4
93f1b142952ad9ee489fd2d58826b253a86ac81172dfb0f0442239811442f01d,93f1b142952ad9ee489fd2d58826b253a86ac81172dfb0f0442239811442f01d.jpg,93f1b142952ad9ee489fd2d58826b253a86ac81172dfb0f0442239811442f01d,48eaf72bd076bb88f19ea15807154213e29389fead4b7f2b2cead9687c0d12b1,oliver,oliver/19_4_2026_plocha1_titles_1024_part1_Oliver_Surovy_NTB,D:\temp\Dropbox\projects\NAZV2026\Anotacie\hotove_anotacie\oliver\19_4_2026_plocha1_titles_1024_part1_Oliver_Surovy_NTB\DJI_0067_W_13.JPG,D:\temp\Dropbox\projects\NAZV2026\Anotacie\hotove_anotacie\oliver\19_4_2026_plocha1_titles_1024_part1_Oliver_Surovy_NTB\DJI_0067_W_13.json,D:\temp\Dropbox\projects\NAZV2026\Anotacie\hotove_anotacie\oliver\19_4_2026_plocha1_titles_1024_part1_Oliver_Surovy_NTB\DJI_0067_W_13.JPG,D:\temp\Dropbox\projects\NAZV2026\Anotacie\hotove_anotacie\oliver\19_4_2026_plocha1_titles_1024_part1_Oliver_Surovy_NTB\DJI_0067_W_13.json,acd9dea4a71619321e53887141ad5af3f77cebb0d0d6d0ec3584b621be56425b,D:\TreeDetector\data_staging\benchmark_v5\approved_generations\0ad51183d8d6120b_47dc9d42466b1922\annotations\93f1b142952ad9ee.json,54a660bde3b0273069dd05102aa323b74f71e90e874ccb4351501a6cde972327,test,dji_0067_w,1024,1024,21,0,21,21
94d8d94ad9332815fcb52cf23cb883870c668a997465710ec97ed8f0b1c0fd44,94d8d94ad9332815fcb52cf23cb883870c668a997465710ec97ed8f0b1c0fd44.jpg,94d8d94ad9332815fcb52cf23cb883870c668a997465710ec97ed8f0b1c0fd44,806d44ae866b8d2006e63f34eb77af6e38c4a35b9dd64e27a492e42c25af7e67,Matej,Matej/19_4_2026_plocha1_part2_opravene,D:\temp\Dropbox\projects\NAZV2026\Anotacie\hotove_anotacie\Matej\19_4_2026_plocha1_part2_opravene\DJI_0261_W_28.jpg,D:\temp\Dropbox\projects\NAZV2026\Anotacie\hotove_anotacie\Matej\19_4_2026_plocha1_part2_opravene\DJI_0261_W_28.json,D:\temp\Dropbox\projects\NAZV2026\Anotacie\hotove_anotacie\Matej\19_4_2026_plocha1_part2_opravene\DJI_0261_W_28.jpg,D:\temp\Dropbox\projects\NAZV2026\Anotacie\hotove_anotacie\Matej\19_4_2026_plocha1_part2_opravene\DJI_0261_W_28.json,612504a223a4e04ccf304e794503ecc32e5d47b8cddb0a68d0bf77cbcd2594d4,D:\TreeDetector\data_staging\benchmark_v5\approved_generations\0ad51183d8d6120b_47dc9d42466b1922\annotations\94d8d94ad9332815.json,70f5b4e61fab0325e96f2599f1ed4b4fd38e4ab24f40702e95fa028e84a7cef0,train,dji_0261_w,1024,1024,6,0,6,6
97f424d4680fd9278d36f19d295fedccbbb04d7c05b820e85c372740ce3fb511,97f424d4680fd9278d36f19d295fedccbbb04d7c05b820e85c372740ce3fb511.jpg,97f424d4680fd9278d36f19d295fedccbbb04d7c05b820e85c372740ce3fb511,4fb872e134106165ee76680873214b0b695812ce61f08679e2a2fcdd47ab6866,Matej,Matej/19_4_2026_plocha1_part2_opravene,D:\temp\Dropbox\projects\NAZV2026\Anotacie\hotove_anotacie\Matej\19_4_2026_plocha1_part2_opravene\DJI_0263_W_10.jpg,D:\temp\Dropbox\projects\NAZV2026\Anotacie\hotove_anotacie\Matej\19_4_2026_plocha1_part2_opravene\DJI_0263_W_10.json,D:\temp\Dropbox\projects\NAZV2026\Anotacie\hotove_anotacie\Matej\19_4_2026_plocha1_part2_opravene\DJI_0263_W_10.jpg,D:\temp\Dropbox\projects\NAZV2026\Anotacie\hotove_anotacie\Matej\19_4_2026_plocha1_part2_opravene\DJI_0263_W_10.json,a99819af84c165bd32452b0a7d1e64210f6dbdbee1e408b68aff47d97dd61edf,D:\TreeDetector\data_staging\benchmark_v5\approved_generations\0ad51183d8d6120b_47dc9d42466b1922\annotations\97f424d4680fd927.json,9703cd40c58852275b4983e889cb2a3f3f637a9d315d12cb050c0969f531e584,train,dji_0263_w,1024,1024,11,1,12,12
99bcc1fce63cceeb1a5aa06392f5cec4ed4e7091a8b30a763d312afab263e487,99bcc1fce63cceeb1a5aa06392f5cec4ed4e7091a8b30a763d312afab263e487.jpg,99bcc1fce63cceeb1a5aa06392f5cec4ed4e7091a8b30a763d312afab263e487,26feadd2431bf77b44fca6b32abe35424a95f7ac661ae79202e67dbee4efe5b8,oliver,oliver/19_4_2026_plocha1_titles_1024_part1_Oliver_Surovy_NTB,D:\temp\Dropbox\projects\NAZV2026\Anotacie\hotove_anotacie\oliver\19_4_2026_plocha1_titles_1024_part1_Oliver_Surovy_NTB\DJI_0065_W_5.JPG,D:\temp\Dropbox\projects\NAZV2026\Anotacie\hotove_anotacie\oliver\19_4_2026_plocha1_titles_1024_part1_Oliver_Surovy_NTB\DJI_0065_W_5.json,D:\temp\Dropbox\projects\NAZV2026\Anotacie\hotove_anotacie\oliver\19_4_2026_plocha1_titles_1024_part1_Oliver_Surovy_NTB\DJI_0065_W_5.JPG,D:\temp\Dropbox\projects\NAZV2026\Anotacie\hotove_anotacie\oliver\19_4_2026_plocha1_titles_1024_part1_Oliver_Surovy_NTB\DJI_0065_W_5.json,e1928561d5c0ea418831050591fb7cc8002f5996370882112e1f6b052a87b344,D:\TreeDetector\data_staging\benchmark_v5\approved_generations\0ad51183d8d6120b_47dc9d42466b1922\annotations\99bcc1fce63cceeb.json,515b7d0a30e94e490a4bc5df8c08f98a9d8996f6ced0046bd97cb7cf842e43e1,train,dji_0065_w,1024,1024,18,3,21,21
9a4a58ec3a6152458ffb3c1f0011de485276540164db2bd01cc1b8b6ab24ffff,9a4a58ec3a6152458ffb3c1f0011de485276540164db2bd01cc1b8b6ab24ffff.jpg,9a4a58ec3a6152458ffb3c1f0011de485276540164db2bd01cc1b8b6ab24ffff,abd91ae612459b266a74181fdd6bb0887096a523c6342862dd85f2b2b9417dea,oliver,oliver/hotove-stromceky,D:\temp\Dropbox\projects\NAZV2026\Anotacie\hotove_anotacie\oliver\hotove-stromceky\DJI_0061_W_34.JPG,D:\temp\Dropbox\projects\NAZV2026\Anotacie\hotove_anotacie\oliver\hotove-stromceky\DJI_0061_W_34.json,D:\temp\Dropbox\projects\NAZV2026\Anotacie\hotove_anotacie\oliver\hotove-stromceky\DJI_0061_W_34.JPG,D:\temp\Dropbox\projects\NAZV2026\Anotacie\hotove_anotacie\oliver\hotove-stromceky\DJI_0061_W_34.json,7abb50774950a5c4e24e260850f3c11d8bb4ca176664cf97eb4a5c3187181580,D:\TreeDetector\data_staging\benchmark_v5\approved_generations\0ad51183d8d6120b_47dc9d42466b1922\annotations\9a4a58ec3a615245.json,b3f878bc8e63c2fe0833205cb67ffe920e6a10572fffd27a183c80b6e0623c39,train,dji_0061_w,1024,1024,22,1,23,23
9b80e34b4163809728ba7128966ba447b64577cde65ce4bb02606f882a3b71a5,9b80e34b4163809728ba7128966ba447b64577cde65ce4bb02606f882a3b71a5.jpg,9b80e34b4163809728ba7128966ba447b64577cde65ce4bb02606f882a3b71a5,3acdd8b4318d7a5b24b6150822cae367dbf31287b9f8bff9dddfc1e3d18582eb,Jakub,Jakub/1.2.2026_hotovo (1)/1.2.2026_hotovo,D:\temp\Dropbox\projects\NAZV2026\Anotacie\hotove_anotacie\Jakub\1.2.2026_hotovo (1)\1.2.2026_hotovo\DJI_0049_W_30.JPG,D:\temp\Dropbox\projects\NAZV2026\Anotacie\hotove_anotacie\Jakub\1.2.2026_hotovo (1)\1.2.2026_hotovo\DJI_0049_W_30.json,D:\temp\Dropbox\projects\NAZV2026\Anotacie\hotove_anotacie\Jakub\1.2.2026_hotovo (1)\1.2.2026_hotovo\DJI_0049_W_30.JPG,D:\temp\Dropbox\projects\NAZV2026\Anotacie\hotove_anotacie\Jakub\1.2.2026_hotovo (1)\1.2.2026_hotovo\DJI_0049_W_30.json,7de628827cee0ea00eeb744bffa074b405ae5f629fe82d4abb3f173862bafc9c,D:\TreeDetector\data_staging\benchmark_v5\approved_generations\0ad51183d8d6120b_47dc9d42466b1922\annotations\9b80e34b41638097.json,12563613b2068f6e231d3f2ede71fb21c683fc3434d717294cb85ad888447394,train,dji_0049_w,1024,1024,0,1,1,1
9c32f2e1ae245f2473928db5de4b4e4eb5ecb9975a30a5c8fdf49d546a5bcc79,9c32f2e1ae245f2473928db5de4b4e4eb5ecb9975a30a5c8fdf49d546a5bcc79.jpg,9c32f2e1ae245f2473928db5de4b4e4eb5ecb9975a30a5c8fdf49d546a5bcc79,cd47583a73c39fa64dd704fd8b4710271e03809ceaeff3b962e31163a0adc1b8,Jakub,Jakub/19_4hotove,D:\temp\Dropbox\projects\NAZV2026\Anotacie\hotove_anotacie\Jakub\19_4hotove\DJI_0803_W_17.JPG,D:\temp\Dropbox\projects\NAZV2026\Anotacie\hotove_anotacie\Jakub\19_4hotove\DJI_0803_W_17.json,D:\temp\Dropbox\projects\NAZV2026\Anotacie\hotove_anotacie\Jakub\19_4hotove\DJI_0803_W_17.JPG,D:\temp\Dropbox\projects\NAZV2026\Anotacie\hotove_anotacie\Jakub\19_4hotove\DJI_0803_W_17.json,24bab6b0d243761e0b17409eae718055addeed166f0500ce3738d71c94e150fe,D:\TreeDetector\data_staging\benchmark_v5\approved_generations\0ad51183d8d6120b_47dc9d42466b1922\annotations\9c32f2e1ae245f24.json,7bafa0e8039748d5b5c49b59ca5f1f259520516669d86dd691d75644d6d21b0c,train,dji_0803_w,1024,1024,15,4,19,19
9d549e4936387ab8928328633e821d23be9f5820e38400ee55f0a68468cd840e,9d549e4936387ab8928328633e821d23be9f5820e38400ee55f0a68468cd840e.jpg,9d549e4936387ab8928328633e821d23be9f5820e38400ee55f0a68468cd840e,ac813a18bb42d90df26b83106806086c4e80af597aa88280232b03f80de96369,Jakub,Jakub/1.2.2026_hotovo (1)/1.2.2026_hotovo,D:\temp\Dropbox\projects\NAZV2026\Anotacie\hotove_anotacie\Jakub\1.2.2026_hotovo (1)\1.2.2026_hotovo\DJI_0049_W_19.JPG,D:\temp\Dropbox\projects\NAZV2026\Anotacie\hotove_anotacie\Jakub\1.2.2026_hotovo (1)\1.2.2026_hotovo\DJI_0049_W_19.json,D:\temp\Dropbox\projects\NAZV2026\Anotacie\hotove_anotacie\Jakub\1.2.2026_hotovo (1)\1.2.2026_hotovo\DJI_0049_W_19.JPG,D:\temp\Dropbox\projects\NAZV2026\Anotacie\hotove_anotacie\Jakub\1.2.2026_hotovo (1)\1.2.2026_hotovo\DJI_0049_W_19.json,550488ab4284bfd7504a5a8557638a7dbd5e8014329830f380a5e2d7ea76a9f2,D:\TreeDetector\data_staging\benchmark_v5\approved_generations\0ad51183d8d6120b_47dc9d42466b1922\annotations\9d549e4936387ab8.json,dc9080e5ee9d62e367c2eb6fea955527e6988da4fe83d7e680cba4e583887969,train,dji_0049_w,1024,1024,19,10,29,29
9e810f58572d45faa77fdc538d5dcbafc9341a0971c02b30f07799c41f9b75e5,9e810f58572d45faa77fdc538d5dcbafc9341a0971c02b30f07799c41f9b75e5.jpg,9e810f58572d45faa77fdc538d5dcbafc9341a0971c02b30f07799c41f9b75e5,53b2282002bb92a0ff87d2d2d335b8f406bf4fc63de5f288df26f6b209cdd2e9,Jakub,Jakub/1.2.2026_hotovo (1)/1.2.2026_hotovo,D:\temp\Dropbox\projects\NAZV2026\Anotacie\hotove_anotacie\Jakub\1.2.2026_hotovo (1)\1.2.2026_hotovo\DJI_0049_W_0.JPG,D:\temp\Dropbox\projects\NAZV2026\Anotacie\hotove_anotacie\Jakub\1.2.2026_hotovo (1)\1.2.2026_hotovo\DJI_0049_W_0.json,D:\temp\Dropbox\projects\NAZV2026\Anotacie\hotove_anotacie\Jakub\1.2.2026_hotovo (1)\1.2.2026_hotovo\DJI_0049_W_0.JPG,D:\temp\Dropbox\projects\NAZV2026\Anotacie\hotove_anotacie\Jakub\1.2.2026_hotovo (1)\1.2.2026_hotovo\DJI_0049_W_0.json,c14a4e5023bcacf182dd518dbf2c5cdd7dd7e39998597bb2f3523c1eb73a967b,D:\TreeDetector\data_staging\benchmark_v5\approved_generations\0ad51183d8d6120b_47dc9d42466b1922\annotations\9e810f58572d45fa.json,54999fd6cdbf3325e2e9d0c05594b050d0ae462ba5ab05ec5e15fe8f17cff1c5,train,dji_0049_w,1024,1024,10,2,12,12
9f8fafcbc4d14a9e7a348ee0da46356d8a34ad933b770b028c918511c3c76fc0,9f8fafcbc4d14a9e7a348ee0da46356d8a34ad933b770b028c918511c3c76fc0.jpg,9f8fafcbc4d14a9e7a348ee0da46356d8a34ad933b770b028c918511c3c76fc0,1ff4831068447f2ff3def837939c3b85085442bfa6cea7916b9ea3dd12191347,oliver,oliver/19_4_2026_plocha1_titles_1024_part1_Oliver_Surovy_PC,D:\temp\Dropbox\projects\NAZV2026\Anotacie\hotove_anotacie\oliver\19_4_2026_plocha1_titles_1024_part1_Oliver_Surovy_PC\DJI_0063_W_12.JPG,D:\temp\Dropbox\projects\NAZV2026\Anotacie\hotove_anotacie\oliver\19_4_2026_plocha1_titles_1024_part1_Oliver_Surovy_PC\DJI_0063_W_12.json,D:\temp\Dropbox\projects\NAZV2026\Anotacie\hotove_anotacie\oliver\19_4_2026_plocha1_titles_1024_part1_Oliver_Surovy_PC\DJI_0063_W_12.JPG,D:\temp\Dropbox\projects\NAZV2026\Anotacie\hotove_anotacie\oliver\19_4_2026_plocha1_titles_1024_part1_Oliver_Surovy_PC\DJI_0063_W_12.json,30f51c624943f6ccd833ed852ec1d54b4eaeff86734e994038d3822c6fae15c4,D:\TreeDetector\data_staging\benchmark_v5\approved_generations\0ad51183d8d6120b_47dc9d42466b1922\annotations\9f8fafcbc4d14a9e.json,77124c1b32b8bdbc77a1f8740abe4c6b6cf3ce6db9e9b9947a8da50318cdd3d0,train,dji_0063_w,1024,1024,9,3,12,12
a21b9658387352be13340998ef05679c7d57e5c39dddacf03e217552b0601334,a21b9658387352be13340998ef05679c7d57e5c39dddacf03e217552b0601334.jpg,a21b9658387352be13340998ef05679c7d57e5c39dddacf03e217552b0601334,2286d8358fa421efe89a6268e6f4ac8647ab1a44d7e7653485f603406c598f9c,oliver,oliver/19_4_2026_plocha1_titles_1024_part1_Oliver_Surovy_PC,D:\temp\Dropbox\projects\NAZV2026\Anotacie\hotove_anotacie\oliver\19_4_2026_plocha1_titles_1024_part1_Oliver_Surovy_PC\DJI_0063_W_3.JPG,D:\temp\Dropbox\projects\NAZV2026\Anotacie\hotove_anotacie\oliver\19_4_2026_plocha1_titles_1024_part1_Oliver_Surovy_PC\DJI_0063_W_3.json,D:\temp\Dropbox\projects\NAZV2026\Anotacie\hotove_anotacie\oliver\19_4_2026_plocha1_titles_1024_part1_Oliver_Surovy_PC\DJI_0063_W_3.JPG,D:\temp\Dropbox\projects\NAZV2026\Anotacie\hotove_anotacie\oliver\19_4_2026_plocha1_titles_1024_part1_Oliver_Surovy_PC\DJI_0063_W_3.json,94a38ee34900c3110a87e5a351e361feddd9f3fa1af63e2cca9ab2848a3e4e79,D:\TreeDetector\data_staging\benchmark_v5\approved_generations\0ad51183d8d6120b_47dc9d42466b1922\annotations\a21b9658387352be.json,caf3ee1185d57950472c80122ee983f33ef2b773c2422ae1cf74952d50e03868,train,dji_0063_w,1024,1024,14,5,19,19
a23d4d1d7c4f2a5301c3668a4c69d395a5bf6fbabc03bf56a4b97c4da7b2d74e,a23d4d1d7c4f2a5301c3668a4c69d395a5bf6fbabc03bf56a4b97c4da7b2d74e.jpg,a23d4d1d7c4f2a5301c3668a4c69d395a5bf6fbabc03bf56a4b97c4da7b2d74e,263ea880c82e77fa2eba5eabd6b483ca719a010b2922744f70e4366cb0aa43ba,Jakub,Jakub/1.2.2026_hotovo (1)/1.2.2026_hotovo,D:\temp\Dropbox\projects\NAZV2026\Anotacie\hotove_anotacie\Jakub\1.2.2026_hotovo (1)\1.2.2026_hotovo\DJI_0049_W_4.JPG,D:\temp\Dropbox\projects\NAZV2026\Anotacie\hotove_anotacie\Jakub\1.2.2026_hotovo (1)\1.2.2026_hotovo\DJI_0049_W_4.json,D:\temp\Dropbox\projects\NAZV2026\Anotacie\hotove_anotacie\Jakub\1.2.2026_hotovo (1)\1.2.2026_hotovo\DJI_0049_W_4.JPG,D:\temp\Dropbox\projects\NAZV2026\Anotacie\hotove_anotacie\Jakub\1.2.2026_hotovo (1)\1.2.2026_hotovo\DJI_0049_W_4.json,6832009bd3a35454550e3b824beb853669b9290b56f2ad07bdadda6a8883afee,D:\TreeDetector\data_staging\benchmark_v5\approved_generations\0ad51183d8d6120b_47dc9d42466b1922\annotations\a23d4d1d7c4f2a53.json,8d7f7278a72ca2fb4932fa70bad7baf4e185c311994bdee492d5d94537ada495,train,dji_0049_w,1024,1024,15,4,19,19
a360ba2b836dc966e1dd60b6352a2902160b603c295c1d658caea1893e1b9849,a360ba2b836dc966e1dd60b6352a2902160b603c295c1d658caea1893e1b9849.jpg,a360ba2b836dc966e1dd60b6352a2902160b603c295c1d658caea1893e1b9849,cb9a558bb0717c2cadebc208ea45c7e461a9e342445c4f93a7b9923110e1e199,Jakub,Jakub/1.2.2026_hotovo (1)/1.2.2026_hotovo,D:\temp\Dropbox\projects\NAZV2026\Anotacie\hotove_anotacie\Jakub\1.2.2026_hotovo (1)\1.2.2026_hotovo\DJI_0049_W_21.JPG,D:\temp\Dropbox\projects\NAZV2026\Anotacie\hotove_anotacie\Jakub\1.2.2026_hotovo (1)\1.2.2026_hotovo\DJI_0049_W_21.json,D:\temp\Dropbox\projects\NAZV2026\Anotacie\hotove_anotacie\Jakub\1.2.2026_hotovo (1)\1.2.2026_hotovo\DJI_0049_W_21.JPG,D:\temp\Dropbox\projects\NAZV2026\Anotacie\hotove_anotacie\Jakub\1.2.2026_hotovo (1)\1.2.2026_hotovo\DJI_0049_W_21.json,ba685e23b659cf4eed1dd3559f4412d20b0ea6ce528ade7d38bd6745bb30aa61,D:\TreeDetector\data_staging\benchmark_v5\approved_generations\0ad51183d8d6120b_47dc9d42466b1922\annotations\a360ba2b836dc966.json,5d0a8c19bd354c216ed36d89f5174ee1393b0de5c6414923e091fa80c8ae8eb6,train,dji_0049_w,1024,1024,27,11,38,38
a3efe9c4fd60c128d676633233363bb4a4da8f291114d2f6db689a6deafcc8d9,a3efe9c4fd60c128d676633233363bb4a4da8f291114d2f6db689a6deafcc8d9.jpg,a3efe9c4fd60c128d676633233363bb4a4da8f291114d2f6db689a6deafcc8d9,e36b797f2341293bc35db973f36034739f2ff3fd7a293f46a07863b2286e520b,Matej,Matej/19_4_2026_plocha1_part2_opravene,D:\temp\Dropbox\projects\NAZV2026\Anotacie\hotove_anotacie\Matej\19_4_2026_plocha1_part2_opravene\DJI_0257_W_33.jpg,D:\temp\Dropbox\projects\NAZV2026\Anotacie\hotove_anotacie\Matej\19_4_2026_plocha1_part2_opravene\DJI_0257_W_33.json,D:\temp\Dropbox\projects\NAZV2026\Anotacie\hotove_anotacie\Matej\19_4_2026_plocha1_part2_opravene\DJI_0257_W_33.jpg,D:\temp\Dropbox\projects\NAZV2026\Anotacie\hotove_anotacie\Matej\19_4_2026_plocha1_part2_opravene\DJI_0257_W_33.json,97645723ea96a923bafd94c024b3082161d2c0e6c21e9f70782b4f0cd8d2e2bf,D:\TreeDetector\data_staging\benchmark_v5\approved_generations\0ad51183d8d6120b_47dc9d42466b1922\annotations\a3efe9c4fd60c128.json,acf182ecd9e343207b0a9105f74fb699daeb0e95a0f6fd63ae2461e5dd494ec4,test,dji_0257_w,1024,1024,1,0,1,1
a3ff1e0994009e90d5f7abddc8454256e41692003f0c6bea220048b5204b8050,a3ff1e0994009e90d5f7abddc8454256e41692003f0c6bea220048b5204b8050.jpg,a3ff1e0994009e90d5f7abddc8454256e41692003f0c6bea220048b5204b8050,612cdd78b075ad8548cd1f64edd0c1fca53340268be23e861f7d2ea695d7be94,oliver,oliver/19_4_2026_plocha1_titles_1024_part1_Oliver_Surovy_NTB,D:\temp\Dropbox\projects\NAZV2026\Anotacie\hotove_anotacie\oliver\19_4_2026_plocha1_titles_1024_part1_Oliver_Surovy_NTB\DJI_0065_W_26.JPG,D:\temp\Dropbox\projects\NAZV2026\Anotacie\hotove_anotacie\oliver\19_4_2026_plocha1_titles_1024_part1_Oliver_Surovy_NTB\DJI_0065_W_26.json,D:\temp\Dropbox\projects\NAZV2026\Anotacie\hotove_anotacie\oliver\19_4_2026_plocha1_titles_1024_part1_Oliver_Surovy_NTB\DJI_0065_W_26.JPG,D:\temp\Dropbox\projects\NAZV2026\Anotacie\hotove_anotacie\oliver\19_4_2026_plocha1_titles_1024_part1_Oliver_Surovy_NTB\DJI_0065_W_26.json,c5de743e75cb54506bef5e448ffcb89358c2e2f922f6cc89966a6be2f843c797,D:\TreeDetector\data_staging\benchmark_v5\approved_generations\0ad51183d8d6120b_47dc9d42466b1922\annotations\a3ff1e0994009e90.json,1828ea31eeb5136f6b5240e29b02bfdbb54c5d76cb359b6ea063dd0c15b57cc4,train,dji_0065_w,1024,1024,17,3,20,20
a47ee8f48cf94a3dd131921db2cc67691a9f15718556f8f7aeb2859d4a71e1d0,a47ee8f48cf94a3dd131921db2cc67691a9f15718556f8f7aeb2859d4a71e1d0.jpg,a47ee8f48cf94a3dd131921db2cc67691a9f15718556f8f7aeb2859d4a71e1d0,78b3484de1a9811f6c6679ea008791108cada90b911a3573ae3ba5aa7e72e4b6,oliver,oliver/19_4_2026_plocha1_titles_1024_part1_Oliver_Surovy_NTB,D:\temp\Dropbox\projects\NAZV2026\Anotacie\hotove_anotacie\oliver\19_4_2026_plocha1_titles_1024_part1_Oliver_Surovy_NTB\DJI_0065_W_36.JPG,D:\temp\Dropbox\projects\NAZV2026\Anotacie\hotove_anotacie\oliver\19_4_2026_plocha1_titles_1024_part1_Oliver_Surovy_NTB\DJI_0065_W_36.json,D:\temp\Dropbox\projects\NAZV2026\Anotacie\hotove_anotacie\oliver\19_4_2026_plocha1_titles_1024_part1_Oliver_Surovy_NTB\DJI_0065_W_36.JPG,D:\temp\Dropbox\projects\NAZV2026\Anotacie\hotove_anotacie\oliver\19_4_2026_plocha1_titles_1024_part1_Oliver_Surovy_NTB\DJI_0065_W_36.json,f98151fc3f3320fa095c90b562d32092fea53f0163976187d8385bf993ca3628,D:\TreeDetector\data_staging\benchmark_v5\approved_generations\0ad51183d8d6120b_47dc9d42466b1922\annotations\a47ee8f48cf94a3d.json,93bee64e7d53efd6d19e590f589443e8603a29a81bc1aaff8ae14d6434b85985,train,dji_0065_w,1024,1024,17,0,17,17
a4d4424dd55a602120da44ac2542346924b945a2e43cc323b38a063cda1c7a1a,a4d4424dd55a602120da44ac2542346924b945a2e43cc323b38a063cda1c7a1a.jpg,a4d4424dd55a602120da44ac2542346924b945a2e43cc323b38a063cda1c7a1a,ce4e99724ab76613efca7bb99ed9643219f614ac5ea9ef9bd4c53c815e33fb9c,Jakub,Jakub/19_4hotove,D:\temp\Dropbox\projects\NAZV2026\Anotacie\hotove_anotacie\Jakub\19_4hotove\DJI_0801_W_2.JPG,D:\temp\Dropbox\projects\NAZV2026\Anotacie\hotove_anotacie\Jakub\19_4hotove\DJI_0801_W_2.json,D:\temp\Dropbox\projects\NAZV2026\Anotacie\hotove_anotacie\Jakub\19_4hotove\DJI_0801_W_2.JPG,D:\temp\Dropbox\projects\NAZV2026\Anotacie\hotove_anotacie\Jakub\19_4hotove\DJI_0801_W_2.json,a639277ea05a574505393190baa7741aace0fd9bcb420fd70fc209c991b9ebb7,D:\TreeDetector\data_staging\benchmark_v5\approved_generations\0ad51183d8d6120b_47dc9d42466b1922\annotations\a4d4424dd55a6021.json,48ff2808f55db5e7f5ae205111f94a71fd94391efa5b3240495c024bb0fd9e7d,test,dji_0801_w,1024,1024,9,9,18,18
a760e57e4695fc6cd8d521bd8c898eb008faa6507b70443954af0a5fe8819ff2,a760e57e4695fc6cd8d521bd8c898eb008faa6507b70443954af0a5fe8819ff2.jpg,a760e57e4695fc6cd8d521bd8c898eb008faa6507b70443954af0a5fe8819ff2,a73a64d66d0dcd0d5fef66361f5f33f2b2408228fe8097b80b33e71c902dc399,Matej,Matej/19_4_2026_plocha1_part2_opravene,D:\temp\Dropbox\projects\NAZV2026\Anotacie\hotove_anotacie\Matej\19_4_2026_plocha1_part2_opravene\DJI_0261_W_30.jpg,D:\temp\Dropbox\projects\NAZV2026\Anotacie\hotove_anotacie\Matej\19_4_2026_plocha1_part2_opravene\DJI_0261_W_30.json,D:\temp\Dropbox\projects\NAZV2026\Anotacie\hotove_anotacie\Matej\19_4_2026_plocha1_part2_opravene\DJI_0261_W_30.jpg,D:\temp\Dropbox\projects\NAZV2026\Anotacie\hotove_anotacie\Matej\19_4_2026_plocha1_part2_opravene\DJI_0261_W_30.json,b705bb520d9dae78b82c640fb6029e3b531ec2ed6ce92822320f01f34e4d4fe7,D:\TreeDetector\data_staging\benchmark_v5\approved_generations\0ad51183d8d6120b_47dc9d42466b1922\annotations\a760e57e4695fc6c.json,9f314a68d2eb6fe042cba5f23938aa09e6552382c7dfe50c18d223d1d778cb0b,train,dji_0261_w,1024,1024,1,2,3,3
a87b14de81131cf9b0f80ffe4f0019be3244585cb42707bb478c464e1913ec3a,a87b14de81131cf9b0f80ffe4f0019be3244585cb42707bb478c464e1913ec3a.jpg,a87b14de81131cf9b0f80ffe4f0019be3244585cb42707bb478c464e1913ec3a,e1a86e97cb4a917132764ff022afc9f288567f8fbbb25dc5c585e40b011ef4fa,oliver,oliver/19_4_2026_plocha1_titles_1024_part1_Oliver_Surovy_PC,D:\temp\Dropbox\projects\NAZV2026\Anotacie\hotove_anotacie\oliver\19_4_2026_plocha1_titles_1024_part1_Oliver_Surovy_PC\DJI_0063_W_9.JPG,D:\temp\Dropbox\projects\NAZV2026\Anotacie\hotove_anotacie\oliver\19_4_2026_plocha1_titles_1024_part1_Oliver_Surovy_PC\DJI_0063_W_9.json,D:\temp\Dropbox\projects\NAZV2026\Anotacie\hotove_anotacie\oliver\19_4_2026_plocha1_titles_1024_part1_Oliver_Surovy_PC\DJI_0063_W_9.JPG,D:\temp\Dropbox\projects\NAZV2026\Anotacie\hotove_anotacie\oliver\19_4_2026_plocha1_titles_1024_part1_Oliver_Surovy_PC\DJI_0063_W_9.json,88bb3cd931200237195cbd2c22a81614066d690d33c8c1303bb892f38295b431,D:\TreeDetector\data_staging\benchmark_v5\approved_generations\0ad51183d8d6120b_47dc9d42466b1922\annotations\a87b14de81131cf9.json,8e24bf1fe7d3578529e42e1bc88d59c21dce1e45c3be7297a9053d970224f189,train,dji_0063_w,1024,1024,4,7,11,11
aa64af681b29db6b056809f317d16b8bf2e70be7a2c4b5311c44c5042b14361e,aa64af681b29db6b056809f317d16b8bf2e70be7a2c4b5311c44c5042b14361e.jpg,aa64af681b29db6b056809f317d16b8bf2e70be7a2c4b5311c44c5042b14361e,007eae7a4ae2ff1e82420a822a308bd4c8504458fa7dfcb276684ebd8763d925,oliver,oliver/19_4_2026_plocha1_titles_1024_part1_Oliver_Surovy_PC,D:\temp\Dropbox\projects\NAZV2026\Anotacie\hotove_anotacie\oliver\19_4_2026_plocha1_titles_1024_part1_Oliver_Surovy_PC\DJI_0063_W_14.JPG,D:\temp\Dropbox\projects\NAZV2026\Anotacie\hotove_anotacie\oliver\19_4_2026_plocha1_titles_1024_part1_Oliver_Surovy_PC\DJI_0063_W_14.json,D:\temp\Dropbox\projects\NAZV2026\Anotacie\hotove_anotacie\oliver\19_4_2026_plocha1_titles_1024_part1_Oliver_Surovy_PC\DJI_0063_W_14.JPG,D:\temp\Dropbox\projects\NAZV2026\Anotacie\hotove_anotacie\oliver\19_4_2026_plocha1_titles_1024_part1_Oliver_Surovy_PC\DJI_0063_W_14.json,5ccecaffabb2e95adcb6d25cdc19e51c25d1b00815e9ecee17d75747a97427ef,D:\TreeDetector\data_staging\benchmark_v5\approved_generations\0ad51183d8d6120b_47dc9d42466b1922\annotations\aa64af681b29db6b.json,a8e2f295486303c3b9c1278b5e0c1c9b6f416a480c9d84d0fb708e63f9c11343,train,dji_0063_w,1024,1024,18,2,20,20
ad08e47f4aaa4c092dce3a85ff7ea65f8e6139453a28590b9c5858c52d3d22d5,ad08e47f4aaa4c092dce3a85ff7ea65f8e6139453a28590b9c5858c52d3d22d5.jpg,ad08e47f4aaa4c092dce3a85ff7ea65f8e6139453a28590b9c5858c52d3d22d5,6b83a92b804c7ece3324931be94963c55a51a536d49d6a29c0c0d1d27a013400,Jakub,Jakub/19_4hotove,D:\temp\Dropbox\projects\NAZV2026\Anotacie\hotove_anotacie\Jakub\19_4hotove\DJI_0807_W_34.JPG,D:\temp\Dropbox\projects\NAZV2026\Anotacie\hotove_anotacie\Jakub\19_4hotove\DJI_0807_W_34.json,D:\temp\Dropbox\projects\NAZV2026\Anotacie\hotove_anotacie\Jakub\19_4hotove\DJI_0807_W_34.JPG,D:\temp\Dropbox\projects\NAZV2026\Anotacie\hotove_anotacie\Jakub\19_4hotove\DJI_0807_W_34.json,33eac447909b8d32d345b5f5e27d506c8351731b20d946a8b3b82e5a08f2c7c5,D:\TreeDetector\data_staging\benchmark_v5\approved_generations\0ad51183d8d6120b_47dc9d42466b1922\annotations\ad08e47f4aaa4c09.json,41f7df53db17ab6b74f9266232c858f3edf7931c27791404bbb1dfaab1ac353c,train,dji_0807_w,1024,1024,0,1,1,1
ad269ccf4d3ba1d8129763c02f30f82926e68a800f62255b33eaf49bb6afa5ad,ad269ccf4d3ba1d8129763c02f30f82926e68a800f62255b33eaf49bb6afa5ad.jpg,ad269ccf4d3ba1d8129763c02f30f82926e68a800f62255b33eaf49bb6afa5ad,dbfbd8be049d9657706eb908a4f6fdf9437033d79197c443aa9b3b8ff028e7f4,oliver,oliver/19_4_2026_plocha1_titles_1024_part1_Oliver_Surovy_NTB,D:\temp\Dropbox\projects\NAZV2026\Anotacie\hotove_anotacie\oliver\19_4_2026_plocha1_titles_1024_part1_Oliver_Surovy_NTB\DJI_0065_W_17.JPG,D:\temp\Dropbox\projects\NAZV2026\Anotacie\hotove_anotacie\oliver\19_4_2026_plocha1_titles_1024_part1_Oliver_Surovy_NTB\DJI_0065_W_17.json,D:\temp\Dropbox\projects\NAZV2026\Anotacie\hotove_anotacie\oliver\19_4_2026_plocha1_titles_1024_part1_Oliver_Surovy_NTB\DJI_0065_W_17.JPG,D:\temp\Dropbox\projects\NAZV2026\Anotacie\hotove_anotacie\oliver\19_4_2026_plocha1_titles_1024_part1_Oliver_Surovy_NTB\DJI_0065_W_17.json,5c78a41540fd91267883e8f5a8777de853c3330d6ec71214765011ce3026288b,D:\TreeDetector\data_staging\benchmark_v5\approved_generations\0ad51183d8d6120b_47dc9d42466b1922\annotations\ad269ccf4d3ba1d8.json,54e364adc5e2413592605f54138efc6b07d84e3efd2324ea4df266a183d4f748,train,dji_0065_w,1024,1024,19,2,21,21
ad9d118f96f7e6f4958a2bd28a0a1db1e6ad2c5bbcf9b13fe9ac4e159bc4610b,ad9d118f96f7e6f4958a2bd28a0a1db1e6ad2c5bbcf9b13fe9ac4e159bc4610b.jpg,ad9d118f96f7e6f4958a2bd28a0a1db1e6ad2c5bbcf9b13fe9ac4e159bc4610b,5afe533077de4cc33c244a81bbe0dc76c8e95ffcd886c24f6c85f8d0ed2f932d,Matej,Matej/19_4_2026_plocha1_part2_opravene,D:\temp\Dropbox\projects\NAZV2026\Anotacie\hotove_anotacie\Matej\19_4_2026_plocha1_part2_opravene\DJI_0259_W_5.jpg,D:\temp\Dropbox\projects\NAZV2026\Anotacie\hotove_anotacie\Matej\19_4_2026_plocha1_part2_opravene\DJI_0259_W_5.json,D:\temp\Dropbox\projects\NAZV2026\Anotacie\hotove_anotacie\Matej\19_4_2026_plocha1_part2_opravene\DJI_0259_W_5.jpg,D:\temp\Dropbox\projects\NAZV2026\Anotacie\hotove_anotacie\Matej\19_4_2026_plocha1_part2_opravene\DJI_0259_W_5.json,282b885cfe7f9a87123bc57472c74ba5c3ab8725283bc5c8c5d7b6fcf93f76b6,D:\TreeDetector\data_staging\benchmark_v5\approved_generations\0ad51183d8d6120b_47dc9d42466b1922\annotations\ad9d118f96f7e6f4.json,860b4de22bd1c02157a95e4f883e9d1fa8a903dcd8ee1052fd950bac0ecd277c,val,dji_0259_w,1024,1024,2,0,2,2
adcb996553cc7292862f77cb57033389f904845593fc8cf9c0981bee8ac32268,adcb996553cc7292862f77cb57033389f904845593fc8cf9c0981bee8ac32268.jpg,adcb996553cc7292862f77cb57033389f904845593fc8cf9c0981bee8ac32268,e8e8ac4131b179a189f621b8af4039e97dba11a8bf56e12ff054b90c2e5b5262,oliver,oliver/19_4_2026_plocha1_titles_1024_part1_Oliver_Surovy_PC,D:\temp\Dropbox\projects\NAZV2026\Anotacie\hotove_anotacie\oliver\19_4_2026_plocha1_titles_1024_part1_Oliver_Surovy_PC\DJI_0063_W_18.JPG,D:\temp\Dropbox\projects\NAZV2026\Anotacie\hotove_anotacie\oliver\19_4_2026_plocha1_titles_1024_part1_Oliver_Surovy_PC\DJI_0063_W_18.json,D:\temp\Dropbox\projects\NAZV2026\Anotacie\hotove_anotacie\oliver\19_4_2026_plocha1_titles_1024_part1_Oliver_Surovy_PC\DJI_0063_W_18.JPG,D:\temp\Dropbox\projects\NAZV2026\Anotacie\hotove_anotacie\oliver\19_4_2026_plocha1_titles_1024_part1_Oliver_Surovy_PC\DJI_0063_W_18.json,f9bbcbd08bfa33d8965d1155ec8e4a04af78ce4e2a2607eb38ee37eba86049a7,D:\TreeDetector\data_staging\benchmark_v5\approved_generations\0ad51183d8d6120b_47dc9d42466b1922\annotations\adcb996553cc7292.json,d1d2bc2323083deaa7a8861bc5a46f6129100edeb54b44c8b28c55875ede64f7,train,dji_0063_w,1024,1024,26,2,28,28
af2f619ef655d56736091eeb92a0bab92cbd59e9ad2317c429d7fc039ad37dce,af2f619ef655d56736091eeb92a0bab92cbd59e9ad2317c429d7fc039ad37dce.jpg,af2f619ef655d56736091eeb92a0bab92cbd59e9ad2317c429d7fc039ad37dce,aaebaee11f8e9da99783f3ae35be715e2f9e3063a4b7f6353a483c27dd4f1c7c,Jakub,Jakub/1.2.2026_hotovo (1)/1.2.2026_hotovo,D:\temp\Dropbox\projects\NAZV2026\Anotacie\hotove_anotacie\Jakub\1.2.2026_hotovo (1)\1.2.2026_hotovo\DJI_0049_W_33.JPG,D:\temp\Dropbox\projects\NAZV2026\Anotacie\hotove_anotacie\Jakub\1.2.2026_hotovo (1)\1.2.2026_hotovo\DJI_0049_W_33.json,D:\temp\Dropbox\projects\NAZV2026\Anotacie\hotove_anotacie\Jakub\1.2.2026_hotovo (1)\1.2.2026_hotovo\DJI_0049_W_33.JPG,D:\temp\Dropbox\projects\NAZV2026\Anotacie\hotove_anotacie\Jakub\1.2.2026_hotovo (1)\1.2.2026_hotovo\DJI_0049_W_33.json,7cdc420e8fd7e43d7b23b8c9c7ffa6ce2c8ba45e9f20d08c13acf9972ed546d5,D:\TreeDetector\data_staging\benchmark_v5\approved_generations\0ad51183d8d6120b_47dc9d42466b1922\annotations\af2f619ef655d567.json,cb403b6c167d219a1af97d3044b5020b3d62341aa963aa270e1a367d2736cb97,train,dji_0049_w,1024,1024,53,22,75,75
b17d8956d8a1a639c70abd2a3d4311cdeab7bcd7ee8dae6755b16e0a11a0a9cf,b17d8956d8a1a639c70abd2a3d4311cdeab7bcd7ee8dae6755b16e0a11a0a9cf.jpg,b17d8956d8a1a639c70abd2a3d4311cdeab7bcd7ee8dae6755b16e0a11a0a9cf,c88567f236af168d637a70bcf8f38499f47b5d9f2b9133328255711ac509b21b,Jakub,Jakub/1.2.2026_hotovo (1)/1.2.2026_hotovo,D:\temp\Dropbox\projects\NAZV2026\Anotacie\hotove_anotacie\Jakub\1.2.2026_hotovo (1)\1.2.2026_hotovo\DJI_0049_W_6.JPG,D:\temp\Dropbox\projects\NAZV2026\Anotacie\hotove_anotacie\Jakub\1.2.2026_hotovo (1)\1.2.2026_hotovo\DJI_0049_W_6.json,D:\temp\Dropbox\projects\NAZV2026\Anotacie\hotove_anotacie\Jakub\1.2.2026_hotovo (1)\1.2.2026_hotovo\DJI_0049_W_6.JPG,D:\temp\Dropbox\projects\NAZV2026\Anotacie\hotove_anotacie\Jakub\1.2.2026_hotovo (1)\1.2.2026_hotovo\DJI_0049_W_6.json,0ac2e7a87e1173a0f35659911a54d9fdcb0d772427b36b2bb368e6943b27f3ad,D:\TreeDetector\data_staging\benchmark_v5\approved_generations\0ad51183d8d6120b_47dc9d42466b1922\annotations\b17d8956d8a1a639.json,d944a4ab6df3708018653fe12f7ac190f19e04c6a7f3481796b3845327fa0d6c,train,dji_0049_w,1024,1024,8,12,20,20
b2badf130840a3ff046914d7b2a571a85dbfc07898a6ac18d5dbb6d6380bdec9,b2badf130840a3ff046914d7b2a571a85dbfc07898a6ac18d5dbb6d6380bdec9.jpg,b2badf130840a3ff046914d7b2a571a85dbfc07898a6ac18d5dbb6d6380bdec9,1f85bf8a4b5108a12abe52c58219beb14540184d2ae5f33f56bde64ea535fbdb,Matej,Matej/19_4_2026_plocha1_part2_opravene,D:\temp\Dropbox\projects\NAZV2026\Anotacie\hotove_anotacie\Matej\19_4_2026_plocha1_part2_opravene\DJI_0261_W_4.jpg,D:\temp\Dropbox\projects\NAZV2026\Anotacie\hotove_anotacie\Matej\19_4_2026_plocha1_part2_opravene\DJI_0261_W_4.json,D:\temp\Dropbox\projects\NAZV2026\Anotacie\hotove_anotacie\Matej\19_4_2026_plocha1_part2_opravene\DJI_0261_W_4.jpg,D:\temp\Dropbox\projects\NAZV2026\Anotacie\hotove_anotacie\Matej\19_4_2026_plocha1_part2_opravene\DJI_0261_W_4.json,78b1653ea2a644cce317307079be657cd72b16dca2f6aaceb2436f181994bf8d,D:\TreeDetector\data_staging\benchmark_v5\approved_generations\0ad51183d8d6120b_47dc9d42466b1922\annotations\b2badf130840a3ff.json,77096efb2ec97f4862c24c9f9520e70494badac130c1d5ba84ad072fb4dffa63,train,dji_0261_w,1024,1024,10,0,10,10
b4fa9386739898625b32526a843a50ddf945eca10f49578d51826c6928c78ac3,b4fa9386739898625b32526a843a50ddf945eca10f49578d51826c6928c78ac3.jpg,b4fa9386739898625b32526a843a50ddf945eca10f49578d51826c6928c78ac3,546e06f6a744eeb54310462d3ba0d13370e71895914bac734874ea0ab3558f40,oliver,oliver/19_4_2026_plocha1_titles_1024_part1_Oliver_Surovy_NTB,D:\temp\Dropbox\projects\NAZV2026\Anotacie\hotove_anotacie\oliver\19_4_2026_plocha1_titles_1024_part1_Oliver_Surovy_NTB\DJI_0065_W_11.JPG,D:\temp\Dropbox\projects\NAZV2026\Anotacie\hotove_anotacie\oliver\19_4_2026_plocha1_titles_1024_part1_Oliver_Surovy_NTB\DJI_0065_W_11.json,D:\temp\Dropbox\projects\NAZV2026\Anotacie\hotove_anotacie\oliver\19_4_2026_plocha1_titles_1024_part1_Oliver_Surovy_NTB\DJI_0065_W_11.JPG,D:\temp\Dropbox\projects\NAZV2026\Anotacie\hotove_anotacie\oliver\19_4_2026_plocha1_titles_1024_part1_Oliver_Surovy_NTB\DJI_0065_W_11.json,a1bb3fffc43bf0f74d8eac0bef8e867870561424eae7471267ff3cd142a8e537,D:\TreeDetector\data_staging\benchmark_v5\approved_generations\0ad51183d8d6120b_47dc9d42466b1922\annotations\b4fa938673989862.json,fae130e973b757baa33977a3f82179b9df0bc0d40eba1ef0d5ae3d888f303823,train,dji_0065_w,1024,1024,25,4,29,29
b6a338e1928fd17bb18fbc410a5fde7fb2cd973f68cb919c44bd769a7bc86c47,b6a338e1928fd17bb18fbc410a5fde7fb2cd973f68cb919c44bd769a7bc86c47.jpg,b6a338e1928fd17bb18fbc410a5fde7fb2cd973f68cb919c44bd769a7bc86c47,ef4c16831840e927568cccb62e0fafbc7d985b256cf5d84a246fc190f54b96e0,Jakub,Jakub/1.2.2026_hotovo (1)/1.2.2026_hotovo,D:\temp\Dropbox\projects\NAZV2026\Anotacie\hotove_anotacie\Jakub\1.2.2026_hotovo (1)\1.2.2026_hotovo\DJI_0049_W_27.JPG,D:\temp\Dropbox\projects\NAZV2026\Anotacie\hotove_anotacie\Jakub\1.2.2026_hotovo (1)\1.2.2026_hotovo\DJI_0049_W_27.json,D:\temp\Dropbox\projects\NAZV2026\Anotacie\hotove_anotacie\Jakub\1.2.2026_hotovo (1)\1.2.2026_hotovo\DJI_0049_W_27.JPG,D:\temp\Dropbox\projects\NAZV2026\Anotacie\hotove_anotacie\Jakub\1.2.2026_hotovo (1)\1.2.2026_hotovo\DJI_0049_W_27.json,df471d811099202a1863f62a9a89906d659e4d213f0a49ee2f5c8e277544cdc7,D:\TreeDetector\data_staging\benchmark_v5\approved_generations\0ad51183d8d6120b_47dc9d42466b1922\annotations\b6a338e1928fd17b.json,a8e9842bb83a88dd5e9ac79d446abd7c8dd7aaf045059a9d8cc6af44cdad97b1,train,dji_0049_w,1024,1024,16,14,30,30
b887c740c9b907a83a70b5832be39c9ad4b6488c86f96ad071611ac89dfbfcea,b887c740c9b907a83a70b5832be39c9ad4b6488c86f96ad071611ac89dfbfcea.jpg,b887c740c9b907a83a70b5832be39c9ad4b6488c86f96ad071611ac89dfbfcea,c20c6f30c251239dfb4dc0a7a1aba0c168ec484a1fa4b7cbf5673409e55ac783,Matej,Matej/19_4_2026_plocha1_part2_opravene,D:\temp\Dropbox\projects\NAZV2026\Anotacie\hotove_anotacie\Matej\19_4_2026_plocha1_part2_opravene\DJI_0261_W_3.jpg,D:\temp\Dropbox\projects\NAZV2026\Anotacie\hotove_anotacie\Matej\19_4_2026_plocha1_part2_opravene\DJI_0261_W_3.json,D:\temp\Dropbox\projects\NAZV2026\Anotacie\hotove_anotacie\Matej\19_4_2026_plocha1_part2_opravene\DJI_0261_W_3.jpg,D:\temp\Dropbox\projects\NAZV2026\Anotacie\hotove_anotacie\Matej\19_4_2026_plocha1_part2_opravene\DJI_0261_W_3.json,eae0cf4b340780fb37585705a09d748fdf5126b4781a437b100cd07c642ece1a,D:\TreeDetector\data_staging\benchmark_v5\approved_generations\0ad51183d8d6120b_47dc9d42466b1922\annotations\b887c740c9b907a8.json,873d9043e930ce52b0812d476635cc106c7292223674fa10360374a0d5627cca,train,dji_0261_w,1024,1024,9,0,9,9
bb13501648288af83f02e5e08630497a08b8016fd621821ab2268febb9a6a37c,bb13501648288af83f02e5e08630497a08b8016fd621821ab2268febb9a6a37c.jpg,bb13501648288af83f02e5e08630497a08b8016fd621821ab2268febb9a6a37c,68e6c03fd1ba1bda29258a25d042fdef533273139e35f0b092b969d4c31921ec,Matej,Matej/19_4_2026_plocha1_part2_opravene,D:\temp\Dropbox\projects\NAZV2026\Anotacie\hotove_anotacie\Matej\19_4_2026_plocha1_part2_opravene\DJI_0263_W_4.jpg,D:\temp\Dropbox\projects\NAZV2026\Anotacie\hotove_anotacie\Matej\19_4_2026_plocha1_part2_opravene\DJI_0263_W_4.json,D:\temp\Dropbox\projects\NAZV2026\Anotacie\hotove_anotacie\Matej\19_4_2026_plocha1_part2_opravene\DJI_0263_W_4.jpg,D:\temp\Dropbox\projects\NAZV2026\Anotacie\hotove_anotacie\Matej\19_4_2026_plocha1_part2_opravene\DJI_0263_W_4.json,a246a031815aa29d748abc94c2616efe1c90b509d40a8c20688f6cd4833cbe33,D:\TreeDetector\data_staging\benchmark_v5\approved_generations\0ad51183d8d6120b_47dc9d42466b1922\annotations\bb13501648288af8.json,6522481469dac2f9975939a50d051ea13a6b3f1a4314bf01e05729450e81ab4d,train,dji_0263_w,1024,1024,8,0,8,8
bc24ec50c889d4c7830be8085527ccff6a9071a64f84f3a4bac804eecf97a25c,bc24ec50c889d4c7830be8085527ccff6a9071a64f84f3a4bac804eecf97a25c.jpg,bc24ec50c889d4c7830be8085527ccff6a9071a64f84f3a4bac804eecf97a25c,69ae5520e149ebd11e634be3261c752b00f33b1525e442f674c93312b12966dc,Matej,Matej/19_4_2026_plocha1_part2_opravene,D:\temp\Dropbox\projects\NAZV2026\Anotacie\hotove_anotacie\Matej\19_4_2026_plocha1_part2_opravene\DJI_0259_W_20.jpg,D:\temp\Dropbox\projects\NAZV2026\Anotacie\hotove_anotacie\Matej\19_4_2026_plocha1_part2_opravene\DJI_0259_W_20.json,D:\temp\Dropbox\projects\NAZV2026\Anotacie\hotove_anotacie\Matej\19_4_2026_plocha1_part2_opravene\DJI_0259_W_20.jpg,D:\temp\Dropbox\projects\NAZV2026\Anotacie\hotove_anotacie\Matej\19_4_2026_plocha1_part2_opravene\DJI_0259_W_20.json,ab6ffe61ff246df02f96754c41deec775eae17f5ff90ad14e6523345b852aa18,D:\TreeDetector\data_staging\benchmark_v5\approved_generations\0ad51183d8d6120b_47dc9d42466b1922\annotations\bc24ec50c889d4c7.json,b414ca5cbad0776c19699697809efce773bae0c9748220e1a5955d18ec37c693,val,dji_0259_w,1024,1024,8,0,8,8
bdcb50eeb40e76009148d469695740e1441e114466861c5295fa22d32c65aff8,bdcb50eeb40e76009148d469695740e1441e114466861c5295fa22d32c65aff8.jpg,bdcb50eeb40e76009148d469695740e1441e114466861c5295fa22d32c65aff8,9578fe05c0ea75b5b38266884e19c32a20d3241a5c78e6d7abb2f570a221e527,oliver,oliver/19_4_2026_plocha1_titles_1024_part1_Oliver_Surovy_NTB,D:\temp\Dropbox\projects\NAZV2026\Anotacie\hotove_anotacie\oliver\19_4_2026_plocha1_titles_1024_part1_Oliver_Surovy_NTB\DJI_0065_W_30.JPG,D:\temp\Dropbox\projects\NAZV2026\Anotacie\hotove_anotacie\oliver\19_4_2026_plocha1_titles_1024_part1_Oliver_Surovy_NTB\DJI_0065_W_30.json,D:\temp\Dropbox\projects\NAZV2026\Anotacie\hotove_anotacie\oliver\19_4_2026_plocha1_titles_1024_part1_Oliver_Surovy_NTB\DJI_0065_W_30.JPG,D:\temp\Dropbox\projects\NAZV2026\Anotacie\hotove_anotacie\oliver\19_4_2026_plocha1_titles_1024_part1_Oliver_Surovy_NTB\DJI_0065_W_30.json,68317b0b8c19837319d0c8e8511226ec046d5c4f66b556001ebe8075484a29e2,D:\TreeDetector\data_staging\benchmark_v5\approved_generations\0ad51183d8d6120b_47dc9d42466b1922\annotations\bdcb50eeb40e7600.json,8842af4c7bb68eab108fb074ce56e239a781a75ee664bd883294874a9c299db5,train,dji_0065_w,1024,1024,20,1,21,21
bdd77234b0ea3c449d2a80727718b5ea47a19387576a2c7d942defac73120ff5,bdd77234b0ea3c449d2a80727718b5ea47a19387576a2c7d942defac73120ff5.jpg,bdd77234b0ea3c449d2a80727718b5ea47a19387576a2c7d942defac73120ff5,d5c94bffb3cb570f97cf81c3566059a19a78413d82dbdfd21a7d4cea473d98ec,Matej,Matej/19_4_2026_plocha1_part2_opravene,D:\temp\Dropbox\projects\NAZV2026\Anotacie\hotove_anotacie\Matej\19_4_2026_plocha1_part2_opravene\DJI_0259_W_34.jpg,D:\temp\Dropbox\projects\NAZV2026\Anotacie\hotove_anotacie\Matej\19_4_2026_plocha1_part2_opravene\DJI_0259_W_34.json,D:\temp\Dropbox\projects\NAZV2026\Anotacie\hotove_anotacie\Matej\19_4_2026_plocha1_part2_opravene\DJI_0259_W_34.jpg,D:\temp\Dropbox\projects\NAZV2026\Anotacie\hotove_anotacie\Matej\19_4_2026_plocha1_part2_opravene\DJI_0259_W_34.json,e2ba9c76f14135d3172ebf706dba47294c9659c7f5a900f5018d88cda7880276,D:\TreeDetector\data_staging\benchmark_v5\approved_generations\0ad51183d8d6120b_47dc9d42466b1922\annotations\bdd77234b0ea3c44.json,d14e379974c6c94a95ae97259a34812fac347b9eac60b67d69409761de70c68a,val,dji_0259_w,1024,1024,2,0,2,2
bec57c9f0c9395584a3a77bb0e62770e4eea7e5c033dbad267297fb434795815,bec57c9f0c9395584a3a77bb0e62770e4eea7e5c033dbad267297fb434795815.jpg,bec57c9f0c9395584a3a77bb0e62770e4eea7e5c033dbad267297fb434795815,1b6b65ed9a3a9eb617b38046a47a3e250c7f1522552c2835ef3563e3e3aa591f,Matej,Matej/19_4_2026_plocha1_part2_opravene,D:\temp\Dropbox\projects\NAZV2026\Anotacie\hotove_anotacie\Matej\19_4_2026_plocha1_part2_opravene\DJI_0257_W_3.jpg,D:\temp\Dropbox\projects\NAZV2026\Anotacie\hotove_anotacie\Matej\19_4_2026_plocha1_part2_opravene\DJI_0257_W_3.json,D:\temp\Dropbox\projects\NAZV2026\Anotacie\hotove_anotacie\Matej\19_4_2026_plocha1_part2_opravene\DJI_0257_W_3.jpg,D:\temp\Dropbox\projects\NAZV2026\Anotacie\hotove_anotacie\Matej\19_4_2026_plocha1_part2_opravene\DJI_0257_W_3.json,4cbe4e3de1559fea7975e503162dc2eee58710be440a9f30ef8c0223fd48ae2d,D:\TreeDetector\data_staging\benchmark_v5\approved_generations\0ad51183d8d6120b_47dc9d42466b1922\annotations\bec57c9f0c939558.json,4f8045458afb5afe49c3ab86065fb73282e8e9ef533d190673219f6c790b215c,test,dji_0257_w,1024,1024,6,0,6,6
beea30e9c02df8ad27ffa38b8ee4654df6c8713906749d0dc70488da7a66e542,beea30e9c02df8ad27ffa38b8ee4654df6c8713906749d0dc70488da7a66e542.jpg,beea30e9c02df8ad27ffa38b8ee4654df6c8713906749d0dc70488da7a66e542,fc1f47fc04b0bd2e65d206e6f825d151a113005e08ec47ae1282b8b19a775053,Jakub,Jakub/1.2.2026_hotovo (1)/1.2.2026_hotovo,D:\temp\Dropbox\projects\NAZV2026\Anotacie\hotove_anotacie\Jakub\1.2.2026_hotovo (1)\1.2.2026_hotovo\DJI_0049_W_25.JPG,D:\temp\Dropbox\projects\NAZV2026\Anotacie\hotove_anotacie\Jakub\1.2.2026_hotovo (1)\1.2.2026_hotovo\DJI_0049_W_25.json,D:\temp\Dropbox\projects\NAZV2026\Anotacie\hotove_anotacie\Jakub\1.2.2026_hotovo (1)\1.2.2026_hotovo\DJI_0049_W_25.JPG,D:\temp\Dropbox\projects\NAZV2026\Anotacie\hotove_anotacie\Jakub\1.2.2026_hotovo (1)\1.2.2026_hotovo\DJI_0049_W_25.json,d776815309f1871c4518d53f80ff5ae820a8bbc37d0090a026a7e4c29761ea73,D:\TreeDetector\data_staging\benchmark_v5\approved_generations\0ad51183d8d6120b_47dc9d42466b1922\annotations\beea30e9c02df8ad.json,102d296289f14f823bf3aafac4c0369d454f14db33a0b80f26609926a4ab0db0,train,dji_0049_w,1024,1024,10,0,10,10
bfe6c657676b83119a71ddfc678df0a72331c57b49052063ffb5fbf39868a2cb,bfe6c657676b83119a71ddfc678df0a72331c57b49052063ffb5fbf39868a2cb.jpg,bfe6c657676b83119a71ddfc678df0a72331c57b49052063ffb5fbf39868a2cb,31713f5c2c33eb5c64e9bf5d857a2f406066018489467c1e6c15803ba3af0617,oliver,oliver/19_4_2026_plocha1_titles_1024_part1_Oliver_Surovy_NTB,D:\temp\Dropbox\projects\NAZV2026\Anotacie\hotove_anotacie\oliver\19_4_2026_plocha1_titles_1024_part1_Oliver_Surovy_NTB\DJI_0067_W_4.JPG,D:\temp\Dropbox\projects\NAZV2026\Anotacie\hotove_anotacie\oliver\19_4_2026_plocha1_titles_1024_part1_Oliver_Surovy_NTB\DJI_0067_W_4.json,D:\temp\Dropbox\projects\NAZV2026\Anotacie\hotove_anotacie\oliver\19_4_2026_plocha1_titles_1024_part1_Oliver_Surovy_NTB\DJI_0067_W_4.JPG,D:\temp\Dropbox\projects\NAZV2026\Anotacie\hotove_anotacie\oliver\19_4_2026_plocha1_titles_1024_part1_Oliver_Surovy_NTB\DJI_0067_W_4.json,e96d730a22ed1b97f2a63525ea2c00446b8fadc9fe17ab5a55a50a922c82ee5d,D:\TreeDetector\data_staging\benchmark_v5\approved_generations\0ad51183d8d6120b_47dc9d42466b1922\annotations\bfe6c657676b8311.json,1ef5aca37deae02204bae0a22ca253744c6f97258d7813e92291e559841e53bc,test,dji_0067_w,1024,1024,28,3,31,31
c0229f9e5907467cc97f462d7446bb1fd147dca8a6525a62d3acd5c88ce2d1c2,c0229f9e5907467cc97f462d7446bb1fd147dca8a6525a62d3acd5c88ce2d1c2.jpg,c0229f9e5907467cc97f462d7446bb1fd147dca8a6525a62d3acd5c88ce2d1c2,c105f70194676cb49ef4c18beed9d4b3e8d10308903428e6251916097225457b,Matej,Matej/19_4_2026_plocha1_part2_opravene,D:\temp\Dropbox\projects\NAZV2026\Anotacie\hotove_anotacie\Matej\19_4_2026_plocha1_part2_opravene\DJI_0259_W_19.jpg,D:\temp\Dropbox\projects\NAZV2026\Anotacie\hotove_anotacie\Matej\19_4_2026_plocha1_part2_opravene\DJI_0259_W_19.json,D:\temp\Dropbox\projects\NAZV2026\Anotacie\hotove_anotacie\Matej\19_4_2026_plocha1_part2_opravene\DJI_0259_W_19.jpg,D:\temp\Dropbox\projects\NAZV2026\Anotacie\hotove_anotacie\Matej\19_4_2026_plocha1_part2_opravene\DJI_0259_W_19.json,e5474d6f8c9ddd947246a0a0fb73a92689e0ac7eb0678898a7df529d87b394cb,D:\TreeDetector\data_staging\benchmark_v5\approved_generations\0ad51183d8d6120b_47dc9d42466b1922\annotations\c0229f9e5907467c.json,6e4d07ec068608047a625a5d5a10b91ef548e123a507aea64f040f7ec4a1870d,val,dji_0259_w,1024,1024,6,0,6,6
c132da312739184bc2222cad1c50315c195bb774e7b620026113d3535e090cdf,c132da312739184bc2222cad1c50315c195bb774e7b620026113d3535e090cdf.jpg,c132da312739184bc2222cad1c50315c195bb774e7b620026113d3535e090cdf,b194eaed53f38221ff391d3f596d50222860b4f9fb261a305fad9bfa23feb58c,Matej,Matej/19_4_2026_plocha1_part2_opravene,D:\temp\Dropbox\projects\NAZV2026\Anotacie\hotove_anotacie\Matej\19_4_2026_plocha1_part2_opravene\DJI_0259_W_30.jpg,D:\temp\Dropbox\projects\NAZV2026\Anotacie\hotove_anotacie\Matej\19_4_2026_plocha1_part2_opravene\DJI_0259_W_30.json,D:\temp\Dropbox\projects\NAZV2026\Anotacie\hotove_anotacie\Matej\19_4_2026_plocha1_part2_opravene\DJI_0259_W_30.jpg,D:\temp\Dropbox\projects\NAZV2026\Anotacie\hotove_anotacie\Matej\19_4_2026_plocha1_part2_opravene\DJI_0259_W_30.json,a16918f0054ea8a5acb3e8cf2169c046e20cf91c24cc70b681ee9dca7a289569,D:\TreeDetector\data_staging\benchmark_v5\approved_generations\0ad51183d8d6120b_47dc9d42466b1922\annotations\c132da312739184b.json,4cff2afcdf274a71f1462f738fa84af870febfaffdb755d6aa3cc2b3d1be2631,val,dji_0259_w,1024,1024,9,0,9,9
c17408a645d6a55acc9f71497e7153d2203439281bc15408bb5068e1356b0306,c17408a645d6a55acc9f71497e7153d2203439281bc15408bb5068e1356b0306.jpg,c17408a645d6a55acc9f71497e7153d2203439281bc15408bb5068e1356b0306,707f5283559e47bd4fd9d5a39a3e98438659f52a9abeb69c3d9497d2b8e57eea,Matej,Matej/19_4_2026_plocha1_part2_opravene,D:\temp\Dropbox\projects\NAZV2026\Anotacie\hotove_anotacie\Matej\19_4_2026_plocha1_part2_opravene\DJI_0261_W_33.jpg,D:\temp\Dropbox\projects\NAZV2026\Anotacie\hotove_anotacie\Matej\19_4_2026_plocha1_part2_opravene\DJI_0261_W_33.json,D:\temp\Dropbox\projects\NAZV2026\Anotacie\hotove_anotacie\Matej\19_4_2026_plocha1_part2_opravene\DJI_0261_W_33.jpg,D:\temp\Dropbox\projects\NAZV2026\Anotacie\hotove_anotacie\Matej\19_4_2026_plocha1_part2_opravene\DJI_0261_W_33.json,0006e8c7f4e881367b93ecf52831ade83993fb33629dc86f1e4a392610d84ea1,D:\TreeDetector\data_staging\benchmark_v5\approved_generations\0ad51183d8d6120b_47dc9d42466b1922\annotations\c17408a645d6a55a.json,c89e2b6ce24653fa165241802d515ec5af628120486a8632db03be3bab33cf35,train,dji_0261_w,1024,1024,9,1,10,10
c3af988329af45021b848ed9f6cd112cf517d99ca421dbe6b3cce00cfcea6402,c3af988329af45021b848ed9f6cd112cf517d99ca421dbe6b3cce00cfcea6402.jpg,c3af988329af45021b848ed9f6cd112cf517d99ca421dbe6b3cce00cfcea6402,3edf9d89ec376b7da23a85a20a0042825aade910597b53bccec6bebaa36ec1ff,oliver,oliver/19_4_2026_plocha1_titles_1024_part1_Oliver_Surovy_NTB,D:\temp\Dropbox\projects\NAZV2026\Anotacie\hotove_anotacie\oliver\19_4_2026_plocha1_titles_1024_part1_Oliver_Surovy_NTB\DJI_0067_W_20.JPG,D:\temp\Dropbox\projects\NAZV2026\Anotacie\hotove_anotacie\oliver\19_4_2026_plocha1_titles_1024_part1_Oliver_Surovy_NTB\DJI_0067_W_20.json,D:\temp\Dropbox\projects\NAZV2026\Anotacie\hotove_anotacie\oliver\19_4_2026_plocha1_titles_1024_part1_Oliver_Surovy_NTB\DJI_0067_W_20.JPG,D:\temp\Dropbox\projects\NAZV2026\Anotacie\hotove_anotacie\oliver\19_4_2026_plocha1_titles_1024_part1_Oliver_Surovy_NTB\DJI_0067_W_20.json,f470c689c4f246b3cee50bb8e63bdb45cef5c004d81d574e8e1652bf8345a090,D:\TreeDetector\data_staging\benchmark_v5\approved_generations\0ad51183d8d6120b_47dc9d42466b1922\annotations\c3af988329af4502.json,56e1e00af0b1b611f6847cfaa0575412447a06d640df3d37c961d65156f67068,test,dji_0067_w,1024,1024,14,0,14,14
c560af00f802398d636aa274180b561611d0e589c9ae495744b32792c0f61ac4,c560af00f802398d636aa274180b561611d0e589c9ae495744b32792c0f61ac4.jpg,c560af00f802398d636aa274180b561611d0e589c9ae495744b32792c0f61ac4,f81df356652609741b8e9b40221bf572e62e3d50ca97925cde84a022c9d87e69,Matej,Matej/19_4_2026_plocha1_part2_opravene,D:\temp\Dropbox\projects\NAZV2026\Anotacie\hotove_anotacie\Matej\19_4_2026_plocha1_part2_opravene\DJI_0261_W_18.jpg,D:\temp\Dropbox\projects\NAZV2026\Anotacie\hotove_anotacie\Matej\19_4_2026_plocha1_part2_opravene\DJI_0261_W_18.json,D:\temp\Dropbox\projects\NAZV2026\Anotacie\hotove_anotacie\Matej\19_4_2026_plocha1_part2_opravene\DJI_0261_W_18.jpg,D:\temp\Dropbox\projects\NAZV2026\Anotacie\hotove_anotacie\Matej\19_4_2026_plocha1_part2_opravene\DJI_0261_W_18.json,286d506510a96ed7645f202f58a31f6172f59186e412a5cedc1686602cda141f,D:\TreeDetector\data_staging\benchmark_v5\approved_generations\0ad51183d8d6120b_47dc9d42466b1922\annotations\c560af00f802398d.json,4d039eb185aa513004371b6be78a1551802a3f5406f35a0f8fb2c131d6974cb2,train,dji_0261_w,1024,1024,4,0,4,4
c598d745d79e4675b6d0b273bf75fe933deb9da2e6d67289bcea049741039260,c598d745d79e4675b6d0b273bf75fe933deb9da2e6d67289bcea049741039260.jpg,c598d745d79e4675b6d0b273bf75fe933deb9da2e6d67289bcea049741039260,3cd6c731ca8609774c29bb9f69ecd5bb05670480c3503e3bfb19c65ada803891,oliver,oliver/19_4_Plocha_1_part1,D:\temp\Dropbox\projects\NAZV2026\Anotacie\hotove_anotacie\oliver\19_4_Plocha_1_part1\DJI_0061_W_21.JPG,D:\temp\Dropbox\projects\NAZV2026\Anotacie\hotove_anotacie\oliver\19_4_Plocha_1_part1\DJI_0061_W_21.json,D:\temp\Dropbox\projects\NAZV2026\Anotacie\hotove_anotacie\oliver\19_4_Plocha_1_part1\DJI_0061_W_21.JPG,D:\temp\Dropbox\projects\NAZV2026\Anotacie\hotove_anotacie\oliver\19_4_Plocha_1_part1\DJI_0061_W_21.json,ea5c183b112761191f101967e80b84e88fb22a530a662bf5a75eae46131a518f,D:\TreeDetector\data_staging\benchmark_v5\approved_generations\0ad51183d8d6120b_47dc9d42466b1922\annotations\c598d745d79e4675.json,a0341811b5bfec88992f1ba09d09c014fecb688eb0fc29ca3406fd2cc99dd24d,train,dji_0061_w,1024,1024,11,0,11,11
c648042f8e253fe1089643b48301e3e55e1021f0c51f507221ed45cb97526b0f,c648042f8e253fe1089643b48301e3e55e1021f0c51f507221ed45cb97526b0f.jpg,c648042f8e253fe1089643b48301e3e55e1021f0c51f507221ed45cb97526b0f,265d21a0ce7db49c4b9d3a6f14d9a0c3c24c2f9c839b6cf13cdfd8741f1c59cf,Matej,Matej/19_4_2026_plocha1_part2_opravene,D:\temp\Dropbox\projects\NAZV2026\Anotacie\hotove_anotacie\Matej\19_4_2026_plocha1_part2_opravene\DJI_0259_W_11.jpg,D:\temp\Dropbox\projects\NAZV2026\Anotacie\hotove_anotacie\Matej\19_4_2026_plocha1_part2_opravene\DJI_0259_W_11.json,D:\temp\Dropbox\projects\NAZV2026\Anotacie\hotove_anotacie\Matej\19_4_2026_plocha1_part2_opravene\DJI_0259_W_11.jpg,D:\temp\Dropbox\projects\NAZV2026\Anotacie\hotove_anotacie\Matej\19_4_2026_plocha1_part2_opravene\DJI_0259_W_11.json,ae8d995f5f131f8ee29a8fe44e7997f3302bb3abafa8bb90bf4762e8816c4aa9,D:\TreeDetector\data_staging\benchmark_v5\approved_generations\0ad51183d8d6120b_47dc9d42466b1922\annotations\c648042f8e253fe1.json,e461ed64637347cc4f9867b73090a7ae53b2214aebe54e36fb62a1aac13e8a15,val,dji_0259_w,1024,1024,10,0,10,10
c6765e898100eec7b4e31a602c38ebb671169fa85130904f95f4814c869a101c,c6765e898100eec7b4e31a602c38ebb671169fa85130904f95f4814c869a101c.jpg,c6765e898100eec7b4e31a602c38ebb671169fa85130904f95f4814c869a101c,75ba6e437944ce53f7c59604d72736f8d05e9bcd31fa125e8c5864d20d362d9c,Matej,Matej/19_4_2026_plocha1_part2_opravene,D:\temp\Dropbox\projects\NAZV2026\Anotacie\hotove_anotacie\Matej\19_4_2026_plocha1_part2_opravene\DJI_0259_W_26.jpg,D:\temp\Dropbox\projects\NAZV2026\Anotacie\hotove_anotacie\Matej\19_4_2026_plocha1_part2_opravene\DJI_0259_W_26.json,D:\temp\Dropbox\projects\NAZV2026\Anotacie\hotove_anotacie\Matej\19_4_2026_plocha1_part2_opravene\DJI_0259_W_26.jpg,D:\temp\Dropbox\projects\NAZV2026\Anotacie\hotove_anotacie\Matej\19_4_2026_plocha1_part2_opravene\DJI_0259_W_26.json,fe1533723d7e688e6ee5f38a6fadbab90111f4794961c9345b186f833e636247,D:\TreeDetector\data_staging\benchmark_v5\approved_generations\0ad51183d8d6120b_47dc9d42466b1922\annotations\c6765e898100eec7.json,1aef2ec420f2c52c4d2855fc2b51cf866218cc0668a2cda3ba01c7a8e4bc47ca,val,dji_0259_w,1024,1024,1,0,1,1
c7329f6964f6187a5cc89771a46a80725bdf544fc5787a4bee2b7ba90423ee88,c7329f6964f6187a5cc89771a46a80725bdf544fc5787a4bee2b7ba90423ee88.jpg,c7329f6964f6187a5cc89771a46a80725bdf544fc5787a4bee2b7ba90423ee88,75ec5734b5f4332fecfc85a67b99ea24ea249c6eed04501fe75f4cefd457a914,oliver,oliver/19_4_Plocha_1_part1,D:\temp\Dropbox\projects\NAZV2026\Anotacie\hotove_anotacie\oliver\19_4_Plocha_1_part1\DJI_0061_W_26.JPG,D:\temp\Dropbox\projects\NAZV2026\Anotacie\hotove_anotacie\oliver\19_4_Plocha_1_part1\DJI_0061_W_26.json,D:\temp\Dropbox\projects\NAZV2026\Anotacie\hotove_anotacie\oliver\19_4_Plocha_1_part1\DJI_0061_W_26.JPG,D:\temp\Dropbox\projects\NAZV2026\Anotacie\hotove_anotacie\oliver\19_4_Plocha_1_part1\DJI_0061_W_26.json,02789ea45c4ec3e6261fa19acea3b8c414262409c2cf059bcf405bcd4e472c2e,D:\TreeDetector\data_staging\benchmark_v5\approved_generations\0ad51183d8d6120b_47dc9d42466b1922\annotations\c7329f6964f6187a.json,260a70368e3ed54ff43ba048d9381f201d4a6bbb95a98e3d4c99184672ba54ab,train,dji_0061_w,1024,1024,34,0,34,34
c78b27def39a51ed7be949912540ecd35f00a37efe4ae51542b8dc038ac2f056,c78b27def39a51ed7be949912540ecd35f00a37efe4ae51542b8dc038ac2f056.jpg,c78b27def39a51ed7be949912540ecd35f00a37efe4ae51542b8dc038ac2f056,59aab80f21f81db5980a5339f832adc1bab5a2d9cc761a02d1d286fb483d0003,Jakub,Jakub/1.2.2026_hotovo (1)/1.2.2026_hotovo,D:\temp\Dropbox\projects\NAZV2026\Anotacie\hotove_anotacie\Jakub\1.2.2026_hotovo (1)\1.2.2026_hotovo\DJI_0049_W_34.JPG,D:\temp\Dropbox\projects\NAZV2026\Anotacie\hotove_anotacie\Jakub\1.2.2026_hotovo (1)\1.2.2026_hotovo\DJI_0049_W_34.json,D:\temp\Dropbox\projects\NAZV2026\Anotacie\hotove_anotacie\Jakub\1.2.2026_hotovo (1)\1.2.2026_hotovo\DJI_0049_W_34.JPG,D:\temp\Dropbox\projects\NAZV2026\Anotacie\hotove_anotacie\Jakub\1.2.2026_hotovo (1)\1.2.2026_hotovo\DJI_0049_W_34.json,95fdbb2e87c64d13bcf1f76e80c038c54ef3b7b177d61b8ee5d06dc79592aa5c,D:\TreeDetector\data_staging\benchmark_v5\approved_generations\0ad51183d8d6120b_47dc9d42466b1922\annotations\c78b27def39a51ed.json,4e0658475685b5d82e50c8c5f274c85203b52e0c603b9af6859bfd5e8a131417,train,dji_0049_w,1024,1024,37,27,64,64
c7e67556558f4e61dd713fe491a3db78bd8fce496c106249f543a1cd76083ad9,c7e67556558f4e61dd713fe491a3db78bd8fce496c106249f543a1cd76083ad9.jpg,c7e67556558f4e61dd713fe491a3db78bd8fce496c106249f543a1cd76083ad9,b461e8cc5ccf5cfe03e89fd9e2ed499374fc31d3e77640ab7fd4cf760c909b23,Jakub,Jakub/1.2.2026_hotovo (1)/1.2.2026_hotovo,D:\temp\Dropbox\projects\NAZV2026\Anotacie\hotove_anotacie\Jakub\1.2.2026_hotovo (1)\1.2.2026_hotovo\DJI_0049_W_8.JPG,D:\temp\Dropbox\projects\NAZV2026\Anotacie\hotove_anotacie\Jakub\1.2.2026_hotovo (1)\1.2.2026_hotovo\DJI_0049_W_8.json,D:\temp\Dropbox\projects\NAZV2026\Anotacie\hotove_anotacie\Jakub\1.2.2026_hotovo (1)\1.2.2026_hotovo\DJI_0049_W_8.JPG,D:\temp\Dropbox\projects\NAZV2026\Anotacie\hotove_anotacie\Jakub\1.2.2026_hotovo (1)\1.2.2026_hotovo\DJI_0049_W_8.json,fc48d509a910c2b29a6b2fd8b540b1b2094360c95ba49ce186c61cf2b6614e14,D:\TreeDetector\data_staging\benchmark_v5\approved_generations\0ad51183d8d6120b_47dc9d42466b1922\annotations\c7e67556558f4e61.json,c82d690d696cb57772cef93567d109ff13538323729992393215c631c874a2c7,train,dji_0049_w,1024,1024,8,0,8,8
c8e15c8c32b18308c1aeb16fda70bd4ac75871e6dcf377c0af2a38ea26bc4e6c,c8e15c8c32b18308c1aeb16fda70bd4ac75871e6dcf377c0af2a38ea26bc4e6c.jpg,c8e15c8c32b18308c1aeb16fda70bd4ac75871e6dcf377c0af2a38ea26bc4e6c,74c051b61d551f5d30ee878b2e43337da5cc81e5f8a00b68059a8108881a595d,oliver,oliver/19_4_2026_plocha1_titles_1024_part1_Oliver_Surovy_NTB,D:\temp\Dropbox\projects\NAZV2026\Anotacie\hotove_anotacie\oliver\19_4_2026_plocha1_titles_1024_part1_Oliver_Surovy_NTB\DJI_0067_W_12.JPG,D:\temp\Dropbox\projects\NAZV2026\Anotacie\hotove_anotacie\oliver\19_4_2026_plocha1_titles_1024_part1_Oliver_Surovy_NTB\DJI_0067_W_12.json,D:\temp\Dropbox\projects\NAZV2026\Anotacie\hotove_anotacie\oliver\19_4_2026_plocha1_titles_1024_part1_Oliver_Surovy_NTB\DJI_0067_W_12.JPG,D:\temp\Dropbox\projects\NAZV2026\Anotacie\hotove_anotacie\oliver\19_4_2026_plocha1_titles_1024_part1_Oliver_Surovy_NTB\DJI_0067_W_12.json,0c8e5af5345108de5613b71557912315b4c4ccf3f88339687c55daf9b7b6038c,D:\TreeDetector\data_staging\benchmark_v5\approved_generations\0ad51183d8d6120b_47dc9d42466b1922\annotations\c8e15c8c32b18308.json,aa0d4a76618d384568498e9fa2d847ebbcc696fcedff2a679cbda06e56533755,test,dji_0067_w,1024,1024,21,0,21,21
c8f4d9c765df61fe652bb021a70471728a2ee20479fdbb4414d12b8949305625,c8f4d9c765df61fe652bb021a70471728a2ee20479fdbb4414d12b8949305625.jpg,c8f4d9c765df61fe652bb021a70471728a2ee20479fdbb4414d12b8949305625,73067a0312ec4619d1acd9899661f3e1ee33fad4647d4ba085066b3aa9166c9e,Matej,Matej/19_4_2026_plocha1_part2_opravene,D:\temp\Dropbox\projects\NAZV2026\Anotacie\hotove_anotacie\Matej\19_4_2026_plocha1_part2_opravene\DJI_0259_W_14.jpg,D:\temp\Dropbox\projects\NAZV2026\Anotacie\hotove_anotacie\Matej\19_4_2026_plocha1_part2_opravene\DJI_0259_W_14.json,D:\temp\Dropbox\projects\NAZV2026\Anotacie\hotove_anotacie\Matej\19_4_2026_plocha1_part2_opravene\DJI_0259_W_14.jpg,D:\temp\Dropbox\projects\NAZV2026\Anotacie\hotove_anotacie\Matej\19_4_2026_plocha1_part2_opravene\DJI_0259_W_14.json,690a026accd0035dee935da826247820252c2ced49476c386d335cab7c4d6b67,D:\TreeDetector\data_staging\benchmark_v5\approved_generations\0ad51183d8d6120b_47dc9d42466b1922\annotations\c8f4d9c765df61fe.json,4e671d9fd5e7ed3ea34ea3c7f5d85a2a68fca8e648bd0d3785300d255c228a51,val,dji_0259_w,1024,1024,6,0,6,6
c93e2a623b318e06d24873899aa98b9decf0123611e6098d01fb33121d1437fa,c93e2a623b318e06d24873899aa98b9decf0123611e6098d01fb33121d1437fa.jpg,c93e2a623b318e06d24873899aa98b9decf0123611e6098d01fb33121d1437fa,84ccda6635802e07096a13816f7550917a0795255d2e5d7951cd39cca450789c,Matej,Matej/19_4_2026_plocha1_part2_opravene,D:\temp\Dropbox\projects\NAZV2026\Anotacie\hotove_anotacie\Matej\19_4_2026_plocha1_part2_opravene\DJI_0263_W_2.jpg,D:\temp\Dropbox\projects\NAZV2026\Anotacie\hotove_anotacie\Matej\19_4_2026_plocha1_part2_opravene\DJI_0263_W_2.json,D:\temp\Dropbox\projects\NAZV2026\Anotacie\hotove_anotacie\Matej\19_4_2026_plocha1_part2_opravene\DJI_0263_W_2.jpg,D:\temp\Dropbox\projects\NAZV2026\Anotacie\hotove_anotacie\Matej\19_4_2026_plocha1_part2_opravene\DJI_0263_W_2.json,8fc9ed3056ad4aa2a71fa7a735a2d5b0a691b6d8aea7290aa59c49b7bd18af70,D:\TreeDetector\data_staging\benchmark_v5\approved_generations\0ad51183d8d6120b_47dc9d42466b1922\annotations\c93e2a623b318e06.json,a2877ace63f2ffc52d3382b45a3c84f9271f727fd2ec2d72e6fc62b5b00a377b,train,dji_0263_w,1024,1024,9,0,9,9
c9b612943a959886241da5b06a78c88f0119ad6017ba6c1fca14dab81ec16a18,c9b612943a959886241da5b06a78c88f0119ad6017ba6c1fca14dab81ec16a18.jpg,c9b612943a959886241da5b06a78c88f0119ad6017ba6c1fca14dab81ec16a18,219150c774600312bda853acbd6384f648b894d7969756de401b4d33c0adc9e2,oliver,oliver/19_4_Plocha_1_part1,D:\temp\Dropbox\projects\NAZV2026\Anotacie\hotove_anotacie\oliver\19_4_Plocha_1_part1\DJI_0061_W_25.JPG,D:\temp\Dropbox\projects\NAZV2026\Anotacie\hotove_anotacie\oliver\19_4_Plocha_1_part1\DJI_0061_W_25.json,D:\temp\Dropbox\projects\NAZV2026\Anotacie\hotove_anotacie\oliver\19_4_Plocha_1_part1\DJI_0061_W_25.JPG,D:\temp\Dropbox\projects\NAZV2026\Anotacie\hotove_anotacie\oliver\19_4_Plocha_1_part1\DJI_0061_W_25.json,d0bab4a28c2a953712a2d3b4c760c9de1268c6d33f23e781b94595ed07c77942,D:\TreeDetector\data_staging\benchmark_v5\approved_generations\0ad51183d8d6120b_47dc9d42466b1922\annotations\c9b612943a959886.json,fb025d20082a3e1d57c650fd7997fefb7f0882ebc2089fe106af24af08cbfc49,train,dji_0061_w,1024,1024,35,0,35,35
c9ef740700357d8ce395dee0a26549377a1feebf4cedf5d4d8780b2c2ccc6c40,c9ef740700357d8ce395dee0a26549377a1feebf4cedf5d4d8780b2c2ccc6c40.jpg,c9ef740700357d8ce395dee0a26549377a1feebf4cedf5d4d8780b2c2ccc6c40,67ca44c475470b0e7a06a8145589e2338c340d6e3fad486b23822ec0d92090c7,oliver,oliver/19_4_2026_plocha1_titles_1024_part1_Oliver_Surovy_NTB,D:\temp\Dropbox\projects\NAZV2026\Anotacie\hotove_anotacie\oliver\19_4_2026_plocha1_titles_1024_part1_Oliver_Surovy_NTB\DJI_0065_W_6.JPG,D:\temp\Dropbox\projects\NAZV2026\Anotacie\hotove_anotacie\oliver\19_4_2026_plocha1_titles_1024_part1_Oliver_Surovy_NTB\DJI_0065_W_6.json,D:\temp\Dropbox\projects\NAZV2026\Anotacie\hotove_anotacie\oliver\19_4_2026_plocha1_titles_1024_part1_Oliver_Surovy_NTB\DJI_0065_W_6.JPG,D:\temp\Dropbox\projects\NAZV2026\Anotacie\hotove_anotacie\oliver\19_4_2026_plocha1_titles_1024_part1_Oliver_Surovy_NTB\DJI_0065_W_6.json,e89f0ef6edd1e9e4838d3600ae452aa82414ac7aa59e45836caf519905a08622,D:\TreeDetector\data_staging\benchmark_v5\approved_generations\0ad51183d8d6120b_47dc9d42466b1922\annotations\c9ef740700357d8c.json,46eb26e4cdef65ed7074d170325a34e2eda1623656de872f5b2d9ecbfe8f8392,train,dji_0065_w,1024,1024,9,8,17,17
cd016b91ccad7648384525b37bcd5f673421ad83aca1ef9e9ebf3e45719a0a0f,cd016b91ccad7648384525b37bcd5f673421ad83aca1ef9e9ebf3e45719a0a0f.jpg,cd016b91ccad7648384525b37bcd5f673421ad83aca1ef9e9ebf3e45719a0a0f,699a79c800a8ec296aaa7ded1bb5d4d14b3b312bf853818af7cfa26e9252ee39,Matej,Matej/19_4_2026_plocha1_part2_opravene,D:\temp\Dropbox\projects\NAZV2026\Anotacie\hotove_anotacie\Matej\19_4_2026_plocha1_part2_opravene\DJI_0261_W_1.jpg,D:\temp\Dropbox\projects\NAZV2026\Anotacie\hotove_anotacie\Matej\19_4_2026_plocha1_part2_opravene\DJI_0261_W_1.json,D:\temp\Dropbox\projects\NAZV2026\Anotacie\hotove_anotacie\Matej\19_4_2026_plocha1_part2_opravene\DJI_0261_W_1.jpg,D:\temp\Dropbox\projects\NAZV2026\Anotacie\hotove_anotacie\Matej\19_4_2026_plocha1_part2_opravene\DJI_0261_W_1.json,a6f1bf0e531d59aff6fadff1b3ca5c932b47302a70cd38f6e3070f5843a976ad,D:\TreeDetector\data_staging\benchmark_v5\approved_generations\0ad51183d8d6120b_47dc9d42466b1922\annotations\cd016b91ccad7648.json,8faf373267715393792ea8aa1f91e4fc08d2431906a752890633cba10dd9e5cc,train,dji_0261_w,1024,1024,1,0,1,1
cd36522678b792db14a54b6f5ce3b338c7d5f41cdb81a2800054cd328451db78,cd36522678b792db14a54b6f5ce3b338c7d5f41cdb81a2800054cd328451db78.jpg,cd36522678b792db14a54b6f5ce3b338c7d5f41cdb81a2800054cd328451db78,c3965b6b5a893bbc2de30bfc799e9d658d59f03e3e094989f42db901aeb89941,oliver,oliver/19_4_2026_plocha1_titles_1024_part1_Oliver_Surovy_NTB,D:\temp\Dropbox\projects\NAZV2026\Anotacie\hotove_anotacie\oliver\19_4_2026_plocha1_titles_1024_part1_Oliver_Surovy_NTB\DJI_0065_W_12.JPG,D:\temp\Dropbox\projects\NAZV2026\Anotacie\hotove_anotacie\oliver\19_4_2026_plocha1_titles_1024_part1_Oliver_Surovy_NTB\DJI_0065_W_12.json,D:\temp\Dropbox\projects\NAZV2026\Anotacie\hotove_anotacie\oliver\19_4_2026_plocha1_titles_1024_part1_Oliver_Surovy_NTB\DJI_0065_W_12.JPG,D:\temp\Dropbox\projects\NAZV2026\Anotacie\hotove_anotacie\oliver\19_4_2026_plocha1_titles_1024_part1_Oliver_Surovy_NTB\DJI_0065_W_12.json,ac1998ebdb644f3944c3d2693b164c0a63ed283c4fb66445a9ad6c42acc08efd,D:\TreeDetector\data_staging\benchmark_v5\approved_generations\0ad51183d8d6120b_47dc9d42466b1922\annotations\cd36522678b792db.json,09f98e6fca8728235d99db79f50009338591908131c9bc067a279d7dcc32b17b,train,dji_0065_w,1024,1024,16,4,20,20
cd5969519210e237e48e8b32915f09a582ba0c6eee8f44246a1d7a5dee39540b,cd5969519210e237e48e8b32915f09a582ba0c6eee8f44246a1d7a5dee39540b.jpg,cd5969519210e237e48e8b32915f09a582ba0c6eee8f44246a1d7a5dee39540b,c35db977ef83842fe41a6393ee76cd27b8aca733f6d8973f3356ec75c1124849,oliver,oliver/19_4_2026_plocha1_titles_1024_part1_Oliver_Surovy_NTB,D:\temp\Dropbox\projects\NAZV2026\Anotacie\hotove_anotacie\oliver\19_4_2026_plocha1_titles_1024_part1_Oliver_Surovy_NTB\DJI_0065_W_35.JPG,D:\temp\Dropbox\projects\NAZV2026\Anotacie\hotove_anotacie\oliver\19_4_2026_plocha1_titles_1024_part1_Oliver_Surovy_NTB\DJI_0065_W_35.json,D:\temp\Dropbox\projects\NAZV2026\Anotacie\hotove_anotacie\oliver\19_4_2026_plocha1_titles_1024_part1_Oliver_Surovy_NTB\DJI_0065_W_35.JPG,D:\temp\Dropbox\projects\NAZV2026\Anotacie\hotove_anotacie\oliver\19_4_2026_plocha1_titles_1024_part1_Oliver_Surovy_NTB\DJI_0065_W_35.json,b314c58ae8153c29d1eaa204477cf4e4b27b5031e626818f8d7a2db855fd01f2,D:\TreeDetector\data_staging\benchmark_v5\approved_generations\0ad51183d8d6120b_47dc9d42466b1922\annotations\cd5969519210e237.json,30af45e9dc71287a74233f9f09c48b4d9e86a6ce0f655593559ce849ce3b3623,train,dji_0065_w,1024,1024,14,2,16,16
cdc2085694dec88713e652a394a41ae21cf102c28995037c691b8e0be9e1f709,cdc2085694dec88713e652a394a41ae21cf102c28995037c691b8e0be9e1f709.jpg,cdc2085694dec88713e652a394a41ae21cf102c28995037c691b8e0be9e1f709,90575c3e7491c52f4d3959c21faa3b8688ca1df02866bd277d891f1fd79e44a7,Matej,Matej/19_4_2026_plocha1_part2_opravene,D:\temp\Dropbox\projects\NAZV2026\Anotacie\hotove_anotacie\Matej\19_4_2026_plocha1_part2_opravene\DJI_0259_W_28.jpg,D:\temp\Dropbox\projects\NAZV2026\Anotacie\hotove_anotacie\Matej\19_4_2026_plocha1_part2_opravene\DJI_0259_W_28.json,D:\temp\Dropbox\projects\NAZV2026\Anotacie\hotove_anotacie\Matej\19_4_2026_plocha1_part2_opravene\DJI_0259_W_28.jpg,D:\temp\Dropbox\projects\NAZV2026\Anotacie\hotove_anotacie\Matej\19_4_2026_plocha1_part2_opravene\DJI_0259_W_28.json,2b950bd52b75d7bd449a09f43261936b09938ff324225eb76ac55af7481ae4e6,D:\TreeDetector\data_staging\benchmark_v5\approved_generations\0ad51183d8d6120b_47dc9d42466b1922\annotations\cdc2085694dec887.json,6c390aa41d2f007bc10768610467fd6159e56308e603ae91a18f0d5f961e3ac9,val,dji_0259_w,1024,1024,7,0,7,7
d00877b23345821419cddb39828cc189bd77bf8d477307da437dafd44c9a937d,d00877b23345821419cddb39828cc189bd77bf8d477307da437dafd44c9a937d.jpg,d00877b23345821419cddb39828cc189bd77bf8d477307da437dafd44c9a937d,573ce3f52c8b4373df7d99adb5b09a9fd0a7a18fbbbafc3b4e4882f18ae585d5,Jakub,Jakub/19_4hotove,D:\temp\Dropbox\projects\NAZV2026\Anotacie\hotove_anotacie\Jakub\19_4hotove\DJI_0805_W_16.JPG,D:\temp\Dropbox\projects\NAZV2026\Anotacie\hotove_anotacie\Jakub\19_4hotove\DJI_0805_W_16.json,D:\temp\Dropbox\projects\NAZV2026\Anotacie\hotove_anotacie\Jakub\19_4hotove\DJI_0805_W_16.JPG,D:\temp\Dropbox\projects\NAZV2026\Anotacie\hotove_anotacie\Jakub\19_4hotove\DJI_0805_W_16.json,5dec0efdd60ad895137975f193b9aec9d20f67ce1eac696a76fe4baeaa015bcd,D:\TreeDetector\data_staging\benchmark_v5\approved_generations\0ad51183d8d6120b_47dc9d42466b1922\annotations\d00877b233458214.json,bee0e42c24513c66103e43ad52698b8734f52fc76f43d9b2678104784a4241b7,val,dji_0805_w,1024,1024,5,2,7,7
d021f73cb271b883f14ce6efbe85676340e5a23ff507a7bea008b8c30ba8fa4f,d021f73cb271b883f14ce6efbe85676340e5a23ff507a7bea008b8c30ba8fa4f.jpg,d021f73cb271b883f14ce6efbe85676340e5a23ff507a7bea008b8c30ba8fa4f,67d717caa9a6b296195e89f73b81c09a8b8ba5689d02eb97390f663f836ef8ef,Matej,Matej/19_4_2026_plocha1_part2_opravene,D:\temp\Dropbox\projects\NAZV2026\Anotacie\hotove_anotacie\Matej\19_4_2026_plocha1_part2_opravene\DJI_0263_W_0.jpg,D:\temp\Dropbox\projects\NAZV2026\Anotacie\hotove_anotacie\Matej\19_4_2026_plocha1_part2_opravene\DJI_0263_W_0.json,D:\temp\Dropbox\projects\NAZV2026\Anotacie\hotove_anotacie\Matej\19_4_2026_plocha1_part2_opravene\DJI_0263_W_0.jpg,D:\temp\Dropbox\projects\NAZV2026\Anotacie\hotove_anotacie\Matej\19_4_2026_plocha1_part2_opravene\DJI_0263_W_0.json,f5b6354bd7b73faff2d6751777f985154d8409d937f0bc18d1e76bfb9e49f534,D:\TreeDetector\data_staging\benchmark_v5\approved_generations\0ad51183d8d6120b_47dc9d42466b1922\annotations\d021f73cb271b883.json,529c4395ac24179cec76ed7b2f8190f0e438db74143c112d782bc383ea980719,train,dji_0263_w,1024,1024,12,0,12,12
d0d416b1ceef94700f18311678aaf1e62acd2d049a2fc90291009572bf9ef5a0,d0d416b1ceef94700f18311678aaf1e62acd2d049a2fc90291009572bf9ef5a0.jpg,d0d416b1ceef94700f18311678aaf1e62acd2d049a2fc90291009572bf9ef5a0,49c58e54c3185dd56b5ef2110c8fa1077314b82abd6a5fbfbcfbfdb26f99598c,Matej,Matej/19_4_2026_plocha1_part2_opravene,D:\temp\Dropbox\projects\NAZV2026\Anotacie\hotove_anotacie\Matej\19_4_2026_plocha1_part2_opravene\DJI_0261_W_35.jpg,D:\temp\Dropbox\projects\NAZV2026\Anotacie\hotove_anotacie\Matej\19_4_2026_plocha1_part2_opravene\DJI_0261_W_35.json,D:\temp\Dropbox\projects\NAZV2026\Anotacie\hotove_anotacie\Matej\19_4_2026_plocha1_part2_opravene\DJI_0261_W_35.jpg,D:\temp\Dropbox\projects\NAZV2026\Anotacie\hotove_anotacie\Matej\19_4_2026_plocha1_part2_opravene\DJI_0261_W_35.json,6050e426a6176984ab29b38fc00ae0ddb0d34b8217321c46687bc805e7d40285,D:\TreeDetector\data_staging\benchmark_v5\approved_generations\0ad51183d8d6120b_47dc9d42466b1922\annotations\d0d416b1ceef9470.json,0e8de66ea049ca844af079bd1df174413cd26a6cf6b4164756b409c9daed702a,train,dji_0261_w,1024,1024,5,2,7,7
d113063337ae00d8e503c03efddbd4fb2f27952ab2ed82c599875e1fe2ab06cb,d113063337ae00d8e503c03efddbd4fb2f27952ab2ed82c599875e1fe2ab06cb.jpg,d113063337ae00d8e503c03efddbd4fb2f27952ab2ed82c599875e1fe2ab06cb,f4b044e84165be5bfdf0c92601899a4a1097960e2d45949020c7c95ce89f22a9,oliver,oliver/19_4_Plocha_1_part1,D:\temp\Dropbox\projects\NAZV2026\Anotacie\hotove_anotacie\oliver\19_4_Plocha_1_part1\DJI_0061_W_10.JPG,D:\temp\Dropbox\projects\NAZV2026\Anotacie\hotove_anotacie\oliver\19_4_Plocha_1_part1\DJI_0061_W_10.json,D:\temp\Dropbox\projects\NAZV2026\Anotacie\hotove_anotacie\oliver\19_4_Plocha_1_part1\DJI_0061_W_10.JPG,D:\temp\Dropbox\projects\NAZV2026\Anotacie\hotove_anotacie\oliver\19_4_Plocha_1_part1\DJI_0061_W_10.json,21a30184f311628c9e65f91514587ccbd33fa09e3f53781df3931b8de3a98d2c,D:\TreeDetector\data_staging\benchmark_v5\approved_generations\0ad51183d8d6120b_47dc9d42466b1922\annotations\d113063337ae00d8.json,22e51686422c2711a9d31aa24d17ba4102db92cc4ef1bde7c8b9b6422521c3ab,train,dji_0061_w,1024,1024,32,0,32,32
d1d14fc5d87f3bcd951bc6db369c3c14adb21b6c6df9227ff43f9249f0d82c6e,d1d14fc5d87f3bcd951bc6db369c3c14adb21b6c6df9227ff43f9249f0d82c6e.jpg,d1d14fc5d87f3bcd951bc6db369c3c14adb21b6c6df9227ff43f9249f0d82c6e,2edaf8074384a5bf84d26cdc3032262673bf18242e94bc3eeab7ff50defe7904,Matej,Matej/19_4_2026_plocha1_part2_opravene,D:\temp\Dropbox\projects\NAZV2026\Anotacie\hotove_anotacie\Matej\19_4_2026_plocha1_part2_opravene\DJI_0257_W_28.jpg,D:\temp\Dropbox\projects\NAZV2026\Anotacie\hotove_anotacie\Matej\19_4_2026_plocha1_part2_opravene\DJI_0257_W_28.json,D:\temp\Dropbox\projects\NAZV2026\Anotacie\hotove_anotacie\Matej\19_4_2026_plocha1_part2_opravene\DJI_0257_W_28.jpg,D:\temp\Dropbox\projects\NAZV2026\Anotacie\hotove_anotacie\Matej\19_4_2026_plocha1_part2_opravene\DJI_0257_W_28.json,485fa658c764c515851413544c42d1fdfee407918307bc8fe5590876effe7c61,D:\TreeDetector\data_staging\benchmark_v5\approved_generations\0ad51183d8d6120b_47dc9d42466b1922\annotations\d1d14fc5d87f3bcd.json,e820b29b5871bd412ec0bff3b977bca51c482de2af42c56d4d9299b4a56975b4,test,dji_0257_w,1024,1024,9,0,9,9
d1dbe6d72ca7bd7da89a5bea607c4ccea87a550c13f4ff3680dae337fa31c547,d1dbe6d72ca7bd7da89a5bea607c4ccea87a550c13f4ff3680dae337fa31c547.jpg,d1dbe6d72ca7bd7da89a5bea607c4ccea87a550c13f4ff3680dae337fa31c547,52ef65424f73fe6503db3ea1fdcdbdef1dcc559e7be8877b4a515639ac7474fb,oliver,oliver/19_4_2026_plocha1_titles_1024_part1_Oliver_Surovy_NTB,D:\temp\Dropbox\projects\NAZV2026\Anotacie\hotove_anotacie\oliver\19_4_2026_plocha1_titles_1024_part1_Oliver_Surovy_NTB\DJI_0067_W_36.JPG,D:\temp\Dropbox\projects\NAZV2026\Anotacie\hotove_anotacie\oliver\19_4_2026_plocha1_titles_1024_part1_Oliver_Surovy_NTB\DJI_0067_W_36.json,D:\temp\Dropbox\projects\NAZV2026\Anotacie\hotove_anotacie\oliver\19_4_2026_plocha1_titles_1024_part1_Oliver_Surovy_NTB\DJI_0067_W_36.JPG,D:\temp\Dropbox\projects\NAZV2026\Anotacie\hotove_anotacie\oliver\19_4_2026_plocha1_titles_1024_part1_Oliver_Surovy_NTB\DJI_0067_W_36.json,266adc86f3aaa7b5b8facfc2a0bb0ee5c3781c934c8f52df20910f1868ebe928,D:\TreeDetector\data_staging\benchmark_v5\approved_generations\0ad51183d8d6120b_47dc9d42466b1922\annotations\d1dbe6d72ca7bd7d.json,21a4169d255e7e52dc4df1eaf516c6c54019fc4195a269350a040d793d572728,test,dji_0067_w,1024,1024,20,0,20,20
d1e22746f417ee51cf68a50f8c33d0e9b12b1a8683ed65fe954fe259cc656388,d1e22746f417ee51cf68a50f8c33d0e9b12b1a8683ed65fe954fe259cc656388.jpg,d1e22746f417ee51cf68a50f8c33d0e9b12b1a8683ed65fe954fe259cc656388,433fb32d42112d299687837151e8e5d87537d466cf32c7700777b259bc5011b6,Matej,Matej/19_4_2026_plocha1_part2_opravene,D:\temp\Dropbox\projects\NAZV2026\Anotacie\hotove_anotacie\Matej\19_4_2026_plocha1_part2_opravene\DJI_0261_W_24.jpg,D:\temp\Dropbox\projects\NAZV2026\Anotacie\hotove_anotacie\Matej\19_4_2026_plocha1_part2_opravene\DJI_0261_W_24.json,D:\temp\Dropbox\projects\NAZV2026\Anotacie\hotove_anotacie\Matej\19_4_2026_plocha1_part2_opravene\DJI_0261_W_24.jpg,D:\temp\Dropbox\projects\NAZV2026\Anotacie\hotove_anotacie\Matej\19_4_2026_plocha1_part2_opravene\DJI_0261_W_24.json,281c49f41892c8a03396a90ac56bacc25e6ed06d8ee897ad1d8d8f1e83a48775,D:\TreeDetector\data_staging\benchmark_v5\approved_generations\0ad51183d8d6120b_47dc9d42466b1922\annotations\d1e22746f417ee51.json,ec82c5171e9608d98bdcf7aa2fd19f7a75bb8cb5271ade4fdf048d8289ebbad3,train,dji_0261_w,1024,1024,10,0,10,10
d3e53f0af7772f50fd11170eda1bc31d9a29109fc3281ca6636289d4008903ad,d3e53f0af7772f50fd11170eda1bc31d9a29109fc3281ca6636289d4008903ad.jpg,d3e53f0af7772f50fd11170eda1bc31d9a29109fc3281ca6636289d4008903ad,1c6f92c69e36e4aeb4940b3eebebb0e00757fcb3f3724c445900a3655e181a8b,Matej,Matej/19_4_2026_plocha1_part2_opravene,D:\temp\Dropbox\projects\NAZV2026\Anotacie\hotove_anotacie\Matej\19_4_2026_plocha1_part2_opravene\DJI_0261_W_25.jpg,D:\temp\Dropbox\projects\NAZV2026\Anotacie\hotove_anotacie\Matej\19_4_2026_plocha1_part2_opravene\DJI_0261_W_25.json,D:\temp\Dropbox\projects\NAZV2026\Anotacie\hotove_anotacie\Matej\19_4_2026_plocha1_part2_opravene\DJI_0261_W_25.jpg,D:\temp\Dropbox\projects\NAZV2026\Anotacie\hotove_anotacie\Matej\19_4_2026_plocha1_part2_opravene\DJI_0261_W_25.json,4a604045083e13d9c5827b6bd02056fee2b405f50f70e9eb7b43753f72cabf44,D:\TreeDetector\data_staging\benchmark_v5\approved_generations\0ad51183d8d6120b_47dc9d42466b1922\annotations\d3e53f0af7772f50.json,f00d40dc8ec9b32bac5adc1a7c4b34aa501e3819283a626ad4b515147b88fc76,train,dji_0261_w,1024,1024,5,0,5,5
d4d8eb67f5b569953526143ad5c7651368bd4923237c1e38a78192e54c3c2d6b,d4d8eb67f5b569953526143ad5c7651368bd4923237c1e38a78192e54c3c2d6b.jpg,d4d8eb67f5b569953526143ad5c7651368bd4923237c1e38a78192e54c3c2d6b,02f6410c98fa6c92e62c0e6c4006b07e8e9618a97f67939cfbfef0f6704d1ab6,Jakub,Jakub/19_4hotove,D:\temp\Dropbox\projects\NAZV2026\Anotacie\hotove_anotacie\Jakub\19_4hotove\DJI_0801_W_9.JPG,D:\temp\Dropbox\projects\NAZV2026\Anotacie\hotove_anotacie\Jakub\19_4hotove\DJI_0801_W_9.json,D:\temp\Dropbox\projects\NAZV2026\Anotacie\hotove_anotacie\Jakub\19_4hotove\DJI_0801_W_9.JPG,D:\temp\Dropbox\projects\NAZV2026\Anotacie\hotove_anotacie\Jakub\19_4hotove\DJI_0801_W_9.json,8831b84bad04a2fd7282e82164631e5c9033d559207c608d07de18253c07efdd,D:\TreeDetector\data_staging\benchmark_v5\approved_generations\0ad51183d8d6120b_47dc9d42466b1922\annotations\d4d8eb67f5b56995.json,3f184df4216af501891c1e2f6e524772c550cca336e52a0f03be1111ab614323,test,dji_0801_w,1024,1024,8,8,16,16
d56fc7c70f4a9cc659721e2f37c099c0beaede65866b835358beb69dabeec845,d56fc7c70f4a9cc659721e2f37c099c0beaede65866b835358beb69dabeec845.jpg,d56fc7c70f4a9cc659721e2f37c099c0beaede65866b835358beb69dabeec845,07570df963a04bf5606b495c9eaab1352772018831d327ed2d77399ed9696093,Matej,Matej/19_4_2026_plocha1_part2_opravene,D:\temp\Dropbox\projects\NAZV2026\Anotacie\hotove_anotacie\Matej\19_4_2026_plocha1_part2_opravene\DJI_0259_W_16.jpg,D:\temp\Dropbox\projects\NAZV2026\Anotacie\hotove_anotacie\Matej\19_4_2026_plocha1_part2_opravene\DJI_0259_W_16.json,D:\temp\Dropbox\projects\NAZV2026\Anotacie\hotove_anotacie\Matej\19_4_2026_plocha1_part2_opravene\DJI_0259_W_16.jpg,D:\temp\Dropbox\projects\NAZV2026\Anotacie\hotove_anotacie\Matej\19_4_2026_plocha1_part2_opravene\DJI_0259_W_16.json,1200799ff30b8b2072c2a41b682ba5795ddeb134e036062d0d8c65e6fb0d3e79,D:\TreeDetector\data_staging\benchmark_v5\approved_generations\0ad51183d8d6120b_47dc9d42466b1922\annotations\d56fc7c70f4a9cc6.json,403c90ee832fae7640f7b0cca52dee3bef05bb7260dca28c9933bfb36fc1cca7,val,dji_0259_w,1024,1024,2,0,2,2
d76e0fe3c04b4d6a774dc2aeac0e02b6a7717c24a61cb09f4474976bfc78ddd9,d76e0fe3c04b4d6a774dc2aeac0e02b6a7717c24a61cb09f4474976bfc78ddd9.jpg,d76e0fe3c04b4d6a774dc2aeac0e02b6a7717c24a61cb09f4474976bfc78ddd9,2a4609abdd18fd4ddb4208f624680bc542b13dc978edfafda4428216875b9f41,Marek,Marek/1.2.2026_tiles_1024,D:\temp\Dropbox\projects\NAZV2026\Anotacie\hotove_anotacie\Marek\1.2.2026_tiles_1024\DJI_0049_W_36.JPG,D:\temp\Dropbox\projects\NAZV2026\Anotacie\hotove_anotacie\Marek\1.2.2026_tiles_1024\DJI_0049_W_36.json,D:\temp\Dropbox\projects\NAZV2026\Anotacie\hotove_anotacie\Marek\1.2.2026_tiles_1024\DJI_0049_W_36.JPG,D:\temp\Dropbox\projects\NAZV2026\Anotacie\hotove_anotacie\Marek\1.2.2026_tiles_1024\DJI_0049_W_36.json,45194a75665a013e0c3a8a6b98b4211639d22c97df91635e210d0af9cec4c1dc,D:\TreeDetector\data_staging\benchmark_v5\approved_generations\0ad51183d8d6120b_47dc9d42466b1922\annotations\d76e0fe3c04b4d6a.json,3a41fc4d3f812bdbc2da5089281135250f5abfd21fff33a3ce11bfd5927df4aa,train,dji_0049_w,1024,1024,7,9,16,16
d831f96b2451db9f099524f58692bfe4e44d30eca456f9d5cea21b21c5e2ebb4,d831f96b2451db9f099524f58692bfe4e44d30eca456f9d5cea21b21c5e2ebb4.jpg,d831f96b2451db9f099524f58692bfe4e44d30eca456f9d5cea21b21c5e2ebb4,127faee291b0547734abc3b92381b32fdbaf63a65389b49eaac3377c02c71745,Matej,Matej/19_4_2026_plocha1_part2_opravene,D:\temp\Dropbox\projects\NAZV2026\Anotacie\hotove_anotacie\Matej\19_4_2026_plocha1_part2_opravene\DJI_0263_W_3.jpg,D:\temp\Dropbox\projects\NAZV2026\Anotacie\hotove_anotacie\Matej\19_4_2026_plocha1_part2_opravene\DJI_0263_W_3.json,D:\temp\Dropbox\projects\NAZV2026\Anotacie\hotove_anotacie\Matej\19_4_2026_plocha1_part2_opravene\DJI_0263_W_3.jpg,D:\temp\Dropbox\projects\NAZV2026\Anotacie\hotove_anotacie\Matej\19_4_2026_plocha1_part2_opravene\DJI_0263_W_3.json,00b78ab8169f93706fa84dcc0c140ca40300c7b2dadf40f8a8f7d1df0ec42473,D:\TreeDetector\data_staging\benchmark_v5\approved_generations\0ad51183d8d6120b_47dc9d42466b1922\annotations\d831f96b2451db9f.json,1145276b38e4750e1070534b071ae92ea6361af4ae85b4704f83f7c6bbe78783,train,dji_0263_w,1024,1024,6,0,6,6
db0da910e5aea78690130aa269c028f35bd499f8e003487739ce351d3994fce2,db0da910e5aea78690130aa269c028f35bd499f8e003487739ce351d3994fce2.jpg,db0da910e5aea78690130aa269c028f35bd499f8e003487739ce351d3994fce2,fe3ab07d1bb714b4f2976b1faca5fbde789c327613f525c642001c8029671370,oliver,oliver/19_4_2026_plocha1_titles_1024_part1_Oliver_Surovy_NTB,D:\temp\Dropbox\projects\NAZV2026\Anotacie\hotove_anotacie\oliver\19_4_2026_plocha1_titles_1024_part1_Oliver_Surovy_NTB\DJI_0067_W_21.JPG,D:\temp\Dropbox\projects\NAZV2026\Anotacie\hotove_anotacie\oliver\19_4_2026_plocha1_titles_1024_part1_Oliver_Surovy_NTB\DJI_0067_W_21.json,D:\temp\Dropbox\projects\NAZV2026\Anotacie\hotove_anotacie\oliver\19_4_2026_plocha1_titles_1024_part1_Oliver_Surovy_NTB\DJI_0067_W_21.JPG,D:\temp\Dropbox\projects\NAZV2026\Anotacie\hotove_anotacie\oliver\19_4_2026_plocha1_titles_1024_part1_Oliver_Surovy_NTB\DJI_0067_W_21.json,304b3c0013a1ac3cf1d972308674c3542b7a0216043897e0a45102b7ba8ce0d4,D:\TreeDetector\data_staging\benchmark_v5\approved_generations\0ad51183d8d6120b_47dc9d42466b1922\annotations\db0da910e5aea786.json,f3802d648c68e7ab0fc7dab91d2b475991cc8ef5910a90518bdcf48d6c935c57,test,dji_0067_w,1024,1024,15,0,15,15
db1f9b74f70e57d262a25d3856494db665c5af02c196d22f08747be253d7a3fd,db1f9b74f70e57d262a25d3856494db665c5af02c196d22f08747be253d7a3fd.jpg,db1f9b74f70e57d262a25d3856494db665c5af02c196d22f08747be253d7a3fd,896cf00b7d83372105c420d06f60307ed8bc23cb84a2dee34d0702216c5a5cb8,Marek,Marek/1.2.2026_tiles_1024,D:\temp\Dropbox\projects\NAZV2026\Anotacie\hotove_anotacie\Marek\1.2.2026_tiles_1024\DJI_0049_W_24.JPG,D:\temp\Dropbox\projects\NAZV2026\Anotacie\hotove_anotacie\Marek\1.2.2026_tiles_1024\DJI_0049_W_24.json,D:\temp\Dropbox\projects\NAZV2026\Anotacie\hotove_anotacie\Marek\1.2.2026_tiles_1024\DJI_0049_W_24.JPG,D:\temp\Dropbox\projects\NAZV2026\Anotacie\hotove_anotacie\Marek\1.2.2026_tiles_1024\DJI_0049_W_24.json,7355803c02c85d7907f4ecf4e691495d58e6720fa6494d3814553f63002c6e0e,D:\TreeDetector\data_staging\benchmark_v5\approved_generations\0ad51183d8d6120b_47dc9d42466b1922\annotations\db1f9b74f70e57d2.json,78d572e05e0000518095835d2183b9594d1a47e8151b9be68bdb05d7b5883823,train,dji_0049_w,1024,1024,9,3,12,12
dc423403c2200531d92c33b74847f19567091b392fbe0c52dc66b912d3778047,dc423403c2200531d92c33b74847f19567091b392fbe0c52dc66b912d3778047.jpg,dc423403c2200531d92c33b74847f19567091b392fbe0c52dc66b912d3778047,6d55f3c02344a31c1fb4760081009492dddcc4c33334022a2479d4eb3867d211,Matej,Matej/19_4_2026_plocha1_part2_opravene,D:\temp\Dropbox\projects\NAZV2026\Anotacie\hotove_anotacie\Matej\19_4_2026_plocha1_part2_opravene\DJI_0259_W_0.jpg,D:\temp\Dropbox\projects\NAZV2026\Anotacie\hotove_anotacie\Matej\19_4_2026_plocha1_part2_opravene\DJI_0259_W_0.json,D:\temp\Dropbox\projects\NAZV2026\Anotacie\hotove_anotacie\Matej\19_4_2026_plocha1_part2_opravene\DJI_0259_W_0.jpg,D:\temp\Dropbox\projects\NAZV2026\Anotacie\hotove_anotacie\Matej\19_4_2026_plocha1_part2_opravene\DJI_0259_W_0.json,4c1986dff759b7a768256fb06c3a960fa4bcbdecb4d0e3579bb934414bb89050,D:\TreeDetector\data_staging\benchmark_v5\approved_generations\0ad51183d8d6120b_47dc9d42466b1922\annotations\dc423403c2200531.json,fb385ab40b419eee8ea37eca92742f9b0b116bfac1bac9e0ef35949a8a85b67b,val,dji_0259_w,1024,1024,1,0,1,1
dc73482bca1f50e1086cf376d7a1919a5d7b0105268fb8a89e8b72cf23f27c3c,dc73482bca1f50e1086cf376d7a1919a5d7b0105268fb8a89e8b72cf23f27c3c.jpg,dc73482bca1f50e1086cf376d7a1919a5d7b0105268fb8a89e8b72cf23f27c3c,4d9936a78ebc5ecc6db547a04eddfd6407a93fe54145cc590f7e75736cafa972,oliver,oliver/hotove-stromceky,D:\temp\Dropbox\projects\NAZV2026\Anotacie\hotove_anotacie\oliver\hotove-stromceky\DJI_0061_W_6.JPG,D:\temp\Dropbox\projects\NAZV2026\Anotacie\hotove_anotacie\oliver\hotove-stromceky\DJI_0061_W_6.json,D:\temp\Dropbox\projects\NAZV2026\Anotacie\hotove_anotacie\oliver\hotove-stromceky\DJI_0061_W_6.JPG,D:\temp\Dropbox\projects\NAZV2026\Anotacie\hotove_anotacie\oliver\hotove-stromceky\DJI_0061_W_6.json,3cf4ff832d205b747c78b10f0df65f615b7c0ac3718ecf1f50331b2b56eedf74,D:\TreeDetector\data_staging\benchmark_v5\approved_generations\0ad51183d8d6120b_47dc9d42466b1922\annotations\dc73482bca1f50e1.json,5691f8af3f4c8937c0ce89ac3425b569b16cea5ca7570f43fe6cbc651803c635,train,dji_0061_w,1024,1024,6,0,6,6
dc7586131240e9dba86b34d65d656b65ab3827a9fe8b0e9b4bba675be3deff77,dc7586131240e9dba86b34d65d656b65ab3827a9fe8b0e9b4bba675be3deff77.jpg,dc7586131240e9dba86b34d65d656b65ab3827a9fe8b0e9b4bba675be3deff77,5eff57d22c766e8ace335b3cbc5d50330a487ce70dd5605b365916fb3d530d4f,oliver,oliver/19_4_2026_plocha1_titles_1024_part1_Oliver_Surovy_NTB,D:\temp\Dropbox\projects\NAZV2026\Anotacie\hotove_anotacie\oliver\19_4_2026_plocha1_titles_1024_part1_Oliver_Surovy_NTB\DJI_0065_W_20.JPG,D:\temp\Dropbox\projects\NAZV2026\Anotacie\hotove_anotacie\oliver\19_4_2026_plocha1_titles_1024_part1_Oliver_Surovy_NTB\DJI_0065_W_20.json,D:\temp\Dropbox\projects\NAZV2026\Anotacie\hotove_anotacie\oliver\19_4_2026_plocha1_titles_1024_part1_Oliver_Surovy_NTB\DJI_0065_W_20.JPG,D:\temp\Dropbox\projects\NAZV2026\Anotacie\hotove_anotacie\oliver\19_4_2026_plocha1_titles_1024_part1_Oliver_Surovy_NTB\DJI_0065_W_20.json,ac3cdb8d12f8ec39519103c0fd4067ccec3791ba1a5e1dcdc604a0c6706bb6f2,D:\TreeDetector\data_staging\benchmark_v5\approved_generations\0ad51183d8d6120b_47dc9d42466b1922\annotations\dc7586131240e9db.json,67dd0d1fc42802ac22bf0997ffb8c51be900e58277b70dd2a3faf9a0d29187bb,train,dji_0065_w,1024,1024,20,4,24,24
ddb9c6b83253a98ca6d43edbe76f38a5566fd6041683921214ef4afe1d9cba2f,ddb9c6b83253a98ca6d43edbe76f38a5566fd6041683921214ef4afe1d9cba2f.jpg,ddb9c6b83253a98ca6d43edbe76f38a5566fd6041683921214ef4afe1d9cba2f,ed84a37933e7be2f7d20b9b1aae11e780fe0ff4567c43abcf22694e2559b0e99,Jakub,Jakub/19_4hotove,D:\temp\Dropbox\projects\NAZV2026\Anotacie\hotove_anotacie\Jakub\19_4hotove\DJI_0801_W_1.JPG,D:\temp\Dropbox\projects\NAZV2026\Anotacie\hotove_anotacie\Jakub\19_4hotove\DJI_0801_W_1.json,D:\temp\Dropbox\projects\NAZV2026\Anotacie\hotove_anotacie\Jakub\19_4hotove\DJI_0801_W_1.JPG,D:\temp\Dropbox\projects\NAZV2026\Anotacie\hotove_anotacie\Jakub\19_4hotove\DJI_0801_W_1.json,b01f29fa9fda4000c5de88d4996c694599194ea9f638b86f70932d6521fda352,D:\TreeDetector\data_staging\benchmark_v5\approved_generations\0ad51183d8d6120b_47dc9d42466b1922\annotations\ddb9c6b83253a98c.json,b1afd61c104881bc8dd32fc3e2e6df0dc44e5e68f45e20df1a23487d06e9f2f8,test,dji_0801_w,1024,1024,18,9,27,27
de78b82c5d19efb7e26ea54f314d1aba61c4b4cfe28de1da7790e7c8f61082b2,de78b82c5d19efb7e26ea54f314d1aba61c4b4cfe28de1da7790e7c8f61082b2.jpg,de78b82c5d19efb7e26ea54f314d1aba61c4b4cfe28de1da7790e7c8f61082b2,9650ecbbc49c40aa273068b6f9f157b97230e2de2651a2d23cae8304c1798810,oliver,oliver/19_4_2026_plocha1_titles_1024_part1_Oliver_Surovy_NTB,D:\temp\Dropbox\projects\NAZV2026\Anotacie\hotove_anotacie\oliver\19_4_2026_plocha1_titles_1024_part1_Oliver_Surovy_NTB\DJI_0063_W_32.JPG,D:\temp\Dropbox\projects\NAZV2026\Anotacie\hotove_anotacie\oliver\19_4_2026_plocha1_titles_1024_part1_Oliver_Surovy_NTB\DJI_0063_W_32.json,D:\temp\Dropbox\projects\NAZV2026\Anotacie\hotove_anotacie\oliver\19_4_2026_plocha1_titles_1024_part1_Oliver_Surovy_NTB\DJI_0063_W_32.JPG,D:\temp\Dropbox\projects\NAZV2026\Anotacie\hotove_anotacie\oliver\19_4_2026_plocha1_titles_1024_part1_Oliver_Surovy_NTB\DJI_0063_W_32.json,dea389fd61a4dcbbdf0143a14a31a537d6b54deafda4bb766ad9662059f6385c,D:\TreeDetector\data_staging\benchmark_v5\approved_generations\0ad51183d8d6120b_47dc9d42466b1922\annotations\de78b82c5d19efb7.json,b5c29567a4027bf3145c22f55d3918d914bc18ca11e22eeb93c3ea1ff9f28d17,train,dji_0063_w,1024,1024,10,4,14,14
e01e4714fc654158ab637c6da8bdd1695b3b811038d8d99d6774e5b3cff12946,e01e4714fc654158ab637c6da8bdd1695b3b811038d8d99d6774e5b3cff12946.jpg,e01e4714fc654158ab637c6da8bdd1695b3b811038d8d99d6774e5b3cff12946,6ca68b9430e857b4ab6c2622b0e9f9644536cbc99f2ae4fbe4bddccf2265c410,Matej,Matej/19_4_2026_plocha1_part2_opravene,D:\temp\Dropbox\projects\NAZV2026\Anotacie\hotove_anotacie\Matej\19_4_2026_plocha1_part2_opravene\DJI_0261_W_11.jpg,D:\temp\Dropbox\projects\NAZV2026\Anotacie\hotove_anotacie\Matej\19_4_2026_plocha1_part2_opravene\DJI_0261_W_11.json,D:\temp\Dropbox\projects\NAZV2026\Anotacie\hotove_anotacie\Matej\19_4_2026_plocha1_part2_opravene\DJI_0261_W_11.jpg,D:\temp\Dropbox\projects\NAZV2026\Anotacie\hotove_anotacie\Matej\19_4_2026_plocha1_part2_opravene\DJI_0261_W_11.json,43c312305f00d74ede5c923ac042c0b74490d01c2f5f8c668d2c3869b80caf96,D:\TreeDetector\data_staging\benchmark_v5\approved_generations\0ad51183d8d6120b_47dc9d42466b1922\annotations\e01e4714fc654158.json,701ed843e2c1154e7ced78a9991e7246a0478846b437784f58e346fccdfb4c0f,train,dji_0261_w,1024,1024,4,0,4,4
e0b66754394707ddcad4a547b4f64fb1fac0b4345e5f999fa83354d1041a3e43,e0b66754394707ddcad4a547b4f64fb1fac0b4345e5f999fa83354d1041a3e43.jpg,e0b66754394707ddcad4a547b4f64fb1fac0b4345e5f999fa83354d1041a3e43,a2fb35c8405fe566ebeed7a69877de69dfd71d299dd07b97efd34474304dae1f,oliver,oliver/19_4_2026_plocha1_titles_1024_part1_Oliver_Surovy_NTB,D:\temp\Dropbox\projects\NAZV2026\Anotacie\hotove_anotacie\oliver\19_4_2026_plocha1_titles_1024_part1_Oliver_Surovy_NTB\DJI_0063_W_30.JPG,D:\temp\Dropbox\projects\NAZV2026\Anotacie\hotove_anotacie\oliver\19_4_2026_plocha1_titles_1024_part1_Oliver_Surovy_NTB\DJI_0063_W_30.json,D:\temp\Dropbox\projects\NAZV2026\Anotacie\hotove_anotacie\oliver\19_4_2026_plocha1_titles_1024_part1_Oliver_Surovy_NTB\DJI_0063_W_30.JPG,D:\temp\Dropbox\projects\NAZV2026\Anotacie\hotove_anotacie\oliver\19_4_2026_plocha1_titles_1024_part1_Oliver_Surovy_NTB\DJI_0063_W_30.json,4b752173cfea2463de66a47aa8c31d931767564118cc28f1806e96cf398ba8d8,D:\TreeDetector\data_staging\benchmark_v5\approved_generations\0ad51183d8d6120b_47dc9d42466b1922\annotations\e0b66754394707dd.json,f3e44581bc9bfb3ba2445e831bda3f6e38db41edc2aa0aff406ad253d1e5660b,train,dji_0063_w,1024,1024,18,6,24,24
e13c9106db0e8bd26a7a1a3985203fb6eabb78326ddb6eca9c0a47602c1876d3,e13c9106db0e8bd26a7a1a3985203fb6eabb78326ddb6eca9c0a47602c1876d3.jpg,e13c9106db0e8bd26a7a1a3985203fb6eabb78326ddb6eca9c0a47602c1876d3,0eea0aaff6120f78eeeb75fe2e5a36bc2977c6256a2a3a25145e0eb4e46cd72c,Jakub,Jakub/19_4hotove,D:\temp\Dropbox\projects\NAZV2026\Anotacie\hotove_anotacie\Jakub\19_4hotove\DJI_0799_W_24.JPG,D:\temp\Dropbox\projects\NAZV2026\Anotacie\hotove_anotacie\Jakub\19_4hotove\DJI_0799_W_24.json,D:\temp\Dropbox\projects\NAZV2026\Anotacie\hotove_anotacie\Jakub\19_4hotove\DJI_0799_W_24.JPG,D:\temp\Dropbox\projects\NAZV2026\Anotacie\hotove_anotacie\Jakub\19_4hotove\DJI_0799_W_24.json,0e48f9e53cf1c5247f11533127e72987f2a2c029cfc025bf598a97b8de938008,D:\TreeDetector\data_staging\benchmark_v5\approved_generations\0ad51183d8d6120b_47dc9d42466b1922\annotations\e13c9106db0e8bd2.json,02e76592bb1c38cbcb5e90efb7269a039ae3dcbdfdfc9ae96eede2740d8eb81f,val,dji_0799_w,1024,1024,8,8,16,16
e1d195647eb4d9d84f53bc89284672d47607c4243b706fd04ca1eeb40c2259dc,e1d195647eb4d9d84f53bc89284672d47607c4243b706fd04ca1eeb40c2259dc.jpg,e1d195647eb4d9d84f53bc89284672d47607c4243b706fd04ca1eeb40c2259dc,87300aac5087c71cc467934dc31bf69d678b6b90eebf2b03c536b17bfcd7c0ed,Matej,Matej/19_4_2026_plocha1_part2_opravene,D:\temp\Dropbox\projects\NAZV2026\Anotacie\hotove_anotacie\Matej\19_4_2026_plocha1_part2_opravene\DJI_0261_W_2.jpg,D:\temp\Dropbox\projects\NAZV2026\Anotacie\hotove_anotacie\Matej\19_4_2026_plocha1_part2_opravene\DJI_0261_W_2.json,D:\temp\Dropbox\projects\NAZV2026\Anotacie\hotove_anotacie\Matej\19_4_2026_plocha1_part2_opravene\DJI_0261_W_2.jpg,D:\temp\Dropbox\projects\NAZV2026\Anotacie\hotove_anotacie\Matej\19_4_2026_plocha1_part2_opravene\DJI_0261_W_2.json,a48de4d8fbc9f2afa42db7514343111012b059e7d492458588de4f43adc61a55,D:\TreeDetector\data_staging\benchmark_v5\approved_generations\0ad51183d8d6120b_47dc9d42466b1922\annotations\e1d195647eb4d9d8.json,79568091c20d57d839102eec21bc13e8861d363a5d4c8419d8d661bee7ea8faa,train,dji_0261_w,1024,1024,3,0,3,3
e41ad8e9451431634b8c2ef74b247ffe9b65bcef430dc31c0447aee433db4236,e41ad8e9451431634b8c2ef74b247ffe9b65bcef430dc31c0447aee433db4236.jpg,e41ad8e9451431634b8c2ef74b247ffe9b65bcef430dc31c0447aee433db4236,4508e9818d4b5fb160a0ca0dfab5caf4bbee45ebe72dbc3ab30415baa5d0e259,oliver,oliver/19_4_2026_plocha1_titles_1024_part1_Oliver_Surovy_NTB,D:\temp\Dropbox\projects\NAZV2026\Anotacie\hotove_anotacie\oliver\19_4_2026_plocha1_titles_1024_part1_Oliver_Surovy_NTB\DJI_0063_W_28.JPG,D:\temp\Dropbox\projects\NAZV2026\Anotacie\hotove_anotacie\oliver\19_4_2026_plocha1_titles_1024_part1_Oliver_Surovy_NTB\DJI_0063_W_28.json,D:\temp\Dropbox\projects\NAZV2026\Anotacie\hotove_anotacie\oliver\19_4_2026_plocha1_titles_1024_part1_Oliver_Surovy_NTB\DJI_0063_W_28.JPG,D:\temp\Dropbox\projects\NAZV2026\Anotacie\hotove_anotacie\oliver\19_4_2026_plocha1_titles_1024_part1_Oliver_Surovy_NTB\DJI_0063_W_28.json,db3b1fc2b61072085bd97a3b5962177d6da26df8229b5ef66bccd4984ae28a6e,D:\TreeDetector\data_staging\benchmark_v5\approved_generations\0ad51183d8d6120b_47dc9d42466b1922\annotations\e41ad8e945143163.json,4cd6557cfb4d16851502d1c0a2d5965a3a48cf97b0f17c6b85beb93194c7a975,train,dji_0063_w,1024,1024,16,3,19,19
e4e073f7161aa399f64649cb948b35a65c8498f0c57e48c31592525b8a3ac6c6,e4e073f7161aa399f64649cb948b35a65c8498f0c57e48c31592525b8a3ac6c6.jpg,e4e073f7161aa399f64649cb948b35a65c8498f0c57e48c31592525b8a3ac6c6,2c9a9f3f04874bdce4753ab48342ab6fd36e59e2cdd6c6b2ad390dc0c919718e,Marek,Marek/1.2.2026_tiles_1024,D:\temp\Dropbox\projects\NAZV2026\Anotacie\hotove_anotacie\Marek\1.2.2026_tiles_1024\DJI_0049_W_35.JPG,D:\temp\Dropbox\projects\NAZV2026\Anotacie\hotove_anotacie\Marek\1.2.2026_tiles_1024\DJI_0049_W_35.json,D:\temp\Dropbox\projects\NAZV2026\Anotacie\hotove_anotacie\Marek\1.2.2026_tiles_1024\DJI_0049_W_35.JPG,D:\temp\Dropbox\projects\NAZV2026\Anotacie\hotove_anotacie\Marek\1.2.2026_tiles_1024\DJI_0049_W_35.json,b7cbe1eeafd28eb7cc722190b53c039176000f0fafd88cafcfcc8233fa2ee086,D:\TreeDetector\data_staging\benchmark_v5\approved_generations\0ad51183d8d6120b_47dc9d42466b1922\annotations\e4e073f7161aa399.json,797daa2ba1db96c6db8efbc623d8b217252f0f93150cd6b278a3a02d50fec2f6,train,dji_0049_w,1024,1024,20,22,42,42
e5276962667d19e807478b0d497057536d806ebd47adc0dea035da9ac51028c0,e5276962667d19e807478b0d497057536d806ebd47adc0dea035da9ac51028c0.jpg,e5276962667d19e807478b0d497057536d806ebd47adc0dea035da9ac51028c0,2e310f233a79e51533f0e5602f2f112cc46b92e08ba54f76737b49a3388f788a,Jakub,Jakub/19_4hotove,D:\temp\Dropbox\projects\NAZV2026\Anotacie\hotove_anotacie\Jakub\19_4hotove\DJI_0799_W_25.JPG,D:\temp\Dropbox\projects\NAZV2026\Anotacie\hotove_anotacie\Jakub\19_4hotove\DJI_0799_W_25.json,D:\temp\Dropbox\projects\NAZV2026\Anotacie\hotove_anotacie\Jakub\19_4hotove\DJI_0799_W_25.JPG,D:\temp\Dropbox\projects\NAZV2026\Anotacie\hotove_anotacie\Jakub\19_4hotove\DJI_0799_W_25.json,c559a67106be6978f0dd1010fe9d3ff2d6e4f837897550b334e6528f8d1378b9,D:\TreeDetector\data_staging\benchmark_v5\approved_generations\0ad51183d8d6120b_47dc9d42466b1922\annotations\e5276962667d19e8.json,093024b5b36925658e2dfc16c6bd993f9b946900e29538bd2984dd2fdc140cae,val,dji_0799_w,1024,1024,14,2,16,16
e665fd77ca184af9261ce18422db74daba55e808094e3338743bc6ed6905a825,e665fd77ca184af9261ce18422db74daba55e808094e3338743bc6ed6905a825.jpg,e665fd77ca184af9261ce18422db74daba55e808094e3338743bc6ed6905a825,eb542b88be18beb3cb9f3c48c446d678376bcd996745f79f70395209f0f93d82,oliver,oliver/19_4_2026_plocha1_titles_1024_part1_Oliver_Surovy_NTB,D:\temp\Dropbox\projects\NAZV2026\Anotacie\hotove_anotacie\oliver\19_4_2026_plocha1_titles_1024_part1_Oliver_Surovy_NTB\DJI_0065_W_13.JPG,D:\temp\Dropbox\projects\NAZV2026\Anotacie\hotove_anotacie\oliver\19_4_2026_plocha1_titles_1024_part1_Oliver_Surovy_NTB\DJI_0065_W_13.json,D:\temp\Dropbox\projects\NAZV2026\Anotacie\hotove_anotacie\oliver\19_4_2026_plocha1_titles_1024_part1_Oliver_Surovy_NTB\DJI_0065_W_13.JPG,D:\temp\Dropbox\projects\NAZV2026\Anotacie\hotove_anotacie\oliver\19_4_2026_plocha1_titles_1024_part1_Oliver_Surovy_NTB\DJI_0065_W_13.json,af701d83a6adacfaebdb30bec5bd50bf16faf119e2af762caa3e02542c71d5af,D:\TreeDetector\data_staging\benchmark_v5\approved_generations\0ad51183d8d6120b_47dc9d42466b1922\annotations\e665fd77ca184af9.json,3d1a6299c07903fe10789e69c5dc1bda5747c290d4459c086a9c71184a370522,train,dji_0065_w,1024,1024,10,5,15,15
e870b81f6f80a026ee6915dc81d416767d59ef2602a09066dcb013dfb2ba06ba,e870b81f6f80a026ee6915dc81d416767d59ef2602a09066dcb013dfb2ba06ba.jpg,e870b81f6f80a026ee6915dc81d416767d59ef2602a09066dcb013dfb2ba06ba,a55e625f727307b78851b765a2f96d9019c35c4139fb3b93551b1a07be41c73f,oliver,oliver/19_4_2026_plocha1_titles_1024_part1_Oliver_Surovy_NTB,D:\temp\Dropbox\projects\NAZV2026\Anotacie\hotove_anotacie\oliver\19_4_2026_plocha1_titles_1024_part1_Oliver_Surovy_NTB\DJI_0065_W_27.JPG,D:\temp\Dropbox\projects\NAZV2026\Anotacie\hotove_anotacie\oliver\19_4_2026_plocha1_titles_1024_part1_Oliver_Surovy_NTB\DJI_0065_W_27.json,D:\temp\Dropbox\projects\NAZV2026\Anotacie\hotove_anotacie\oliver\19_4_2026_plocha1_titles_1024_part1_Oliver_Surovy_NTB\DJI_0065_W_27.JPG,D:\temp\Dropbox\projects\NAZV2026\Anotacie\hotove_anotacie\oliver\19_4_2026_plocha1_titles_1024_part1_Oliver_Surovy_NTB\DJI_0065_W_27.json,42d4877f4b49aceefa5c38cd25a65cbfe8c9ef48e703d5f632cf58d8b38fbcb9,D:\TreeDetector\data_staging\benchmark_v5\approved_generations\0ad51183d8d6120b_47dc9d42466b1922\annotations\e870b81f6f80a026.json,b88f134a170d4024d86618e60a88e5f9ecc83d49f574ef979474744af3afb128,train,dji_0065_w,1024,1024,19,1,20,20
e893f9d7d75d5b0ae245deba3d402a91895ceb69291ea2c32b4d38703ecd57ab,e893f9d7d75d5b0ae245deba3d402a91895ceb69291ea2c32b4d38703ecd57ab.jpg,e893f9d7d75d5b0ae245deba3d402a91895ceb69291ea2c32b4d38703ecd57ab,d01ce1144fa2423968e38fa03359e8242b9b6242e25eca2bc74d53d2fe2f876c,oliver,oliver/19_4_Plocha_1_part1,D:\temp\Dropbox\projects\NAZV2026\Anotacie\hotove_anotacie\oliver\19_4_Plocha_1_part1\DJI_0061_W_28.JPG,D:\temp\Dropbox\projects\NAZV2026\Anotacie\hotove_anotacie\oliver\19_4_Plocha_1_part1\DJI_0061_W_28.json,D:\temp\Dropbox\projects\NAZV2026\Anotacie\hotove_anotacie\oliver\19_4_Plocha_1_part1\DJI_0061_W_28.JPG,D:\temp\Dropbox\projects\NAZV2026\Anotacie\hotove_anotacie\oliver\19_4_Plocha_1_part1\DJI_0061_W_28.json,55011392b59bf3af4361c98e416045cb60a4f6950c6cc52e4aa2ba74c930a408,D:\TreeDetector\data_staging\benchmark_v5\approved_generations\0ad51183d8d6120b_47dc9d42466b1922\annotations\e893f9d7d75d5b0a.json,c57595645f21883719f6d0c7490349ea34001e18700da4bc2d3e68483c18d7c7,train,dji_0061_w,1024,1024,29,0,29,29
e932f72bea3fc162593ef0c78f449c2bf2e000465ea168215499bc88e519558e,e932f72bea3fc162593ef0c78f449c2bf2e000465ea168215499bc88e519558e.jpg,e932f72bea3fc162593ef0c78f449c2bf2e000465ea168215499bc88e519558e,87cc5061a83318ca7bc8aa4ad95edd0a774ae03995ddf3b8b5254b08fa0692f7,Matej,Matej/19_4_2026_plocha1_part2_opravene,D:\temp\Dropbox\projects\NAZV2026\Anotacie\hotove_anotacie\Matej\19_4_2026_plocha1_part2_opravene\DJI_0259_W_29.jpg,D:\temp\Dropbox\projects\NAZV2026\Anotacie\hotove_anotacie\Matej\19_4_2026_plocha1_part2_opravene\DJI_0259_W_29.json,D:\temp\Dropbox\projects\NAZV2026\Anotacie\hotove_anotacie\Matej\19_4_2026_plocha1_part2_opravene\DJI_0259_W_29.jpg,D:\temp\Dropbox\projects\NAZV2026\Anotacie\hotove_anotacie\Matej\19_4_2026_plocha1_part2_opravene\DJI_0259_W_29.json,85c10947d00b5dc4a437abca7668f5ebd01a970150fb0e638da41cd2042f01b5,D:\TreeDetector\data_staging\benchmark_v5\approved_generations\0ad51183d8d6120b_47dc9d42466b1922\annotations\e932f72bea3fc162.json,2cc871b84ec762eded717b22b3ee67e013a715bc34a237bf8ba68c35089a91d9,val,dji_0259_w,1024,1024,10,0,10,10
ea97ab7413b1d46bfdcff30b659e87dc73caf958198352e23c33fef882828e61,ea97ab7413b1d46bfdcff30b659e87dc73caf958198352e23c33fef882828e61.jpg,ea97ab7413b1d46bfdcff30b659e87dc73caf958198352e23c33fef882828e61,07a4dcc8bd63182f841fd32cc54fd661214504c98cadbb289ca3dd658a7c5682,oliver,oliver/19_4_2026_plocha1_titles_1024_part1_Oliver_Surovy_NTB,D:\temp\Dropbox\projects\NAZV2026\Anotacie\hotove_anotacie\oliver\19_4_2026_plocha1_titles_1024_part1_Oliver_Surovy_NTB\DJI_0067_W_29.JPG,D:\temp\Dropbox\projects\NAZV2026\Anotacie\hotove_anotacie\oliver\19_4_2026_plocha1_titles_1024_part1_Oliver_Surovy_NTB\DJI_0067_W_29.json,D:\temp\Dropbox\projects\NAZV2026\Anotacie\hotove_anotacie\oliver\19_4_2026_plocha1_titles_1024_part1_Oliver_Surovy_NTB\DJI_0067_W_29.JPG,D:\temp\Dropbox\projects\NAZV2026\Anotacie\hotove_anotacie\oliver\19_4_2026_plocha1_titles_1024_part1_Oliver_Surovy_NTB\DJI_0067_W_29.json,e7a083bc1f2c38daa85028068aa1b6fb5f4248f890e55f42e7a53f96124c2150,D:\TreeDetector\data_staging\benchmark_v5\approved_generations\0ad51183d8d6120b_47dc9d42466b1922\annotations\ea97ab7413b1d46b.json,16b97146e23bd98946cb4685854752d3ed43a0dc35a200847daee6040d620949,test,dji_0067_w,1024,1024,17,0,17,17
ead148668920ac6f1092ef44846120387334f37e5b349ba777f6dfa16a57ff42,ead148668920ac6f1092ef44846120387334f37e5b349ba777f6dfa16a57ff42.jpg,ead148668920ac6f1092ef44846120387334f37e5b349ba777f6dfa16a57ff42,68f17f8bf95385d3616f9cec359d8365bca0e823ecabcf2fe45e9529c7a8f7fe,Matej,Matej/19_4_2026_plocha1_part2_opravene,D:\temp\Dropbox\projects\NAZV2026\Anotacie\hotove_anotacie\Matej\19_4_2026_plocha1_part2_opravene\DJI_0261_W_13.jpg,D:\temp\Dropbox\projects\NAZV2026\Anotacie\hotove_anotacie\Matej\19_4_2026_plocha1_part2_opravene\DJI_0261_W_13.json,D:\temp\Dropbox\projects\NAZV2026\Anotacie\hotove_anotacie\Matej\19_4_2026_plocha1_part2_opravene\DJI_0261_W_13.jpg,D:\temp\Dropbox\projects\NAZV2026\Anotacie\hotove_anotacie\Matej\19_4_2026_plocha1_part2_opravene\DJI_0261_W_13.json,4348c88ebacb45e5641c2dd4578e8d2c65e732a273bd91c83b12aead7decfdba,D:\TreeDetector\data_staging\benchmark_v5\approved_generations\0ad51183d8d6120b_47dc9d42466b1922\annotations\ead148668920ac6f.json,790d9ff61c3e831d0046e5cd10e32c831a9d470e341ebd6056b8085c0f1f8b7e,train,dji_0261_w,1024,1024,1,1,2,2
ebb89cf658c7af4299ee8a33a98ab67ffe57a1f126a11f6d5d4aceaa04d02d02,ebb89cf658c7af4299ee8a33a98ab67ffe57a1f126a11f6d5d4aceaa04d02d02.jpg,ebb89cf658c7af4299ee8a33a98ab67ffe57a1f126a11f6d5d4aceaa04d02d02,136bf43e77bd5ae7cae754ec1e6277af314a3f8db34b1a7ab990884ac04c0a60,Jakub,Jakub/19_4hotove,D:\temp\Dropbox\projects\NAZV2026\Anotacie\hotove_anotacie\Jakub\19_4hotove\DJI_0801_W_0.JPG,D:\temp\Dropbox\projects\NAZV2026\Anotacie\hotove_anotacie\Jakub\19_4hotove\DJI_0801_W_0.json,D:\temp\Dropbox\projects\NAZV2026\Anotacie\hotove_anotacie\Jakub\19_4hotove\DJI_0801_W_0.JPG,D:\temp\Dropbox\projects\NAZV2026\Anotacie\hotove_anotacie\Jakub\19_4hotove\DJI_0801_W_0.json,bc25897a8d6def1e06eb648717f36635f30639710c28500ce0707b8935c998c6,D:\TreeDetector\data_staging\benchmark_v5\approved_generations\0ad51183d8d6120b_47dc9d42466b1922\annotations\ebb89cf658c7af42.json,6588b52f9c2b5860302fe8b1469fb90b2de3261e54d9e34bc23516ebfc6cec0a,test,dji_0801_w,1024,1024,12,7,19,19
ee8153ee8a38c1a45f855b508aa93741638ed5c9cee96c924f847822ba847a39,ee8153ee8a38c1a45f855b508aa93741638ed5c9cee96c924f847822ba847a39.jpg,ee8153ee8a38c1a45f855b508aa93741638ed5c9cee96c924f847822ba847a39,e22b333e1607ef60e9bcfbcbf672e4b7d58a01f99e6661f66bd7fcb9fbb3fed7,Matej,Matej/19_4_2026_plocha1_part2_opravene,D:\temp\Dropbox\projects\NAZV2026\Anotacie\hotove_anotacie\Matej\19_4_2026_plocha1_part2_opravene\DJI_0259_W_13.jpg,D:\temp\Dropbox\projects\NAZV2026\Anotacie\hotove_anotacie\Matej\19_4_2026_plocha1_part2_opravene\DJI_0259_W_13.json,D:\temp\Dropbox\projects\NAZV2026\Anotacie\hotove_anotacie\Matej\19_4_2026_plocha1_part2_opravene\DJI_0259_W_13.jpg,D:\temp\Dropbox\projects\NAZV2026\Anotacie\hotove_anotacie\Matej\19_4_2026_plocha1_part2_opravene\DJI_0259_W_13.json,cc44a92f44ca81d8a9a2bfd3190331327f74badf7c681c65ae41e7605edc4cf0,D:\TreeDetector\data_staging\benchmark_v5\approved_generations\0ad51183d8d6120b_47dc9d42466b1922\annotations\ee8153ee8a38c1a4.json,03f5006a3f3d788142f066087c8fd15d3e707c09e946bb922f51da876d6f9d42,val,dji_0259_w,1024,1024,6,0,6,6
f07ddfb15f575929dc4c77b9a4488f563b2bf156056fe3c4a869e86d796288bc,f07ddfb15f575929dc4c77b9a4488f563b2bf156056fe3c4a869e86d796288bc.jpg,f07ddfb15f575929dc4c77b9a4488f563b2bf156056fe3c4a869e86d796288bc,0388b9dde98020af5852d64a806b504fae0898ae276ae2f58f731637cc1297c3,oliver,oliver/19_4_2026_plocha1_titles_1024_part1_Oliver_Surovy_NTB,D:\temp\Dropbox\projects\NAZV2026\Anotacie\hotove_anotacie\oliver\19_4_2026_plocha1_titles_1024_part1_Oliver_Surovy_NTB\DJI_0065_W_3.JPG,D:\temp\Dropbox\projects\NAZV2026\Anotacie\hotove_anotacie\oliver\19_4_2026_plocha1_titles_1024_part1_Oliver_Surovy_NTB\DJI_0065_W_3.json,D:\temp\Dropbox\projects\NAZV2026\Anotacie\hotove_anotacie\oliver\19_4_2026_plocha1_titles_1024_part1_Oliver_Surovy_NTB\DJI_0065_W_3.JPG,D:\temp\Dropbox\projects\NAZV2026\Anotacie\hotove_anotacie\oliver\19_4_2026_plocha1_titles_1024_part1_Oliver_Surovy_NTB\DJI_0065_W_3.json,f10be606573e541afaa5a2161a8080ea4158a4b87117c2a2ae12cdcf0803897a,D:\TreeDetector\data_staging\benchmark_v5\approved_generations\0ad51183d8d6120b_47dc9d42466b1922\annotations\f07ddfb15f575929.json,3643aec8f2a590251aa8d8e3464c0e9609a590dcc9c562add11e8118b8ceacd7,train,dji_0065_w,1024,1024,27,2,29,29
f13fd932686f5c1c39058b61602bc092d8ec138ec1fe52d5d16a6fcc7d28fb06,f13fd932686f5c1c39058b61602bc092d8ec138ec1fe52d5d16a6fcc7d28fb06.jpg,f13fd932686f5c1c39058b61602bc092d8ec138ec1fe52d5d16a6fcc7d28fb06,4aebd7be54f60a14e9219ebd63f35c7b54ce7036c0edf39dffcd2d8ff51c5160,Jakub,Jakub/19_4hotove,D:\temp\Dropbox\projects\NAZV2026\Anotacie\hotove_anotacie\Jakub\19_4hotove\DJI_0805_W_9.JPG,D:\temp\Dropbox\projects\NAZV2026\Anotacie\hotove_anotacie\Jakub\19_4hotove\DJI_0805_W_9.json,D:\temp\Dropbox\projects\NAZV2026\Anotacie\hotove_anotacie\Jakub\19_4hotove\DJI_0805_W_9.JPG,D:\temp\Dropbox\projects\NAZV2026\Anotacie\hotove_anotacie\Jakub\19_4hotove\DJI_0805_W_9.json,10507ab6ff95b4855d6f9ae68a60f8447b3ffc433e4051190459e7f1b09a88d0,D:\TreeDetector\data_staging\benchmark_v5\approved_generations\0ad51183d8d6120b_47dc9d42466b1922\annotations\f13fd932686f5c1c.json,ccf32e4caecd781e187b5c2e5fd3491074da62efc7a7f52ce17e0adf9f5676ff,val,dji_0805_w,1024,1024,0,3,3,3
f161265e414f2b3bb818270545fa8cc8d8b612dc029b5bce0a708998e815e649,f161265e414f2b3bb818270545fa8cc8d8b612dc029b5bce0a708998e815e649.jpg,f161265e414f2b3bb818270545fa8cc8d8b612dc029b5bce0a708998e815e649,87886d201ce4f361805fe1304891a751752d20ed620d6b2704f1e5b6cd4c09c0,Jakub,Jakub/19_4hotove,D:\temp\Dropbox\projects\NAZV2026\Anotacie\hotove_anotacie\Jakub\19_4hotove\DJI_0805_W_29.JPG,D:\temp\Dropbox\projects\NAZV2026\Anotacie\hotove_anotacie\Jakub\19_4hotove\DJI_0805_W_29.json,D:\temp\Dropbox\projects\NAZV2026\Anotacie\hotove_anotacie\Jakub\19_4hotove\DJI_0805_W_29.JPG,D:\temp\Dropbox\projects\NAZV2026\Anotacie\hotove_anotacie\Jakub\19_4hotove\DJI_0805_W_29.json,e742d6dccafe7d99288d1ee308c9484e34cf5e4790567074fc53df41bc2f4bf0,D:\TreeDetector\data_staging\benchmark_v5\approved_generations\0ad51183d8d6120b_47dc9d42466b1922\annotations\f161265e414f2b3b.json,170cbac2e0e87c759c4438ad9b126b37c44a13ce8be2779bab776a99c4b563b3,val,dji_0805_w,1024,1024,10,0,10,10
f1a0ba78e2babe3d8b51c4ee0eec1c5af9e2a4aecd9d914a7578477ef22562c4,f1a0ba78e2babe3d8b51c4ee0eec1c5af9e2a4aecd9d914a7578477ef22562c4.jpg,f1a0ba78e2babe3d8b51c4ee0eec1c5af9e2a4aecd9d914a7578477ef22562c4,bd17a1954038ec9eb66f31ffd68eb8e8f47b6518fc2d88a225a5ff5d14b6e08b,Matej,Matej/19_4_2026_plocha1_part2_opravene,D:\temp\Dropbox\projects\NAZV2026\Anotacie\hotove_anotacie\Matej\19_4_2026_plocha1_part2_opravene\DJI_0257_W_5.jpg,D:\temp\Dropbox\projects\NAZV2026\Anotacie\hotove_anotacie\Matej\19_4_2026_plocha1_part2_opravene\DJI_0257_W_5.json,D:\temp\Dropbox\projects\NAZV2026\Anotacie\hotove_anotacie\Matej\19_4_2026_plocha1_part2_opravene\DJI_0257_W_5.jpg,D:\temp\Dropbox\projects\NAZV2026\Anotacie\hotove_anotacie\Matej\19_4_2026_plocha1_part2_opravene\DJI_0257_W_5.json,247bb8408823401dfc9ab7f3a9fb38f9dbc0b49a92d7753228079d59f4d73dfc,D:\TreeDetector\data_staging\benchmark_v5\approved_generations\0ad51183d8d6120b_47dc9d42466b1922\annotations\f1a0ba78e2babe3d.json,71cb2b878819ce7e8507ac931d8fb2d7c2d0ac6989445800f6b9c840ce67e1a0,test,dji_0257_w,1024,1024,8,0,8,8
f1c88a8f2c5a29ebb8c9bc5d0b0a71797b6e7128fbd8b676de3e8fa1acb2afb7,f1c88a8f2c5a29ebb8c9bc5d0b0a71797b6e7128fbd8b676de3e8fa1acb2afb7.jpg,f1c88a8f2c5a29ebb8c9bc5d0b0a71797b6e7128fbd8b676de3e8fa1acb2afb7,fd2022ff5db3d3024c9315612c9236458275ade2b6fc15a6bbdc338f1ba520ca,oliver,oliver/19_4_Plocha_1_part1,D:\temp\Dropbox\projects\NAZV2026\Anotacie\hotove_anotacie\oliver\19_4_Plocha_1_part1\DJI_0061_W_19.JPG,D:\temp\Dropbox\projects\NAZV2026\Anotacie\hotove_anotacie\oliver\19_4_Plocha_1_part1\DJI_0061_W_19.json,D:\temp\Dropbox\projects\NAZV2026\Anotacie\hotove_anotacie\oliver\19_4_Plocha_1_part1\DJI_0061_W_19.JPG,D:\temp\Dropbox\projects\NAZV2026\Anotacie\hotove_anotacie\oliver\19_4_Plocha_1_part1\DJI_0061_W_19.json,563d0481e04ff93af55b9434e960f560d02b630282de606d19ee5b1558c3917e,D:\TreeDetector\data_staging\benchmark_v5\approved_generations\0ad51183d8d6120b_47dc9d42466b1922\annotations\f1c88a8f2c5a29eb.json,bd4c150ab0147bc13c1458f00a26763fc821bffa0ee692b2c6342bae9f6ccda3,train,dji_0061_w,1024,1024,34,0,34,34
f1f0c5f871fc7d0a7eeabfcfb48c17795bef8f143de32dc0fb769a9859d63771,f1f0c5f871fc7d0a7eeabfcfb48c17795bef8f143de32dc0fb769a9859d63771.jpg,f1f0c5f871fc7d0a7eeabfcfb48c17795bef8f143de32dc0fb769a9859d63771,047af8d34eedb5b3c06fe2f6df4884e7f8d766b6bdbc30dc4160d5017ab1b393,oliver,oliver/19_4_2026_plocha1_titles_1024_part1_Oliver_Surovy_NTB,D:\temp\Dropbox\projects\NAZV2026\Anotacie\hotove_anotacie\oliver\19_4_2026_plocha1_titles_1024_part1_Oliver_Surovy_NTB\DJI_0065_W_4.JPG,D:\temp\Dropbox\projects\NAZV2026\Anotacie\hotove_anotacie\oliver\19_4_2026_plocha1_titles_1024_part1_Oliver_Surovy_NTB\DJI_0065_W_4.json,D:\temp\Dropbox\projects\NAZV2026\Anotacie\hotove_anotacie\oliver\19_4_2026_plocha1_titles_1024_part1_Oliver_Surovy_NTB\DJI_0065_W_4.JPG,D:\temp\Dropbox\projects\NAZV2026\Anotacie\hotove_anotacie\oliver\19_4_2026_plocha1_titles_1024_part1_Oliver_Surovy_NTB\DJI_0065_W_4.json,154111a8ef2cc768ac25dbb5043dbc667c908ba25093bebee3ac9acc97eef24d,D:\TreeDetector\data_staging\benchmark_v5\approved_generations\0ad51183d8d6120b_47dc9d42466b1922\annotations\f1f0c5f871fc7d0a.json,e12ea03bb1222a85f6f6e436d78d7f6bf6a10e0fc55fd222a977bd9993878104,train,dji_0065_w,1024,1024,8,4,12,12
f2028bc40f0327d30c1ced9ef81c9832cbba49eea3d3c6ad5993031744a645e9,f2028bc40f0327d30c1ced9ef81c9832cbba49eea3d3c6ad5993031744a645e9.jpg,f2028bc40f0327d30c1ced9ef81c9832cbba49eea3d3c6ad5993031744a645e9,e973d76ff804c8274043b4e0bd76458b50cdd4574871307c5ca01d0f141c9f16,Jakub,Jakub/1.2.2026_hotovo (1)/1.2.2026_hotovo,D:\temp\Dropbox\projects\NAZV2026\Anotacie\hotove_anotacie\Jakub\1.2.2026_hotovo (1)\1.2.2026_hotovo\DJI_0049_W_3.JPG,D:\temp\Dropbox\projects\NAZV2026\Anotacie\hotove_anotacie\Jakub\1.2.2026_hotovo (1)\1.2.2026_hotovo\DJI_0049_W_3.json,D:\temp\Dropbox\projects\NAZV2026\Anotacie\hotove_anotacie\Jakub\1.2.2026_hotovo (1)\1.2.2026_hotovo\DJI_0049_W_3.JPG,D:\temp\Dropbox\projects\NAZV2026\Anotacie\hotove_anotacie\Jakub\1.2.2026_hotovo (1)\1.2.2026_hotovo\DJI_0049_W_3.json,7184cf94c1c8c4487c6a6dab8e819ff16e41ae8621bb645698188db3950ca1d9,D:\TreeDetector\data_staging\benchmark_v5\approved_generations\0ad51183d8d6120b_47dc9d42466b1922\annotations\f2028bc40f0327d3.json,581870d504314b16b1bbe698b4b8cd7214c045085184881b316b2324ea29c260,train,dji_0049_w,1024,1024,8,1,9,9
f3669fe7360ddd5da31d30fc6f482e949b4581b06d1f400f29e70b8f461e4ad6,f3669fe7360ddd5da31d30fc6f482e949b4581b06d1f400f29e70b8f461e4ad6.jpg,f3669fe7360ddd5da31d30fc6f482e949b4581b06d1f400f29e70b8f461e4ad6,4c9ae32cc4a9193174d86f49eeee620c222e37f54e73a280dec65174c25fdfbf,Matej,Matej/19_4_2026_plocha1_part2_opravene,D:\temp\Dropbox\projects\NAZV2026\Anotacie\hotove_anotacie\Matej\19_4_2026_plocha1_part2_opravene\DJI_0261_W_21.jpg,D:\temp\Dropbox\projects\NAZV2026\Anotacie\hotove_anotacie\Matej\19_4_2026_plocha1_part2_opravene\DJI_0261_W_21.json,D:\temp\Dropbox\projects\NAZV2026\Anotacie\hotove_anotacie\Matej\19_4_2026_plocha1_part2_opravene\DJI_0261_W_21.jpg,D:\temp\Dropbox\projects\NAZV2026\Anotacie\hotove_anotacie\Matej\19_4_2026_plocha1_part2_opravene\DJI_0261_W_21.json,d4c38f5e084504b39f0d05be53a3688c40ce0d2d3c5f67078a02458287e81256,D:\TreeDetector\data_staging\benchmark_v5\approved_generations\0ad51183d8d6120b_47dc9d42466b1922\annotations\f3669fe7360ddd5d.json,43baa5284e9100119420cd2d35fb07fb06d2296d9e74dfa5b95defe68a46854f,train,dji_0261_w,1024,1024,3,2,5,5
f42b6cf2b80dfa3846fb6cf47def360d96b1b26031119170ddb803adcf0b133a,f42b6cf2b80dfa3846fb6cf47def360d96b1b26031119170ddb803adcf0b133a.jpg,f42b6cf2b80dfa3846fb6cf47def360d96b1b26031119170ddb803adcf0b133a,55b74f5efaa6647226639c71c046cc7c81a8acc6f6ed5f8258566583ab637206,oliver,oliver/19_4_Plocha_1_part1,D:\temp\Dropbox\projects\NAZV2026\Anotacie\hotove_anotacie\oliver\19_4_Plocha_1_part1\DJI_0061_W_12.JPG,D:\temp\Dropbox\projects\NAZV2026\Anotacie\hotove_anotacie\oliver\19_4_Plocha_1_part1\DJI_0061_W_12.json,D:\temp\Dropbox\projects\NAZV2026\Anotacie\hotove_anotacie\oliver\19_4_Plocha_1_part1\DJI_0061_W_12.JPG,D:\temp\Dropbox\projects\NAZV2026\Anotacie\hotove_anotacie\oliver\19_4_Plocha_1_part1\DJI_0061_W_12.json,f5664cab4543902f951c50eea63427a653b914646d7b65d284c3867207eb6629,D:\TreeDetector\data_staging\benchmark_v5\approved_generations\0ad51183d8d6120b_47dc9d42466b1922\annotations\f42b6cf2b80dfa38.json,b7bd57cfd46cda77b0f3ba4f5324f2e5f737784b7ffa4a9666052daedb209942,train,dji_0061_w,1024,1024,4,0,4,4
f443b22bd5e5d681445463fb465c0c73d3e1c090aba7b11c99474cd3d48dcd1f,f443b22bd5e5d681445463fb465c0c73d3e1c090aba7b11c99474cd3d48dcd1f.jpg,f443b22bd5e5d681445463fb465c0c73d3e1c090aba7b11c99474cd3d48dcd1f,1f7cabfcd47963d3f707d8687298e8a5fd1918cf3ccca8b60e1e38a954d767ee,Jakub,Jakub/19_4hotove,D:\temp\Dropbox\projects\NAZV2026\Anotacie\hotove_anotacie\Jakub\19_4hotove\DJI_0803_W_16.JPG,D:\temp\Dropbox\projects\NAZV2026\Anotacie\hotove_anotacie\Jakub\19_4hotove\DJI_0803_W_16.json,D:\temp\Dropbox\projects\NAZV2026\Anotacie\hotove_anotacie\Jakub\19_4hotove\DJI_0803_W_16.JPG,D:\temp\Dropbox\projects\NAZV2026\Anotacie\hotove_anotacie\Jakub\19_4hotove\DJI_0803_W_16.json,105c808707bbb767eaf7264e257629c75daf5c2abb69cb10df1e938b1d8d2bd4,D:\TreeDetector\data_staging\benchmark_v5\approved_generations\0ad51183d8d6120b_47dc9d42466b1922\annotations\f443b22bd5e5d681.json,d949be26bee7135f9d37ee58be802e918dd63e112190764de2d340da1c41c488,train,dji_0803_w,1024,1024,14,5,19,19
f5500cc2df2147edf100e29b395752c64230b639b4109b6c900c629aa8408643,f5500cc2df2147edf100e29b395752c64230b639b4109b6c900c629aa8408643.jpg,f5500cc2df2147edf100e29b395752c64230b639b4109b6c900c629aa8408643,8ff5af6232ca068bfbd205bba7f21fe4dd7865224bf5826523f3c29547c59be8,oliver,oliver/19_4_2026_plocha1_titles_1024_part1_Oliver_Surovy_NTB,D:\temp\Dropbox\projects\NAZV2026\Anotacie\hotove_anotacie\oliver\19_4_2026_plocha1_titles_1024_part1_Oliver_Surovy_NTB\DJI_0067_W_0.JPG,D:\temp\Dropbox\projects\NAZV2026\Anotacie\hotove_anotacie\oliver\19_4_2026_plocha1_titles_1024_part1_Oliver_Surovy_NTB\DJI_0067_W_0.json,D:\temp\Dropbox\projects\NAZV2026\Anotacie\hotove_anotacie\oliver\19_4_2026_plocha1_titles_1024_part1_Oliver_Surovy_NTB\DJI_0067_W_0.JPG,D:\temp\Dropbox\projects\NAZV2026\Anotacie\hotove_anotacie\oliver\19_4_2026_plocha1_titles_1024_part1_Oliver_Surovy_NTB\DJI_0067_W_0.json,5475c93d03da30426005017e332eee52cec1ec1f156c8de62bb8ce33bf8d5901,D:\TreeDetector\data_staging\benchmark_v5\approved_generations\0ad51183d8d6120b_47dc9d42466b1922\annotations\f5500cc2df2147ed.json,1b0296dfd6d29314b40b833438d1f45540262a4dbefe932d4bd031ab180d3b0f,test,dji_0067_w,1024,1024,24,0,24,24
f6a41f743b130dcb2b696160f16562d9d0bfb699d0ab720949c1e37bdaa42042,f6a41f743b130dcb2b696160f16562d9d0bfb699d0ab720949c1e37bdaa42042.jpg,f6a41f743b130dcb2b696160f16562d9d0bfb699d0ab720949c1e37bdaa42042,4446fdc24ad22d77c4f84d6b7467531d83797c965b84b286f47bb3da085bf4ac,oliver,oliver/19_4_2026_plocha1_titles_1024_part1_Oliver_Surovy_NTB,D:\temp\Dropbox\projects\NAZV2026\Anotacie\hotove_anotacie\oliver\19_4_2026_plocha1_titles_1024_part1_Oliver_Surovy_NTB\DJI_0063_W_37.JPG,D:\temp\Dropbox\projects\NAZV2026\Anotacie\hotove_anotacie\oliver\19_4_2026_plocha1_titles_1024_part1_Oliver_Surovy_NTB\DJI_0063_W_37.json,D:\temp\Dropbox\projects\NAZV2026\Anotacie\hotove_anotacie\oliver\19_4_2026_plocha1_titles_1024_part1_Oliver_Surovy_NTB\DJI_0063_W_37.JPG,D:\temp\Dropbox\projects\NAZV2026\Anotacie\hotove_anotacie\oliver\19_4_2026_plocha1_titles_1024_part1_Oliver_Surovy_NTB\DJI_0063_W_37.json,6b7fc2b6503aa3b20b3442b01e3ad1fbd84da14ca5dffb33627a1498ae2ed77d,D:\TreeDetector\data_staging\benchmark_v5\approved_generations\0ad51183d8d6120b_47dc9d42466b1922\annotations\f6a41f743b130dcb.json,a0a6cf57baf6cf2428e7cefe54fea02dd7eafbc322bd372a8d8c65f212b89f0b,train,dji_0063_w,1024,1024,18,6,24,24
f7c86e6232a232de70e51b6b7ed0f54ccf3c834d65381efb3c4430b1aa8d213c,f7c86e6232a232de70e51b6b7ed0f54ccf3c834d65381efb3c4430b1aa8d213c.jpg,f7c86e6232a232de70e51b6b7ed0f54ccf3c834d65381efb3c4430b1aa8d213c,8db2be8055d46551facba832049980a7e083d5438344a07c71f0c050cd88df27,oliver,oliver/19_4_Plocha_1_part1,D:\temp\Dropbox\projects\NAZV2026\Anotacie\hotove_anotacie\oliver\19_4_Plocha_1_part1\DJI_0061_W_22.JPG,D:\temp\Dropbox\projects\NAZV2026\Anotacie\hotove_anotacie\oliver\19_4_Plocha_1_part1\DJI_0061_W_22.json,D:\temp\Dropbox\projects\NAZV2026\Anotacie\hotove_anotacie\oliver\19_4_Plocha_1_part1\DJI_0061_W_22.JPG,D:\temp\Dropbox\projects\NAZV2026\Anotacie\hotove_anotacie\oliver\19_4_Plocha_1_part1\DJI_0061_W_22.json,b6052bbb476c8c251517f5a916481d5dd23918531fc8bea2fb0f2d413fd697a9,D:\TreeDetector\data_staging\benchmark_v5\approved_generations\0ad51183d8d6120b_47dc9d42466b1922\annotations\f7c86e6232a232de.json,6f750b7b3872c65c6b8bdc3324d41fcf97c4c69d722de56b763eda293766b7ac,train,dji_0061_w,1024,1024,13,0,13,13
f7d9b3fd4b29011609b40f1a59ea1561546f543204ca31ee13b20e933c4f3083,f7d9b3fd4b29011609b40f1a59ea1561546f543204ca31ee13b20e933c4f3083.jpg,f7d9b3fd4b29011609b40f1a59ea1561546f543204ca31ee13b20e933c4f3083,995f4756d3e2eece8679677a4939597d4ba406598728de429ccb68ee6906c9dc,Matej,Matej/19_4_2026_plocha1_part2_opravene,D:\temp\Dropbox\projects\NAZV2026\Anotacie\hotove_anotacie\Matej\19_4_2026_plocha1_part2_opravene\DJI_0261_W_9.jpg,D:\temp\Dropbox\projects\NAZV2026\Anotacie\hotove_anotacie\Matej\19_4_2026_plocha1_part2_opravene\DJI_0261_W_9.json,D:\temp\Dropbox\projects\NAZV2026\Anotacie\hotove_anotacie\Matej\19_4_2026_plocha1_part2_opravene\DJI_0261_W_9.jpg,D:\temp\Dropbox\projects\NAZV2026\Anotacie\hotove_anotacie\Matej\19_4_2026_plocha1_part2_opravene\DJI_0261_W_9.json,892fe97d6519c56c212d7fd0d7baadab31ae492c6d9db5f9d467ab39ee8c6ed1,D:\TreeDetector\data_staging\benchmark_v5\approved_generations\0ad51183d8d6120b_47dc9d42466b1922\annotations\f7d9b3fd4b290116.json,e0596942e30d4b4a7cce1e2e6d9e6095e7b78724725a5c7c3a9d304616ecf222,train,dji_0261_w,1024,1024,1,0,1,1
f80d7741d32ef4149d772fb20cc051daa991785eb802e1d767210223d92f1f9f,f80d7741d32ef4149d772fb20cc051daa991785eb802e1d767210223d92f1f9f.jpg,f80d7741d32ef4149d772fb20cc051daa991785eb802e1d767210223d92f1f9f,4312ab5d1f715ac8b8c7be1def37e6eae48edab669951b015ca994a95f4344c7,oliver,oliver/hotove-stromceky,D:\temp\Dropbox\projects\NAZV2026\Anotacie\hotove_anotacie\oliver\hotove-stromceky\DJI_0061_W_37.JPG,D:\temp\Dropbox\projects\NAZV2026\Anotacie\hotove_anotacie\oliver\hotove-stromceky\DJI_0061_W_37.json,D:\temp\Dropbox\projects\NAZV2026\Anotacie\hotove_anotacie\oliver\hotove-stromceky\DJI_0061_W_37.JPG,D:\temp\Dropbox\projects\NAZV2026\Anotacie\hotove_anotacie\oliver\hotove-stromceky\DJI_0061_W_37.json,d94591d51561343737025f918843f615e12fd2a25d0784064a99b44da23387a6,D:\TreeDetector\data_staging\benchmark_v5\approved_generations\0ad51183d8d6120b_47dc9d42466b1922\annotations\f80d7741d32ef414.json,b7a435a4580ceba619c252bc83ed8b16c9bed14621097582b7fa4cc9ea75ad6c,train,dji_0061_w,1024,1024,30,0,30,30
f8786b4045ccb3421247c7e5f13bb9fd462fed09260802985c27d964358ac7e0,f8786b4045ccb3421247c7e5f13bb9fd462fed09260802985c27d964358ac7e0.jpg,f8786b4045ccb3421247c7e5f13bb9fd462fed09260802985c27d964358ac7e0,cb1df9538cebe9260c3c9799f7d087e3a1767dd37f96aeef9f159644e8e15e55,Jakub,Jakub/19_4hotove,D:\temp\Dropbox\projects\NAZV2026\Anotacie\hotove_anotacie\Jakub\19_4hotove\DJI_0799_W_10.JPG,D:\temp\Dropbox\projects\NAZV2026\Anotacie\hotove_anotacie\Jakub\19_4hotove\DJI_0799_W_10.json,D:\temp\Dropbox\projects\NAZV2026\Anotacie\hotove_anotacie\Jakub\19_4hotove\DJI_0799_W_10.JPG,D:\temp\Dropbox\projects\NAZV2026\Anotacie\hotove_anotacie\Jakub\19_4hotove\DJI_0799_W_10.json,59a1502dfe149b161a65d3ada9cac3bc0f92e18031547a5d0fec2a9640b6cb6c,D:\TreeDetector\data_staging\benchmark_v5\approved_generations\0ad51183d8d6120b_47dc9d42466b1922\annotations\f8786b4045ccb342.json,75e6b809beb7be4d81001d0a3b43ce708561c220f902c50eb7da45f3d4ca1221,val,dji_0799_w,1024,1024,15,5,20,20
fa92c73a14b97fec8e0e702a401499dd63b4fcffc1a550f2e599b0d5c9ababeb,fa92c73a14b97fec8e0e702a401499dd63b4fcffc1a550f2e599b0d5c9ababeb.jpg,fa92c73a14b97fec8e0e702a401499dd63b4fcffc1a550f2e599b0d5c9ababeb,cf832d24ff0ac78bef7eca60d3bca4d1af998d91dc3ac504e6eec9426d8724f1,Matej,Matej/19_4_2026_plocha1_part2_opravene,D:\temp\Dropbox\projects\NAZV2026\Anotacie\hotove_anotacie\Matej\19_4_2026_plocha1_part2_opravene\DJI_0261_W_16.jpg,D:\temp\Dropbox\projects\NAZV2026\Anotacie\hotove_anotacie\Matej\19_4_2026_plocha1_part2_opravene\DJI_0261_W_16.json,D:\temp\Dropbox\projects\NAZV2026\Anotacie\hotove_anotacie\Matej\19_4_2026_plocha1_part2_opravene\DJI_0261_W_16.jpg,D:\temp\Dropbox\projects\NAZV2026\Anotacie\hotove_anotacie\Matej\19_4_2026_plocha1_part2_opravene\DJI_0261_W_16.json,6701cc8833bf092697c4e979edcd0665db1ce0fe5999875ecc3f5488f282d5a8,D:\TreeDetector\data_staging\benchmark_v5\approved_generations\0ad51183d8d6120b_47dc9d42466b1922\annotations\fa92c73a14b97fec.json,70c8c47ceee4161e08dfec6d0efccb1d629ab71fe0020f27e24a7cacd811f56f,train,dji_0261_w,1024,1024,12,0,12,12
fd857649cb4c95ca667b0bbfcc7abfaed4f2a82de72980c9e09c9b9af7fa392e,fd857649cb4c95ca667b0bbfcc7abfaed4f2a82de72980c9e09c9b9af7fa392e.jpg,fd857649cb4c95ca667b0bbfcc7abfaed4f2a82de72980c9e09c9b9af7fa392e,e8711ed89ad538c66dd0c7fd6041fd8ba7e49fbbbdcabbf7e4064f4d5fc252c4,Matej,Matej/19_4_2026_plocha1_part2_opravene,D:\temp\Dropbox\projects\NAZV2026\Anotacie\hotove_anotacie\Matej\19_4_2026_plocha1_part2_opravene\DJI_0263_W_13.jpg,D:\temp\Dropbox\projects\NAZV2026\Anotacie\hotove_anotacie\Matej\19_4_2026_plocha1_part2_opravene\DJI_0263_W_13.json,D:\temp\Dropbox\projects\NAZV2026\Anotacie\hotove_anotacie\Matej\19_4_2026_plocha1_part2_opravene\DJI_0263_W_13.jpg,D:\temp\Dropbox\projects\NAZV2026\Anotacie\hotove_anotacie\Matej\19_4_2026_plocha1_part2_opravene\DJI_0263_W_13.json,77e0e74b47b16c5e436eba228d7ba93c6b93ca1337c32494b5681813a6a04adb,D:\TreeDetector\data_staging\benchmark_v5\approved_generations\0ad51183d8d6120b_47dc9d42466b1922\annotations\fd857649cb4c95ca.json,f8d3ab821c84287e62bfabf8049380c9f2102cdb878bd71cbf0b7afbad198df4,train,dji_0263_w,1024,1024,3,0,3,3
